_id,Agency,City,Vehicles Involved,Trailers Involved,Number Injured,Number Dead,Number Deer,House Number,Roadway Interchange,Roadway Ramp,Roadway Id,Intersecting Road,Interchange,Feet From,Direction,Latitude,Longitude,Roadway Class,Hit and Run?,Locality,School Zone?,Rumble Strips?,Construction?,Construction Type,Light Condition,Weather Conditions,Surface Condition,Type of Median,Roadway Junction Type,Road Character,Roadway Surface,Primary Factor,Manner of Collision,Unique Location Id,Traffic Control,DateTime
136,BLOOMINGTON PD,BLOOMINGTON,2,,0,0,0,,,,N COLLEGE AVE,W 10TH ST,,0.0,,39.17165812,-86.53484194,LOCAL/CITY ROAD,,URBAN,N,N,N,,DAYLIGHT,CLEAR,DRY,,FOUR-WAY INTERSECTION,,ASPHALT,UNSAFE BACKING,BACKING CRASH,W10THSTNCOLLEGEAVE,,2022-03-30 13:47:00
137,BLOOMINGTON PD,BLOOMINGTON,2,,0,0,0,505,,,S MULLER PKWY,,,0.0,,39.16025201,-86.5678524,PRIVATE DRIVE,,URBAN,N,N,N,,DAYLIGHT,CLEAR,DRY,,NO JUNCTION INVOLVED,,ASPHALT,OTHER (DRIVER) - EXPLAIN IN NARRATIVE,BACKING CRASH,SMULLERPKWY,,2022-04-23 17:00:00
138,MONROE SD,BLOOMINGTON,2,,2,0,0,,,,W STATE RD 45,W AIRPORT RD,,0.0,,39.13635896,-86.59451284,STATE ROAD,,RURAL,N,N,N,,DARK (NOT LIGHTED),RAIN,WET,,FOUR-WAY INTERSECTION,,ASPHALT,DRIVER DISTRACTED - EXPLAIN IN NARRATIVE,REAR END,WSTATERD45WAIRPORTRD,,2022-03-24 21:00:00
139,INDIANA UNIV BLOOMINGTON PD,BLOOMINGTON,2,,0,0,0,,,,E 8TH ST,,,0.0,,39.16931367,-86.52296531,,,URBAN,N,N,N,,DAYLIGHT,CLEAR,DRY,,NO JUNCTION INVOLVED,,ASPHALT,UNSAFE BACKING,BACKING CRASH,E8THST,,2022-02-01 13:15:00
140,MONROE SD,BLOOMINGTON,2,,1,0,0,,,,N CURRY PIKE,W PROFILE PKW,,0.0,,39.17196011,-86.58307497,LOCAL/CITY ROAD,,URBAN,N,N,N,,DAYLIGHT,CLEAR,DRY,,FOUR-WAY INTERSECTION,,ASPHALT,DRIVER DISTRACTED - EXPLAIN IN NARRATIVE,REAR END,WPROFILEPKWNCURRYPIKE,,2022-03-11 01:47:00
141,MONROE SD,BLOOMINGTON,1,,0,0,0,,,,W FULLERTON PIKE,S ROCKPORT RD,,0.0,,39.12217037,-86.5622245,COUNTY ROAD,,RURAL,N,N,N,,DARK (NOT LIGHTED),CLEAR,DRY,,T-INTERSECTION,,ASPHALT,ANIMAL/OBJECT IN ROADWAY,RAN OFF ROAD,WFULLERTONPIKESROCKPORTRD,,2022-03-10 00:10:00
142,BLOOMINGTON PD,BLOOMINGTON,2,,0,0,0,,,,W BLOOMFIELD RD,S LANDMARK AVE,,0.0,,39.15999792,-86.55386603,LOCAL/CITY ROAD,,URBAN,N,N,N,,DAYLIGHT,CLEAR,DRY,,FOUR-WAY INTERSECTION,,ASPHALT,FOLLOWING TOO CLOSELY,REAR END,WBLOOMFIELDRDSLANDMARKAVE,,2022-03-17 15:50:00
143,BLOOMINGTON PD,BLOOMINGTON,2,,0,0,0,,,,W COUNTRY CLUB DR,S ROGERS ST,,0.0,,39.13608446,-86.53836506,LOCAL/CITY ROAD,,URBAN,N,N,N,,DAYLIGHT,RAIN,WET,,FOUR-WAY INTERSECTION,,CONCRETE,FOLLOWING TOO CLOSELY,REAR END,WCOUNTRYCLUBDRSROGERSST,,2022-03-18 12:30:00
144,BLOOMINGTON PD,BLOOMINGTON,2,,0,0,0,,,,W 1ST ST,S COLLEGE AVE,,0.0,,39.15937943,-86.53499311,LOCAL/CITY ROAD,,URBAN,N,N,N,,DAYLIGHT,CLEAR,DRY,,FOUR-WAY INTERSECTION,,CONCRETE,DISREGARD SIGNAL/REG SIGN,RIGHT ANGLE,W1STSTSCOLLEGEAVE,,2022-05-22 13:30:00
145,INDIANA UNIV BLOOMINGTON PD,BLOOMINGTON,2,,0,0,0,,,,N JORDAN AVE,E 7TH ST,,370.0,,39.16818876,-86.51612646,LOCAL/CITY ROAD,,URBAN,N,N,N,,UNKNOWN,CLOUDY,DRY,,T-INTERSECTION,,ASPHALT,FAILURE TO YIELD RIGHT OF WAY,RIGHT ANGLE,NJORDANAVEE7THST,,2022-03-07 13:00:00
146,BLOOMINGTON PD,BLOOMINGTON,2,,0,0,0,115,,,STATE RD 46,,,0.0,,39.16550615,-86.49826295,LOCAL/CITY ROAD,,URBAN,N,N,N,,DAYLIGHT,CLEAR,DRY,,NO JUNCTION INVOLVED,,ASPHALT,IMPROPER TURNING,LEFT TURN,STATERD46,,2022-02-13 00:00:00
147,BLOOMINGTON PD,BLOOMINGTON,2,,0,0,0,,,,W BLOOMFIELD RD,S STONE DR,,0.0,,39.15047886,-86.56817026,LOCAL/CITY ROAD,,URBAN,N,N,N,,DAYLIGHT,CLEAR,DRY,,NO JUNCTION INVOLVED,,ASPHALT,IMPROPER LANE USAGE,SAME DIRECTION SIDESWIPE,WBLOOMFIELDRDSSTONEDR,,2022-01-10 08:50:00
148,MONROE SD,BLOOMINGTON,1,,0,0,0,,,,S ROGERS ST,W CHURCH LN,,0.0,,39.10598514,-86.54023584,LOCAL/CITY ROAD,,RURAL,N,N,N,,DARK (NOT LIGHTED),CLOUDY,DRY,,NO JUNCTION INVOLVED,,ASPHALT,OTHER (DRIVER) - EXPLAIN IN NARRATIVE,RAN OFF ROAD,WCHURCHLNSROGERSST,,2022-05-01 22:30:00
149,BLOOMINGTON PD,BLOOMINGTON,3,,0,0,0,,,,W TAPP RD,S ROCKPORT RD,,0.0,,39.13638569,-86.54881895,LOCAL/CITY ROAD,,URBAN,N,N,N,,DAYLIGHT,CLEAR,DRY,,FOUR-WAY INTERSECTION,,ASPHALT,DISREGARD SIGNAL/REG SIGN,LEFT TURN,WTAPPRDSROCKPORTRD,,2022-01-30 15:34:00
150,BLOOMINGTON PD,BLOOMINGTON,2,,1,0,0,2701,,,E 3RD ST,,,0.0,,39.16521304,-86.49862354,LOCAL/CITY ROAD,,URBAN,N,N,N,,DAYLIGHT,CLEAR,DRY,,FOUR-WAY INTERSECTION,,ASPHALT,FAILURE TO YIELD RIGHT OF WAY,SAME DIRECTION SIDESWIPE,E3RDST,,2022-01-26 13:48:00
151,BLOOMINGTON PD,BLOOMINGTON,2,,0,0,0,,,,N JACKSON ST,W 7TH ST,,25.0,,39.16856426,-86.53985891,LOCAL/CITY ROAD,,URBAN,N,N,N,,DAYLIGHT,CLEAR,DRY,,NO JUNCTION INVOLVED,,ASPHALT,FAILURE TO MAINTAIN LANE,OPPOSITE DIRECTION SIDESWIPE,W7THSTNJACKSONST,,2022-04-14 16:45:00
152,INDIANA UNIV BLOOMINGTON PD,BLOOMINGTON,2,,0,0,0,,,,STATE RD 45,WALKWAY,,528.0,,39.17427728,-86.50383658,STATE ROAD,,URBAN,N,N,N,,DAYLIGHT,CLEAR,DRY,,NO JUNCTION INVOLVED,,ASPHALT,UNSAFE SPEED,REAR END,WALKWAYSTATERD45,,2022-04-19 15:10:00
153,BLOOMINGTON PD,BLOOMINGTON,2,,0,0,0,,,,E COVENANTER DR,S COLLEGE MALL RD,,0.0,,39.15516457,-86.49742088,LOCAL/CITY ROAD,,URBAN,N,N,N,,DAYLIGHT,CLEAR,ICE,,FOUR-WAY INTERSECTION,,ASPHALT,FAILURE TO YIELD RIGHT OF WAY,RIGHT ANGLE,SCOLLEGEMALLRDECOVENANTERDR,,2022-02-09 10:23:00
154,BLOOMINGTON PD,BLOOMINGTON,4,,1,0,0,,,,W S.R. 45/46,N OLD STATE ROAD 37,,53.0,,39.18640979,-86.53498954,STATE ROAD,,RURAL,N,N,N,,DAYLIGHT,RAIN,WET,,NO JUNCTION INVOLVED,,CONCRETE,FOLLOWING TOO CLOSELY,REAR END,WS.R.45/46NOLDSTATEROAD37,,2022-04-18 05:44:00
155,BLOOMINGTON PD,BLOOMINGTON,2,,1,0,0,,,,S WALNUT ST BLOOMINGTON IN,E RHORE RD,,0.0,,0.0,0.0,LOCAL/CITY ROAD,,URBAN,N,N,N,,DAYLIGHT,CLOUDY,DRY,,NO JUNCTION INVOLVED,,ASPHALT,FAILURE TO MAINTAIN LANE,HEAD ON BETWEEN TWO MOTOR VEHICLES,SWALNUTSTBLOOMINGTONINERHORERD,,2022-02-09 16:56:00
156,INDIANA UNIV BLOOMINGTON PD,BLOOMINGTON,1,,0,0,0,,,,E 10TH ST,ACCESS DRIVE TO HILLTOP GARDEN,,898.0,,39.17156787,-86.5067803,LOCAL/CITY ROAD,,URBAN,N,N,N,,DARK (NOT LIGHTED),CLEAR,WET,,NO JUNCTION INVOLVED,,ASPHALT,SPEED TOO FAST FOR WEATHER CONDITIONS,RAN OFF ROAD,E10THSTACCESSDRIVETOHILLTOPGARDENS,,2022-04-01 00:40:00
157,BLOOMINGTON PD,BLOOMINGTON,2,,0,0,0,,,,W 2ND ST,S WALNUT ST,,0.0,,39.16023727,-86.53303801,LOCAL/CITY ROAD,,URBAN,N,N,N,,DAYLIGHT,CLOUDY,WET,,FOUR-WAY INTERSECTION,,ASPHALT,DISREGARD SIGNAL/REG SIGN,RIGHT ANGLE,W2NDSTSWALNUTST,,2022-04-18 10:00:00
158,INDIANA UNIV BLOOMINGTON PD,BLOOMINGTON,2,,0,0,0,2651,,,EAST DISCOVERY PARKWAY,,,0.0,,39.17796164,-86.50077906,PRIVATE DRIVE,,URBAN,N,N,N,,DARK (LIGHTED),CLEAR,DRY,,NO JUNCTION INVOLVED,,ASPHALT,UNSAFE BACKING,BACKING CRASH,EASTDISCOVERYPARKWAY,,2022-02-26 23:50:00
159,MONROE SD,BLOOMINGTON,2,,2,0,0,,,,S OLD STATE ROAD 37,STATE RD 37,,0.0,,39.08529253,-86.54271788,STATE ROAD,,RURAL,N,N,N,,DAYLIGHT,RAIN,WET,,FOUR-WAY INTERSECTION,,ASPHALT,DISREGARD SIGNAL/REG SIGN,RIGHT ANGLE,STATERD37SOLDSTATEROAD37,,2022-04-25 09:45:00
160,BLOOMINGTON PD,BLOOMINGTON,2,,0,0,0,,,,700 BLK W. COUNTRY CLUB DR,S. MILTON DR,,500.0,,,,LOCAL/CITY ROAD,,URBAN,N,N,N,,DAYLIGHT,RAIN,WET,,NO JUNCTION INVOLVED,,ASPHALT,FOLLOWING TOO CLOSELY,REAR END,S.MILTONDR700BLKW.COUNTRYCLUBDR,,2022-04-05 08:55:00
161,BLOOMINGTON PD,BLOOMINGTON,2,,0,0,0,,,,W 3RD ST,S LIBERTY DR,,0.0,,39.16462034,-86.57914233,LOCAL/CITY ROAD,,URBAN,N,N,N,,DAYLIGHT,CLEAR,DRY,,FOUR-WAY INTERSECTION,,ASPHALT,FAILURE TO MAINTAIN LANE,HEAD ON BETWEEN TWO MOTOR VEHICLES,W3RDSTSLIBERTYDR,,2022-04-07 18:41:00
162,BLOOMINGTON PD,BLOOMINGTON,2,,0,0,0,3900,,,E 3RD ST,,,0.0,,39.16423523,-86.47952803,PRIVATE DRIVE,,URBAN,N,N,N,,DARK (LIGHTED),CLOUDY,DRY,,NO JUNCTION INVOLVED,,ASPHALT,UNSAFE BACKING,BACKING CRASH,E3RDST,,2022-04-28 21:10:00
163,MONROE SD,BLOOMINGTON,2,,0,0,0,,,,STATE RD 46,STATE RD 46,,0.0,,39.15262378,-86.37094568,STATE ROAD,,RURAL,N,N,N,,DAYLIGHT,CLEAR,DRY,,NO JUNCTION INVOLVED,,ASPHALT,FAILURE TO MAINTAIN LANE,RAN OFF ROAD,STATERD46STATERD46,,2022-05-11 16:28:00
164,MONROE SD,BLOOMINGTON,1,0.0,0,0,0,,,,E RHORER,S DEERFIELD,,,,39.121467,-86.504609,LOCAL/CITY ROAD,N,URBAN,N,N,N,,DARK (NOT LIGHTED),CLEAR,DRY,,NO JUNCTION INVOLVED,STRAIGHT/GRADE,ASPHALT,RAN OFF ROAD RIGHT,RAN OFF ROAD,ERHORERRDSDEERFIELDDR,LANE CONTROL,2022-01-12 04:24:00
165,INDIANA UNIV BLOOMINGTON PD,BLOOMINGTON,3,0.0,0,0,0,,,,SR46,E LINGELBACH,,,,0.0,0.0,STATE ROAD,N,URBAN,N,N,N,,DAYLIGHT,CLEAR,DRY,,NO JUNCTION INVOLVED,STRAIGHT/LEVEL,ASPHALT,FOLLOWING TOO CLOSELY,REAR END,ELINGELBACHLNSR46,NONE,2022-01-11 15:15:00
166,MONROE SD,BLOOMINGTON,2,0.0,0,0,0,3785,,,3585 WEST STATE ROAD 46,,,,,39.208682,-86.582335,OTHER,Y,URBAN,N,N,N,,DARK (LIGHTED),CLEAR,DRY,,NO JUNCTION INVOLVED,NON-ROADWAY CRASH,ASPHALT,UNSAFE BACKING,BACKING CRASH,3585WESTSTATEROAD46HWY,NONE,2022-01-10 00:26:00
167,ELLETTSVILLE PD,ELLETTSVILLE,2,0.0,0,0,0,,,,SR46W,SALE,,,,39.23384,-86.624704,STATE ROAD,N,URBAN,N,N,N,,DAYLIGHT,CLEAR,DRY,,NO JUNCTION INVOLVED,STRAIGHT/LEVEL,ASPHALT,FOLLOWING TOO CLOSELY,REAR END,SALESTSR46W,TRAFFIC CONTROL SIGNAL,2022-02-25 07:42:00
168,ELLETTSVILLE PD,ELLETTSVILLE,1,0.0,0,0,1,,,,SR46W,DEER PARK,,100.0,W,39.21215347,-86.58752598,STATE ROAD,N,URBAN,N,N,N,,DARK (LIGHTED),CLOUDY,DRY,,NO JUNCTION INVOLVED,STRAIGHT/LEVEL,ASPHALT,ANIMAL/OBJECT IN ROADWAY,COLLISION WITH DEER,DEERPARKDRSR46W,NONE,2022-04-15 20:45:00
169,ELLETTSVILLE PD,ELLETTSVILLE,2,0.0,0,0,0,,,,TEMPERANCE,MATTHEWS,,,,39.234768,-86.626384,LOCAL/CITY ROAD,N,URBAN,N,N,N,,DAYLIGHT,CLEAR,DRY,,T-INTERSECTION,STRAIGHT/HILLCREST,ASPHALT,DRIVER DISTRACTED - EXPLAIN IN NARRATIVE,REAR END,MATTHEWSDRTEMPERANCEST,NONE,2022-03-01 14:46:00
170,ELLETTSVILLE PD,ELLETTSVILLE,2,0.0,0,0,0,,,,WALNUT,ASSOCIATION,,,,39.234688,-86.62792,LOCAL/CITY ROAD,N,URBAN,N,N,N,,DAYLIGHT,SNOW,SNOW/SLUSH,,T-INTERSECTION,STRAIGHT/GRADE,ASPHALT,ROADWAY SURFACE CONDITION,REAR END,ASSOCIATIONSTWALNUTST,STOP SIGN,2022-01-28 13:07:00
171,BLOOMINGTON PD,BLOOMINGTON,2,,0,0,0,,,,2300 N. WALNUT ST,,,0.0,,0.0,0.0,LOCAL/CITY ROAD,,URBAN,N,N,N,,DAYLIGHT,CLEAR,DRY,,NO JUNCTION INVOLVED,,ASPHALT,UNSAFE BACKING,BACKING CRASH,2300N.WALNUTST,,2022-01-25 12:46:00
172,ISP BLOOMINGTON 33,BLOOMINGTON,2,,0,0,0,,,,I69,,,0.0,,39.22992871,-86.54387426,INTERSTATE,,RURAL,N,N,N,,DARK (NOT LIGHTED),RAIN,WET,,NO JUNCTION INVOLVED,,ASPHALT,UNSAFE LANE MOVEMENT,SAME DIRECTION SIDESWIPE,I69123,,2022-01-01 18:20:00
173,ISP BLOOMINGTON 33,BLOOMINGTON,2,,0,0,0,,,,S STRAIN RIDGE RD,E MONROE DAM RD,,0.0,,39.01856868,-86.52274935,LOCAL/CITY ROAD,,RURAL,N,N,N,,DAWN/DUSK,CLEAR,ICE,,NO JUNCTION INVOLVED,,ASPHALT,,REAR END,SSTRAINRIDGERDEMONROEDAMRD,,2022-01-17 08:00:00
174,BLOOMINGTON PD,BLOOMINGTON,2,,0,0,0,,,,N MAPLE ST,W 15TH ST,,317.0,,39.17606271,-86.542067,LOCAL/CITY ROAD,,URBAN,N,N,N,,DAYLIGHT,CLEAR,DRY,,NO JUNCTION INVOLVED,,ASPHALT,UNSAFE BACKING,RIGHT ANGLE,W15THSTNMAPLEST,,2022-04-14 14:35:00
175,INDIANA UNIV BLOOMINGTON PD,BLOOMINGTON,1,,0,0,0,,,,N UNION ST,E LAW LN,,0.0,,39.17338525,-86.50971866,LOCAL/CITY ROAD,,URBAN,N,N,N,,DARK (LIGHTED),CLOUDY,ICE,,NO JUNCTION INVOLVED,,ASPHALT,SPEED TOO FAST FOR WEATHER CONDITIONS,RAN OFF ROAD,NUNIONSTELAWLN,,2022-01-18 06:15:00
176,MONROE SD,ELLETTSVILLE,1,,0,0,0,,,,W MCNEELY ST,N LIMESTONE DR,,0.0,,39.23774,-86.608896,COUNTY ROAD,,RURAL,N,N,N,,DAYLIGHT,CLEAR,WET,,T-INTERSECTION,,ASPHALT,IMPROPER TURNING,LEFT TURN,WMCNEELYSTNLIMESTONEDR,,2022-01-23 14:00:00
177,ISP BLOOMINGTON 33,BLOOMINGTON,2,,0,0,0,,,,S LEONARD SPRINGS RD,W TAPP RD,,0.0,,39.1368367,-86.58260993,LOCAL/CITY ROAD,,URBAN,N,N,N,,DAYLIGHT,SNOW,SNOW/SLUSH,,T-INTERSECTION,,ASPHALT,FOLLOWING TOO CLOSELY,REAR END,WTAPPRDSLEONARDSPRINGSRD,,2022-01-28 13:10:00
178,MONROE SD,ARLINGTON(MONROE),1,,0,0,0,4009,,,S OLD STATE ROAD 37,,,0.0,,39.12091309,-86.52974471,LOCAL/CITY ROAD,,URBAN,N,N,N,,DAYLIGHT,CLEAR,DRY,,NO JUNCTION INVOLVED,,ASPHALT,DRIVER ILLNESS,RAN OFF ROAD,SOLDSTATEROAD37,,2022-01-15 12:36:00
179,MONROE SD,BLOOMINGTON,2,,0,0,0,,,,S OLD STATE ROAD 37,,,0.0,,39.12031586,-86.53044991,LOCAL/CITY ROAD,,URBAN,N,N,N,,DAYLIGHT,CLEAR,DRY,,NO JUNCTION INVOLVED,,ASPHALT,UNSAFE BACKING,BACKING CRASH,SOLDSTATEROAD37,,2022-01-22 12:32:00
180,BLOOMINGTON PD,BLOOMINGTON,2,,0,0,0,,,,W BLOOMFIELD RD,S PATTERSON DR,,0.0,,39.16074934,-86.54848558,LOCAL/CITY ROAD,,URBAN,N,N,N,,DARK (LIGHTED),CLEAR,DRY,,FOUR-WAY INTERSECTION,,ASPHALT,IMPROPER TURNING,LEFT/RIGHT TURN,WBLOOMFIELDRDSPATTERSONDR,,2022-01-14 05:00:00
181,BLOOMINGTON PD,BLOOMINGTON,3,,1,0,0,,,,W GOURLEY PIKE,N MONROE ST,,0.0,,39.18644166,-86.54663749,,,URBAN,N,N,N,,DAYLIGHT,CLEAR,DRY,,FOUR-WAY INTERSECTION,,ASPHALT,FAILURE TO YIELD RIGHT OF WAY,RIGHT ANGLE,WGOURLEYPIKENMONROEST,,2022-01-21 13:40:00
182,BLOOMINGTON PD,BLOOMINGTON,1,,0,0,0,,,,E ROGERS RD,S SARE RD,,0.0,,39.13596293,-86.49657316,LOCAL/CITY ROAD,,RURAL,N,N,N,,DARK (NOT LIGHTED),CLEAR,DRY,,TRAFFIC CIRCLE/ROUNDABOUT,,ASPHALT,OTHER (DRIVER) - EXPLAIN IN NARRATIVE,RAN OFF ROAD,SSARERDEROGERSRD,,2022-01-25 01:38:00
183,MONROE SD,BLOOMINGTON,2,,0,0,0,,,,N SMITH PIKE,PROFILE PKWY,,792.0,,39.17590327,-86.58303668,LOCAL/CITY ROAD,,URBAN,N,N,N,,DAYLIGHT,SNOW,SNOW/SLUSH,,NO JUNCTION INVOLVED,,ASPHALT,DRIVER DISTRACTED - EXPLAIN IN NARRATIVE,REAR END,PROFILEPKWYNSMITHPIKE,,2022-01-24 13:54:00
184,BLOOMINGTON PD,BLOOMINGTON,2,,0,0,0,,,,S WALNUT ST,E VERMILYA ST,,0.0,,39.14898192,-86.53326917,LOCAL/CITY ROAD,,URBAN,N,N,N,,DARK (LIGHTED),CLEAR,DRY,,T-INTERSECTION,,ASPHALT,IMPROPER LANE USAGE,REAR END,SWALNUTSTEVERMILYAST,,2022-01-14 19:26:00
185,INDIANA UNIV BLOOMINGTON PD,BLOOMINGTON,2,,0,0,0,815,,,N JORDAN AVE,,,0.0,,39.1747181,-86.51552028,LOCAL/CITY ROAD,,URBAN,N,N,N,,DAYLIGHT,CLEAR,DRY,,NO JUNCTION INVOLVED,,ASPHALT,OTHER (DRIVER) - EXPLAIN IN NARRATIVE,SAME DIRECTION SIDESWIPE,NJORDANAVE,,2022-01-26 14:39:00
186,MONROE SD,BLOOMINGTON,1,,0,0,0,,,,S FAIRFAX RD,S FAIRFAX RD,,0.0,,39.07935073,-86.5134245,LOCAL/CITY ROAD,,URBAN,N,N,N,,DARK (NOT LIGHTED),CLEAR,DRY,,NO JUNCTION INVOLVED,,ASPHALT,UNSAFE LANE MOVEMENT,RAN OFF ROAD,SFAIRFAXRDSFAIRFAXRD,,2022-01-14 02:01:00
187,INDIANA UNIV BLOOMINGTON PD,BLOOMINGTON,2,,0,0,0,2651,,,E. DISCOVERTY PRKWY,,,0.0,,39.17852729,-86.5001244,LOCAL/CITY ROAD,,URBAN,N,N,N,,DAYLIGHT,SNOW,SNOW/SLUSH,,NO JUNCTION INVOLVED,,ASPHALT,FAILURE TO MAINTAIN LANE,OPPOSITE DIRECTION SIDESWIPE,E.DISCOVERTYPRKWY,,2022-01-23 09:30:00
188,INDIANA UNIV BLOOMINGTON PD,BLOOMINGTON,2,,0,0,0,,,,E 10TH ST,,,0.0,,39.17053856,-86.51091761,OTHER,,URBAN,N,N,N,,DARK (LIGHTED),CLEAR,DRY,,NO JUNCTION INVOLVED,,ASPHALT,UNSAFE BACKING,BACKING CRASH,E10THST,,2022-01-23 18:40:00
189,BLOOMINGTON PD,BLOOMINGTON,2,,1,0,0,,,,W 15TH ST,N WALNUT ST,,0.0,,39.17684728,-86.53355546,LOCAL/CITY ROAD,,URBAN,N,N,N,,DAYLIGHT,CLOUDY,DRY,,FOUR-WAY INTERSECTION,,ASPHALT,DISREGARD SIGNAL/REG SIGN,RIGHT ANGLE,W15THSTNWALNUTST,,2022-01-13 11:00:00
190,BLOOMINGTON PD,BLOOMINGTON,2,,0,0,0,,,,N WALNUT ST,W 8TH ST,,0.0,,39.16942813,-86.53358764,,,URBAN,N,N,N,,DARK (LIGHTED),CLEAR,DRY,,FOUR-WAY INTERSECTION,,ASPHALT,UNSAFE LANE MOVEMENT,RIGHT TURN,W8THSTNWALNUTST,,2022-01-22 02:25:00
191,BLOOMINGTON PD,BLOOMINGTON,1,,0,0,0,,,,W BLOOMFIELD RD,S STONE DR,,250.0,,39.15100044,-86.56786525,LOCAL/CITY ROAD,,URBAN,N,N,N,,DARK (LIGHTED),CLEAR,DRY,,NO JUNCTION INVOLVED,,ASPHALT,ANIMAL/OBJECT IN ROADWAY,COLLISION WITH DEER,WBLOOMFIELDRDSSTONEDR,,2022-01-19 19:24:00
192,BLOOMINGTON PD,BLOOMINGTON,2,,0,0,0,,,,E 3RD ST,S UNION ST,,0.0,,39.16426,-86.509383,LOCAL/CITY ROAD,,URBAN,N,N,N,,DAYLIGHT,CLEAR,DRY,,NO JUNCTION INVOLVED,,ASPHALT,BRAKE FAILURE OR DEFECTIVE,REAR END,SUNIONSTE3RDST,,2022-01-16 15:26:00
193,BLOOMINGTON PD,BLOOMINGTON,1,,0,0,0,,,,CURRY PIKE,ROLL AVENUE,,0.0,,39.14719,-86.582613,LOCAL/CITY ROAD,,URBAN,N,N,N,,DAYLIGHT,CLEAR,DRY,,T-INTERSECTION,,ASPHALT,OTHER (DRIVER) - EXPLAIN IN NARRATIVE,RAN OFF ROAD,ROLLAVENUECURRYPIKE,,2022-01-13 12:52:00
194,BLOOMINGTON PD,BLOOMINGTON,2,,0,0,0,,,,N KINSER PIKE,W CLUB HOUSE DR,,0.0,,39.200815,-86.542843,LOCAL/CITY ROAD,,URBAN,N,N,N,,DAYLIGHT,CLEAR,DRY,,NO JUNCTION INVOLVED,,ASPHALT,LEFT OF CENTER,OPPOSITE DIRECTION SIDESWIPE,WCLUBHOUSEDRNKINSERPIKE,,2022-01-04 09:30:00
195,BLOOMINGTON PD,BLOOMINGTON,2,,0,0,0,,,,W 7TH ST,N JACKSON ST,,0.0,,39.16862684,-86.53936691,LOCAL/CITY ROAD,,URBAN,Y,N,N,,DARK (NOT LIGHTED),CLEAR,DRY,,NO JUNCTION INVOLVED,,CONCRETE,UNSAFE BACKING,BACKING CRASH,W7THSTNJACKSONST,,2022-03-03 20:12:00
196,BLOOMINGTON PD,BLOOMINGTON,2,,0,0,0,,,,N PROW RD,W ACUFF RD,,300.0,,39.20651189,-86.55203409,,,URBAN,N,N,N,,DAYLIGHT,CLEAR,DRY,,NO JUNCTION INVOLVED,,ASPHALT,FAILURE TO YIELD RIGHT OF WAY,REAR END,WACUFFRDNPROWRD,,2022-01-10 05:19:00
197,BLOOMINGTON PD,BLOOMINGTON,2,,0,0,0,,,,W 3RD ST,I 69 BYPASS,,0.0,,0.0,0.0,LOCAL/CITY ROAD,,URBAN,N,N,N,,DAYLIGHT,CLEAR,DRY,,FOUR-WAY INTERSECTION,,ASPHALT,FAILURE TO YIELD RIGHT OF WAY,RIGHT ANGLE,W3RDSTI69BYPASS,,2022-01-04 12:34:00
198,BLOOMINGTON PD,BLOOMINGTON,2,,0,0,0,,,,E 3RD ST,S WASHINGTON ST,,0.0,,39.16460472,-86.53238538,LOCAL/CITY ROAD,,URBAN,N,N,N,,DAYLIGHT,CLEAR,DRY,,FOUR-WAY INTERSECTION,,ASPHALT,DISREGARD SIGNAL/REG SIGN,RIGHT ANGLE,SWASHINGTONSTE3RDST,,2022-02-15 15:30:00
199,INDIANA UNIV BLOOMINGTON PD,BLOOMINGTON,2,,0,0,0,,,,E 3RD ST,S HIGHLAND AVE,,0.0,,39.16428369,-86.51772013,LOCAL/CITY ROAD,,URBAN,N,N,N,,DAYLIGHT,CLOUDY,DRY,,T-INTERSECTION,,ASPHALT,IMPROPER TURNING,SAME DIRECTION SIDESWIPE,SHIGHLANDAVEE3RDST,,2022-05-07 14:30:00
200,BLOOMINGTON PD,BLOOMINGTON,2,,1,0,0,,,,E ALLEN ST,S WASHINGTON ST,,0.0,,39.15560994,-86.53244596,LOCAL/CITY ROAD,,URBAN,N,N,N,,DARK (NOT LIGHTED),CLEAR,DRY,,FOUR-WAY INTERSECTION,,ASPHALT,DISREGARD SIGNAL/REG SIGN,RIGHT ANGLE,SWASHINGTONSTEALLENST,,2022-02-01 19:14:00
201,BLOOMINGTON PD,BLOOMINGTON,2,,1,0,0,,,,STATE RD 46,N. KINSER PIKE,,0.0,,39.1865068,-86.53675265,STATE ROAD,,URBAN,N,N,N,,DAYLIGHT,SNOW,WET,,NO JUNCTION INVOLVED,,ASPHALT,FOLLOWING TOO CLOSELY,REAR END,STATERD46N.KINSERPIKE,,2022-03-11 15:36:00
202,MONROE SD,BLOOMINGTON,1,,0,0,1,,,,STATE RD 446,E. TOWER RIDGE,,75.0,,39.01286365,-86.40122858,STATE ROAD,,RURAL,N,N,N,,DARK (NOT LIGHTED),CLEAR,DRY,,NO JUNCTION INVOLVED,,ASPHALT,ANIMAL/OBJECT IN ROADWAY,COLLISION WITH DEER,STATERD446E.TOWERRIDGE,,2022-02-06 04:44:00
203,BLOOMINGTON PD,BLOOMINGTON,2,,1,0,0,,,,N PETE ELLIS DR,E 10TH ST,,0.0,,39.17134253,-86.49539119,LOCAL/CITY ROAD,,URBAN,N,N,N,,DAYLIGHT,CLEAR,DRY,,FOUR-WAY INTERSECTION,,ASPHALT,FOLLOWING TOO CLOSELY,REAR END,NPETEELLISDRE10THST,,2022-04-19 16:10:00