_id,Agency,City,Vehicles Involved,Trailers Involved,Number Injured,Number Dead,Number Deer,House Number,Roadway Interchange,Roadway Ramp,Roadway Id,Intersecting Road,Interchange,Feet From,Direction,Latitude,Longitude,Roadway Class,Hit and Run?,Locality,School Zone?,Rumble Strips?,Construction?,Construction Type,Light Condition,Weather Conditions,Surface Condition,Type of Median,Roadway Junction Type,Road Character,Roadway Surface,Primary Factor,Manner of Collision,Unique Location Id,Traffic Control,DateTime
204,MONROE SD,BLOOMINGTON,2,,0,0,0,,,,STATE RD 46,,,0.0,,39.18749506,-86.56486876,,,URBAN,N,Y,N,,DAYLIGHT,RAIN,WET,,NO JUNCTION INVOLVED,,ASPHALT,UNSAFE LANE MOVEMENT,SAME DIRECTION SIDESWIPE,STATERD46,,2022-05-03 09:10:00
205,BLOOMINGTON PD,BLOOMINGTON,2,,0,0,0,,,,COUNTRY CLUB,MADISON,,0.0,,39.13601775,-86.53633882,LOCAL/CITY ROAD,,RURAL,N,N,N,,DARK (LIGHTED),CLOUDY,DRY,,NO JUNCTION INVOLVED,,ASPHALT,FOLLOWING TOO CLOSELY,REAR END,MADISONCOUNTRYCLUB,,2022-02-19 12:30:00
206,ELLETTSVILLE PD,ELLETTSVILLE,2,,0,0,0,,,,EDGEWOOD DR,,,0.0,,39.23621535,-86.63246162,PRIVATE DRIVE,,URBAN,Y,N,N,,DAYLIGHT,CLEAR,DRY,,NO JUNCTION INVOLVED,,ASPHALT,OTHER (DRIVER) - EXPLAIN IN NARRATIVE,OPPOSITE DIRECTION SIDESWIPE,EDGEWOODDR,,2022-04-28 07:20:00
207,BLOOMINGTON PD,,2,,1,0,0,,,,E 1ST ST,S WOODLAWN AVE,,0.0,,0.0,0.0,LOCAL/CITY ROAD,,URBAN,N,N,N,,DAYLIGHT,CLEAR,DRY,,FOUR-WAY INTERSECTION,,ASPHALT,OTHER (DRIVER) - EXPLAIN IN NARRATIVE,REAR END,SWOODLAWNAVEE1STST,,2022-04-23 20:09:00
208,INDIANA UNIV BLOOMINGTON PD,BLOOMINGTON,2,,0,0,0,,,,STATE RD 45,E 17TH ST,,0.0,,39.17971668,-86.50723192,STATE ROAD,,URBAN,N,N,N,,DAWN/DUSK,SNOW,WET,,T-INTERSECTION,,ASPHALT,FAILURE TO YIELD RIGHT OF WAY,LEFT TURN,STATERD45E17THST,,2022-01-28 18:00:00
209,BLOOMINGTON PD,BLOOMINGTON,1,,0,0,0,,,,E GARDEN PATH,,,0.0,,0.0,0.0,LOCAL/CITY ROAD,,URBAN,N,N,N,,DAWN/DUSK,SNOW,ICE,,TRAFFIC CIRCLE/ROUNDABOUT,,ASPHALT,ROADWAY SURFACE CONDITION,RAN OFF ROAD,EGARDENPATH,,2022-01-28 17:26:00
210,BLOOMINGTON PD,,2,,0,0,0,3870,,,WEST 3RD STREET,,,0.0,,39.16684562,-86.58235154,PRIVATE DRIVE,,URBAN,N,N,N,,DAYLIGHT,CLEAR,DRY,,NO JUNCTION INVOLVED,,ASPHALT,UNSAFE BACKING,BACKING CRASH,WEST3RDSTREET,,2022-02-26 15:45:00
211,BLOOMINGTON PD,BLOOMINGTON,2,,0,0,0,2966,,,E 3RD ST; TARGET,,,0.0,,39.16315621,-86.49275216,PRIVATE DRIVE,,URBAN,N,N,N,,DAYLIGHT,CLEAR,DRY,,NO JUNCTION INVOLVED,,ASPHALT,FAILURE TO YIELD RIGHT OF WAY,BACKING CRASH,E3RDST;TARGET,,2022-04-02 15:06:00
212,BLOOMINGTON PD,BLOOMINGTON,2,,0,0,0,,,,W. DODDS ST,S. MORTON ST,,0.0,,39.157449,-86.536329,LOCAL/CITY ROAD,,URBAN,N,N,N,,DAYLIGHT,CLEAR,DRY,,FOUR-WAY INTERSECTION,,ASPHALT,UNSAFE BACKING,BACKING CRASH,W.DODDSSTS.MORTONST,,2022-04-26 11:55:00
213,MONROE SD,BLOOMINGTON,2,,0,0,0,,,,,,,0.0,,39.11773459,-86.53010508,,,RURAL,N,N,N,,DARK (NOT LIGHTED),RAIN,WET,,NO JUNCTION INVOLVED,,ASPHALT,IMPROPER TURNING,OPPOSITE DIRECTION SIDESWIPE,,,2022-03-30 10:06:00
214,BLOOMINGTON PD,BLOOMINGTON,2,,0,0,0,,,,W GRIMES LN,S WALNUT ST,,0.0,,39.1533534,-86.53380222,LOCAL/CITY ROAD,,URBAN,N,N,N,,DAYLIGHT,CLEAR,DRY,,FOUR-WAY INTERSECTION,,ASPHALT,FOLLOWING TOO CLOSELY,REAR END,WGRIMESLNSWALNUTST,,2022-03-14 17:47:00
215,MONROE SD,BLOOMINGTON,2,,0,0,0,,,,E SMITHVILLE RD,STATE RD 37,,0.0,,39.07093885,-86.53622764,STATE ROAD,,RURAL,N,N,N,,DAWN/DUSK,CLEAR,DRY,,T-INTERSECTION,,ASPHALT,FAILURE TO YIELD RIGHT OF WAY,RIGHT ANGLE,STATERD37ESMITHVILLERD,,2022-05-25 08:39:00
216,MONROE SD,BLOOMINGTON,1,,0,0,0,,,,STATE RD 46,N BRUMMETTS CREEK RD,,0.0,,39.15165418,-86.38969464,STATE ROAD,,RURAL,N,N,N,,DAYLIGHT,CLEAR,DRY,,NO JUNCTION INVOLVED,,ASPHALT,UNSAFE LANE MOVEMENT,RAN OFF ROAD,STATERD46NBRUMMETTSCREEKRD,,2022-05-28 06:35:00
217,BLOOMINGTON PD,BLOOMINGTON,2,,3,0,0,,,,E ATWATER AVE,S JORDAN AVE,,0.0,,39.16310419,-86.51628739,LOCAL/CITY ROAD,,URBAN,N,N,N,,DAYLIGHT,CLEAR,DRY,,T-INTERSECTION,,ASPHALT,DISREGARD SIGNAL/REG SIGN,RIGHT ANGLE,SJORDANAVEEATWATERAVE,,2022-05-21 19:15:00
218,MONROE SD,STINESVILLE,1,,0,0,0,,,,W WALKER LN,,,0.0,,39.29596817,-86.64257071,LOCAL/CITY ROAD,,RURAL,N,N,N,,DAYLIGHT,CLOUDY,DRY,,NO JUNCTION INVOLVED,,ASPHALT,OVERCORRECTING/OVERSTEERING,RAN OFF ROAD,WWALKERLN,,2022-05-03 18:39:00
219,BLOOMINGTON PD,BLOOMINGTON,2,,0,0,0,309,,,N WALNUT STREET,,,0.0,,39.16890528,-86.53400529,PRIVATE DRIVE,,URBAN,N,N,N,,DAYLIGHT,CLEAR,DRY,,NO JUNCTION INVOLVED,,ASPHALT,UNSAFE BACKING,BACKING CRASH,NWALNUTSTREET,,2022-05-04 19:50:00
220,BLOOMINGTON PD,BLOOMINGTON,2,,0,0,0,,,,10TH ST,SMITH RD,,0.0,,39.17261,-86.482658,,,URBAN,N,N,Y,INTERMITTENT OR MOVING WORK,DAYLIGHT,CLEAR,DRY,,T-INTERSECTION,,ASPHALT,FOLLOWING TOO CLOSELY,REAR END,SMITHRD10THST,,2022-05-10 12:26:00
221,BLOOMINGTON PD,BLOOMINGTON,2,,0,0,0,,,,S LIBERTY DR,W 3RD ST,,2200.0,,39.16275089,-86.57916332,LOCAL/CITY ROAD,,URBAN,N,N,N,,DAYLIGHT,CLOUDY,WET,,T-INTERSECTION,,ASPHALT,FOLLOWING TOO CLOSELY,REAR END,W3RDSTSLIBERTYDR,,2022-03-11 16:25:00
222,BLOOMINGTON PD,BLOOMINGTON,1,,0,0,0,,,,S CURRY PIKE,W STATE RD 45,,100.0,,39.14201541,-86.58255406,STATE ROAD,,URBAN,N,N,N,,DAYLIGHT,CLEAR,WET,,FOUR-WAY INTERSECTION,,ASPHALT,UNDER STEERING/UNDER CORRECTING,RAN OFF ROAD,WSTATERD45SCURRYPIKE,,2022-05-16 09:46:00
223,BLOOMINGTON PD,BLOOMINGTON,2,,0,0,0,,,,E. BURKS DR,S.ODELL DR,,75.0,,39.126512,-86.528725,LOCAL/CITY ROAD,,URBAN,N,N,N,,DAYLIGHT,CLEAR,DRY,,NO JUNCTION INVOLVED,,ASPHALT,FAILURE TO YIELD RIGHT OF WAY,RIGHT ANGLE,S.ODELLDRE.BURKSDR,,2022-03-28 08:12:00
224,BLOOMINGTON PD,BLOOMINGTON,2,,0,0,0,541,,,S LINCOLN ST,,,0.0,,39.15891169,-86.53089315,PRIVATE DRIVE,,URBAN,N,N,N,,DARK (NOT LIGHTED),CLOUDY,DRY,,NO JUNCTION INVOLVED,,CONCRETE,IMPROPER TURNING,SAME DIRECTION SIDESWIPE,SLINCOLNST,,2022-04-27 00:00:00
225,BLOOMINGTON PD,BLOOMINGTON,1,,0,0,0,,,,S ROGERS ST,W RALSTON DR,,211.0,,39.13871602,-86.53853363,LOCAL/CITY ROAD,,URBAN,N,N,N,,DARK (NOT LIGHTED),CLEAR,DRY,,T-INTERSECTION,,ASPHALT,UNSAFE LANE MOVEMENT,OTHER - EXPLAIN IN NARRATIVE,WRALSTONDRSROGERSST,,2022-03-11 02:52:00
226,BLOOMINGTON PD,BLOOMINGTON,1,,0,0,0,,,,W SMITH AVE,S WALNUT ST,,0.0,,39.16281234,-86.53402573,LOCAL/CITY ROAD,,URBAN,N,N,N,,DARK (LIGHTED),CLEAR,DRY,,INTERCHANGE,,ASPHALT,IMPROPER TURNING,RAN OFF ROAD,WSMITHAVESWALNUTST,,2022-02-22 23:45:00
227,BLOOMINGTON PD,BLOOMINGTON,2,,0,0,0,,,,E. SMITH AVE,S. HENDERSON ST,,150.0,,39.162778,-86.527258,LOCAL/CITY ROAD,,URBAN,N,N,N,,DAYLIGHT,CLOUDY,DRY,,NO JUNCTION INVOLVED,,ASPHALT,FAILURE TO YIELD RIGHT OF WAY,RIGHT ANGLE,S.HENDERSONSTE.SMITHAVE,,2022-04-12 07:35:00
228,INDIANA UNIV BLOOMINGTON PD,BLOOMINGTON,2,,0,0,0,,,,E 3RD ST,S JORDAN AVE,,0.0,,39.16424745,-86.51606702,LOCAL/CITY ROAD,,URBAN,N,N,N,,DAYLIGHT,CLOUDY,DRY,,FOUR-WAY INTERSECTION,,ASPHALT,FOLLOWING TOO CLOSELY,REAR END,SJORDANAVEE3RDST,,2022-03-23 16:00:00
229,MONROE SD,BLOOMINGTON,2,,0,0,0,,,,E GARDEN PATH,E ROCKWELD DRIVE,,1000.0,,39.1315144,-86.4973015,LOCAL/CITY ROAD,,URBAN,N,N,N,,DARK (LIGHTED),CLEAR,DRY,,NO JUNCTION INVOLVED,,ASPHALT,DRIVER DISTRACTED - EXPLAIN IN NARRATIVE,SAME DIRECTION SIDESWIPE,EROCKWELDDRIVEEGARDENPATH,,2022-03-15 12:22:00
230,INDIANA UNIV BLOOMINGTON PD,BLOOMINGTON,2,,0,0,0,,,,E 10TH ST,STATE RD 45,,0.0,,39.17161986,-86.50215752,LOCAL/CITY ROAD,,URBAN,N,N,N,,DARK (NOT LIGHTED),CLEAR,DRY,,FOUR-WAY INTERSECTION,,ASPHALT,UNSAFE SPEED,REAR END,STATERD45E10THST,,2022-04-24 02:35:00
231,ISP BLOOMINGTON 33,BLOOMINGTON,1,,0,0,0,,125,G,RAMP I69-125-G,,,0.0,,39.267204,-86.52376122,INTERSTATE,,RURAL,N,N,N,,DAYLIGHT,CLEAR,DRY,,RAMP,,ASPHALT,INSECURE/LEAKY LOAD,OTHER - EXPLAIN IN NARRATIVE,RAMPI69-125-G125G,,2022-05-31 11:08:00
232,BLOOMINGTON PD,BLOOMINGTON,2,,0,0,0,,,,S HIGH ST,E QUEENS WAY,,0.0,,39.146431,-86.508335,LOCAL/CITY ROAD,,URBAN,N,N,N,,DAYLIGHT,CLEAR,DRY,,NO JUNCTION INVOLVED,,ASPHALT,FOLLOWING TOO CLOSELY,REAR END,SHIGHSTEQUEENSWAY,,2022-04-10 13:01:00
233,MONROE SD,BLOOMINGTON,1,,0,0,0,,,,E BETHEL LN,,,0.0,,39.21515322,-86.5099842,COUNTY ROAD,,RURAL,Y,N,N,,DARK (NOT LIGHTED),CLEAR,DRY,,NO JUNCTION INVOLVED,,ASPHALT,ANIMAL/OBJECT IN ROADWAY,COLLISION WITH ANIMAL OTHER,EBETHELLN,,2022-05-20 23:33:00
234,BLOOMINGTON PD,BLOOMINGTON,2,,0,0,0,,,,S. WALNUT ST,E. GRIMES LN,,0.0,,39.153344,-86.533757,LOCAL/CITY ROAD,,URBAN,N,N,N,,DAYLIGHT,RAIN,WET,,FOUR-WAY INTERSECTION,,ASPHALT,UNSAFE LANE MOVEMENT,SAME DIRECTION SIDESWIPE,S.WALNUTSTE.GRIMESLN,,2022-04-21 11:57:00
235,MONROE SD,BLOOMINGTON,2,,0,0,0,,,,STATE RD 45,N TUNNEL RD,,0.0,,39.23070245,-86.43060282,STATE ROAD,,RURAL,N,N,N,,DARK (NOT LIGHTED),CLEAR,DRY,,NO JUNCTION INVOLVED,,ASPHALT,FOLLOWING TOO CLOSELY,REAR END,STATERD45NTUNNELRD,,2022-02-22 09:24:00
236,ISP BLOOMINGTON 33,BLOOMINGTON,1,,0,0,0,,,,I-69,,,0.0,,39.13965445,-86.57342869,INTERSTATE,,RURAL,N,N,N,,DAYLIGHT,CLEAR,DRY,,RAMP,,ASPHALT,,RAN OFF ROAD,I-69116,,2022-04-21 06:44:00
237,BLOOMINGTON PD,BLOOMINGTON,2,,0,0,0,,,,W BLOOMFIELD RD,S OAKDALE DR,,0.0,,39.14988258,-86.56878538,LOCAL/CITY ROAD,,URBAN,N,N,N,,DAYLIGHT,SNOW,SNOW/SLUSH,,FOUR-WAY INTERSECTION,,ASPHALT,ROADWAY SURFACE CONDITION,RAN OFF ROAD,WBLOOMFIELDRDSOAKDALEDR,,2022-01-28 01:48:00
238,INDIANA UNIV BLOOMINGTON PD,BLOOMINGTON,2,,0,0,0,,,,STATE RD 45,DISCOVERY PKWY,,0.0,,39.17517191,-86.50425903,STATE ROAD,,URBAN,N,N,N,,DAYLIGHT,CLEAR,DRY,,T-INTERSECTION,,ASPHALT,FOLLOWING TOO CLOSELY,REAR END,STATERD45DISCOVERYPKWY,,2022-01-27 17:05:00
239,INDIANA UNIV BLOOMINGTON PD,BLOOMINGTON,2,,0,0,0,,,,E 8TH ST,,,0.0,,39.16921248,-86.52290295,PRIVATE DRIVE,,URBAN,N,N,N,,DAYLIGHT,CLEAR,DRY,,NO JUNCTION INVOLVED,,ASPHALT,UNSAFE BACKING,BACKING CRASH,E8THST,,2022-03-28 15:05:00
240,BLOOMINGTON PD,BLOOMINGTON,2,,0,0,0,,,,E 11TH ST,N GRANT ST,,0.0,,39.17350168,-86.52979016,,,URBAN,N,N,N,,DARK (NOT LIGHTED),CLEAR,DRY,,FOUR-WAY INTERSECTION,,ASPHALT,FAILURE TO MAINTAIN LANE,REAR END,NGRANTSTE11THST,,2022-03-11 01:20:00
241,MONROE SD,BLOOMINGTON,3,,1,0,0,,,,W STATE RD 46,CENTENNIAL DR,,0.0,,39.20991619,-86.58263455,COUNTY ROAD,,RURAL,N,N,N,,DAYLIGHT,CLEAR,DRY,,FOUR-WAY INTERSECTION,,ASPHALT,FOLLOWING TOO CLOSELY,REAR END,WSTATERD46CENTENNIALDR,,2022-05-29 10:15:00
242,BLOOMINGTON PD,BLOOMINGTON,2,,0,0,0,,,,STATE RD 46,E 7TH ST,,0.0,,39.16750538,-86.50014889,LOCAL/CITY ROAD,,URBAN,N,N,Y,LANE CLOSURE,DAYLIGHT,CLEAR,DRY,,NO JUNCTION INVOLVED,,ASPHALT,FOLLOWING TOO CLOSELY,REAR END,STATERD46E7THST,,2022-05-31 14:32:00
243,ISP BLOOMINGTON 33,ELLETTSVILLE,2,,0,0,0,,,,W STATE RD 46,N SMITH PIKE,,100.0,,39.21035973,-86.58330014,STATE ROAD,,URBAN,N,N,N,,DAYLIGHT,CLEAR,DRY,,NO JUNCTION INVOLVED,,ASPHALT,OTHER (DRIVER) - EXPLAIN IN NARRATIVE,REAR END,WSTATERD46NSMITHPIKE,,2022-04-01 08:20:00
244,BLOOMINGTON PD,BLOOMINGTON,2,,0,0,0,1175,,,S COLLEGE MALL RD; KROGER JACKSON CREEK,,,0.0,,39.1548154,-86.49659832,LOCAL/CITY ROAD,,URBAN,N,N,N,,DAYLIGHT,CLEAR,DRY,,NO JUNCTION INVOLVED,,ASPHALT,FAILURE TO MAINTAIN LANE,HEAD ON BETWEEN TWO MOTOR VEHICLES,SCOLLEGEMALLRD;KROGERJACKSONCREEK,,2022-04-12 14:13:00
245,INDIANA UNIV BLOOMINGTON PD,BLOOMINGTON,2,,0,0,0,,,,E 13TH ST,N FEE LN,,0.0,,39.17510277,-86.51907153,LOCAL/CITY ROAD,,URBAN,N,N,N,,DAYLIGHT,CLEAR,DRY,,T-INTERSECTION,,ASPHALT,IMPROPER TURNING,LEFT TURN,NFEELNE13THST,,2022-04-24 18:50:00
246,INDIANA UNIV BLOOMINGTON PD,BLOOMINGTON,2,,0,0,0,,,,STATE RD 45,WALKWAY,,0.0,,39.17529091,-86.50412186,,,URBAN,N,N,N,,DAYLIGHT,CLEAR,DRY,,T-INTERSECTION,,ASPHALT,FOLLOWING TOO CLOSELY,REAR END,WALKWAYSTATERD45,,2022-05-11 13:33:00
247,BLOOMINGTON PD,BLOOMINGTON,2,,0,0,0,,,,W 11TH ST,N MONROE ST,,0.0,,39.17327827,-86.54664412,LOCAL/CITY ROAD,,URBAN,N,N,N,,DAYLIGHT,CLEAR,DRY,,FOUR-WAY INTERSECTION,,ASPHALT,FAILURE TO YIELD RIGHT OF WAY,SAME DIRECTION SIDESWIPE,W11THSTNMONROEST,,2022-02-09 16:15:00
248,BLOOMINGTON PD,BLOOMINGTON,1,,0,0,0,,,,W. 12 ST,N SUMMIT ST,,0.0,,0.0,0.0,LOCAL/CITY ROAD,,URBAN,N,N,Y,WORK ON SHOULDER,DAYLIGHT,CLEAR,DRY,,T-INTERSECTION,,ASPHALT,OVERCORRECTING/OVERSTEERING,COLLISION WITH OBJECT IN ROAD,W.12STNSUMMITST,,2022-03-15 08:15:00
249,BLOOMINGTON PD,BLOOMINGTON,2,,1,0,0,,,,STATE RD 46,EASTGATE LN,,0.0,,39.17019362,-86.50146695,LOCAL/CITY ROAD,,URBAN,N,N,N,,DAYLIGHT,RAIN,WET,,FOUR-WAY INTERSECTION,,ASPHALT,FOLLOWING TOO CLOSELY,REAR END,STATERD46EASTGATELN,,2022-04-07 16:26:00
250,MONROE SD,,1,,1,0,0,,I69,N,S STATE ROAD 37,,,0.0,,42.7187509,-94.2211072,,,RURAL,N,Y,N,,DARK (LIGHTED),CLEAR,DRY,,RAMP,,ASPHALT,DRIVER ASLEEP OR FATIGUED,RAN OFF ROAD,SSTATEROAD37I69NB,,2022-03-10 03:23:00
251,ELLETTSVILLE PD,ELLETTSVILLE,2,,0,0,0,,,,S 5TH,W TEMPERANCE ST,,50.0,,39.23315119,-86.62470085,LOCAL/CITY ROAD,,URBAN,N,N,N,,DAYLIGHT,CLEAR,DRY,,NO JUNCTION INVOLVED,,ASPHALT,UNSAFE BACKING,BACKING CRASH,WTEMPERANCESTS5TH,,2022-05-03 12:30:00
252,MONROE SD,BLOOMINGTON,1,,0,0,0,,,,I-69,N BUSINESS 37,,528.0,,39.23321054,-86.54083493,STATE ROAD,,RURAL,N,N,N,,DAYLIGHT,RAIN,WET,,INTERCHANGE,,ASPHALT,ROADWAY SURFACE CONDITION,RAN OFF ROAD,NBUSINESS37I-69,,2022-05-21 10:31:00
253,ISP BLOOMINGTON 33,BLOOMINGTON,2,,0,0,0,,,,SR37,S VICTOR PIKE,,0.0,,39.10560548,-86.55114971,STATE ROAD,,RURAL,N,N,N,,DAYLIGHT,CLOUDY,DRY,,FOUR-WAY INTERSECTION,,ASPHALT,DISREGARD SIGNAL/REG SIGN,RIGHT ANGLE,SR37SVICTORPIKE,,2022-04-12 13:25:00
254,MONROE SD,BLOOMINGTON,2,,0,0,0,,,,W STATE RD 45,W LEONARD SPRINGS RD,,0.0,,39.1223764,-86.6142804,STATE ROAD,,RURAL,N,N,N,,DAYLIGHT,CLOUDY,DRY,,FOUR-WAY INTERSECTION,,ASPHALT,FAILURE TO YIELD RIGHT OF WAY,LEFT TURN,WSTATERD45WLEONARDSPRINGSRD,,2022-04-27 17:34:00
255,BLOOMINGTON PD,BLOOMINGTON,3,,1,0,0,284,,,N JACOB DR,,,0.0,,39.16913761,-86.57567647,,,URBAN,N,N,N,,DAYLIGHT,CLEAR,DRY,,NO JUNCTION INVOLVED,,ASPHALT,FOLLOWING TOO CLOSELY,REAR END,NJACOBDR,,2022-04-18 10:26:00
256,BLOOMINGTON PD,BLOOMINGTON,2,,0,0,0,,,,E 7TH ST,N DUNN ST,,0.0,,39.16851593,-86.52825541,LOCAL/CITY ROAD,,URBAN,N,N,N,,DARK (LIGHTED),CLEAR,DRY,,FOUR-WAY INTERSECTION,,ASPHALT,FAILURE TO YIELD RIGHT OF WAY,RIGHT ANGLE,NDUNNSTE7THST,,2022-03-03 19:48:00
257,MONROE SD,BLOOMINGTON,2,,0,0,0,,,,HERITAGE WAY,,,0.0,,39.15328129,-86.58544011,COUNTY ROAD,,URBAN,N,N,N,,DAYLIGHT,CLEAR,DRY,,NO JUNCTION INVOLVED,,ASPHALT,UNSAFE BACKING,BACKING CRASH,HERITAGEWAY,,2022-05-13 03:36:00
258,BLOOMINGTON PD,BLOOMINGTON,2,,0,0,0,,,,STATE RD 46,E 3RD ST,,0.0,,39.16443582,-86.4983468,STATE ROAD,,URBAN,N,N,N,,DAYLIGHT,CLEAR,DRY,,FOUR-WAY INTERSECTION,,ASPHALT,FOLLOWING TOO CLOSELY,REAR END,STATERD46E3RDST,,2022-02-26 03:18:00
259,MONROE SD,BLOOMINGTON,2,,0,0,0,,,,W STATE RD 45,S DUNLAP RD,,0.0,,39.11992616,-86.61800537,STATE ROAD,,RURAL,N,N,N,,DARK (NOT LIGHTED),CLEAR,DRY,,NO JUNCTION INVOLVED,,ASPHALT,FOLLOWING TOO CLOSELY,REAR END,WSTATERD45SDUNLAPRD,,2022-03-04 18:47:00
260,INDIANA UNIV BLOOMINGTON PD,BLOOMINGTON,2,,0,0,0,,,,E 3RD ST,S HAWTHORNE DR,,0.0,,39.16426255,-86.52006931,LOCAL/CITY ROAD,,URBAN,N,N,N,,DAYLIGHT,CLEAR,DRY,,NO JUNCTION INVOLVED,,ASPHALT,FAILURE TO YIELD RIGHT OF WAY,LEFT TURN,SHAWTHORNEDRE3RDST,,2022-01-31 03:45:00
261,INDIANA UNIV BLOOMINGTON PD,BLOOMINGTON,2,,0,0,0,,,,SOUTH HENDERSON STREET,ATWATER AVENUE,,200.0,,39.16371685,-86.52704838,LOCAL/CITY ROAD,,URBAN,N,N,N,,DAYLIGHT,CLOUDY,DRY,,NO JUNCTION INVOLVED,,ASPHALT,FAILURE TO YIELD RIGHT OF WAY,SAME DIRECTION SIDESWIPE,SOUTHHENDERSONSTREETATWATERAVENUE,,2022-02-24 14:00:00
262,INDIANA UNIV BLOOMINGTON PD,BLOOMINGTON,2,,0,0,0,,,,E 3RD ST,S FACULTY AVE,,158.0,,39.16428126,-86.5214426,LOCAL/CITY ROAD,,URBAN,N,N,N,,DAYLIGHT,CLEAR,DRY,,NO JUNCTION INVOLVED,,ASPHALT,UNSAFE LANE MOVEMENT,SAME DIRECTION SIDESWIPE,SFACULTYAVEE3RDST,,2022-03-10 16:25:00
263,BLOOMINGTON PD,BLOOMINGTON,1,,0,0,0,,,,N ADAMS ST,W FOUNTAIN DR,,0.0,,39.16962406,-86.54964277,LOCAL/CITY ROAD,,URBAN,N,N,N,,DARK (LIGHTED),CLEAR,DRY,,T-INTERSECTION,,ASPHALT,FAILURE TO MAINTAIN LANE,RIGHT TURN,WFOUNTAINDRNADAMSST,,2022-03-10 20:57:00
264,MONROE SD,BLOOMINGTON,2,,1,0,0,,,,S ROGERS ST,S OLD STATE ROAD 37,,0.0,,39.09941509,-86.53801865,LOCAL/CITY ROAD,,RURAL,N,N,N,,DAYLIGHT,CLEAR,DRY,,T-INTERSECTION,,ASPHALT,OTHER (DRIVER) - EXPLAIN IN NARRATIVE,REAR END,SROGERSSTSOLDSTATEROAD37,,2022-04-03 18:47:00
265,BLOOMINGTON PD,BLOOMINGTON,2,,0,0,0,,,,N WALNUT ST,W 7TH ST,,0.0,,39.168539,-86.533599,LOCAL/CITY ROAD,,URBAN,N,N,N,,DAYLIGHT,RAIN,WET,,NO JUNCTION INVOLVED,,ASPHALT,FAILURE TO MAINTAIN LANE,SAME DIRECTION SIDESWIPE,W7THSTNWALNUTST,,2022-02-02 11:51:00
266,INDIANA UNIV BLOOMINGTON PD,BLOOMINGTON,2,,1,0,0,,,,STATE RD 45,E 17TH ST,,0.0,,39.17959825,-86.50704557,STATE ROAD,,URBAN,N,N,N,,DAYLIGHT,CLOUDY,DRY,,T-INTERSECTION,,ASPHALT,FOLLOWING TOO CLOSELY,REAR END,STATERD45E17THST,,2022-03-08 13:15:00
267,BLOOMINGTON PD,BLOOMINGTON,2,,0,0,0,,,,S ROGERS ST,W CHEROKEE DR,,0.0,,39.14786491,-86.53883404,LOCAL/CITY ROAD,,URBAN,N,N,N,,DAYLIGHT,CLEAR,DRY,,T-INTERSECTION,,CONCRETE,FOLLOWING TOO CLOSELY,REAR END,WCHEROKEEDRSROGERSST,,2022-03-20 14:25:00
268,BLOOMINGTON PD,BLOOMINGTON,3,,2,0,0,,,,S WALNUT ST,E DRISCOLL ST,,0.0,,39.152468,-86.533678,LOCAL/CITY ROAD,,URBAN,N,N,N,,DAYLIGHT,CLOUDY,DRY,,NO JUNCTION INVOLVED,,ASPHALT,FOLLOWING TOO CLOSELY,REAR END,SWALNUTSTEDRISCOLLST,,2022-02-24 11:06:00
269,BLOOMINGTON PD,BLOOMINGTON,2,,0,0,0,,,,E PARK LN,S. MEADOWBROOK DR.,,739.0,,39.16530166,-86.48647193,LOCAL/CITY ROAD,,URBAN,N,Y,N,,DAYLIGHT,CLEAR,DRY,,NO JUNCTION INVOLVED,,ASPHALT,UNSAFE BACKING,BACKING CRASH,S.MEADOWBROOKDR.EPARKLN,,2022-03-20 10:05:00
270,BLOOMINGTON PD,BLOOMINGTON,2,,0,0,0,,,,W 6TH ST,N COLLEGE AVE,,0.0,,39.16761828,-86.53507895,LOCAL/CITY ROAD,,URBAN,N,N,N,,DAYLIGHT,CLEAR,DRY,,NO JUNCTION INVOLVED,,ASPHALT,IMPROPER TURNING,SAME DIRECTION SIDESWIPE,W6THSTNCOLLEGEAVE,,2022-05-29 13:00:00
271,INDIANA UNIV BLOOMINGTON PD,BLOOMINGTON,3,,0,0,0,,,,STATE RD 45,N DUNN ST,,0.0,,39.18634938,-86.52604164,STATE ROAD,,URBAN,N,N,N,,DAYLIGHT,CLOUDY,WET,,NO JUNCTION INVOLVED,,ASPHALT,FOLLOWING TOO CLOSELY,REAR END,STATERD45NDUNNST,,2022-02-11 16:35:00
272,BLOOMINGTON PD,BLOOMINGTON,2,,0,0,0,,,,S. COLLEGE AVE,W. 3RD ST,,0.0,,39.1646036,-86.53469986,LOCAL/CITY ROAD,,URBAN,N,N,N,,DAYLIGHT,CLEAR,DRY,,FOUR-WAY INTERSECTION,,ASPHALT,DISREGARD SIGNAL/REG SIGN,RIGHT ANGLE,W.3RDSTS.COLLEGEAVE,,2022-02-26 11:15:00