_id,Agency,City,Vehicles Involved,Trailers Involved,Number Injured,Number Dead,Number Deer,House Number,Roadway Interchange,Roadway Ramp,Roadway Id,Intersecting Road,Interchange,Feet From,Direction,Latitude,Longitude,Roadway Class,Hit and Run?,Locality,School Zone?,Rumble Strips?,Construction?,Construction Type,Light Condition,Weather Conditions,Surface Condition,Type of Median,Roadway Junction Type,Road Character,Roadway Surface,Primary Factor,Manner of Collision,Unique Location Id,Traffic Control,DateTime
410,BLOOMINGTON PD,BLOOMINGTON,2,,0,0,0,,,,N KINSER PIKE,W 17TH ST,,0.0,,39.17906287,-86.53780271,LOCAL/CITY ROAD,,URBAN,N,N,N,,DAYLIGHT,CLEAR,DRY,,FOUR-WAY INTERSECTION,,ASPHALT,FAILURE TO YIELD RIGHT OF WAY,RIGHT ANGLE,W17THSTNKINSERPIKE,,2022-04-13 16:27:00
411,INDIANA UNIV BLOOMINGTON PD,BLOOMINGTON,2,,0,0,0,,,,E 7TH ST,N DUNN ST,,0.0,,39.16854643,-86.52825541,LOCAL/CITY ROAD,,URBAN,N,N,N,,DAYLIGHT,CLEAR,WET,,FOUR-WAY INTERSECTION,,ASPHALT,DISREGARD SIGNAL/REG SIGN,RIGHT ANGLE,NDUNNSTE7THST,,2022-02-08 17:55:00
412,BLOOMINGTON PD,BLOOMINGTON,2,,0,0,0,,,,N KINSER PIKE,STATE RD 46,,0.0,,39.18651095,-86.53774685,LOCAL/CITY ROAD,,URBAN,N,N,N,,DARK (LIGHTED),RAIN,WET,,FOUR-WAY INTERSECTION,,CONCRETE,FAILURE TO YIELD RIGHT OF WAY,LEFT TURN,STATERD46NKINSERPIKE,,2022-04-15 20:50:00
413,MONROE SD,,2,,0,0,0,4025,,,S OLD STATE ROAD 37,,,0.0,,39.11942842,-86.53081254,,,RURAL,N,N,N,,DAYLIGHT,CLEAR,DRY,,NO JUNCTION INVOLVED,,ASPHALT,UNSAFE BACKING,BACKING CRASH,SOLDSTATEROAD37,,2022-05-20 11:24:00
414,INDIANA UNIV BLOOMINGTON PD,BLOOMINGTON,2,,0,0,0,,,,STATE RD 45,E 10TH ST,,739.0,,39.17267203,-86.50293536,STATE ROAD,,URBAN,N,N,N,,DAWN/DUSK,RAIN,WET,,FOUR-WAY INTERSECTION,,ASPHALT,SPEED TOO FAST FOR WEATHER CONDITIONS,REAR END,STATERD45E10THST,,2022-05-05 20:48:00
415,BLOOMINGTON PD,BLOOMINGTON,2,,0,0,0,,,,S. COLLEGE MALL RD,E. 2ND ST,,0.0,,39.1609319,-86.4977835,LOCAL/CITY ROAD,,URBAN,N,N,N,,DAYLIGHT,CLEAR,DRY,,FOUR-WAY INTERSECTION,,ASPHALT,FOLLOWING TOO CLOSELY,REAR END,S.COLLEGEMALLRDE.2NDST,,2022-02-18 08:04:00
416,BLOOMINGTON PD,BLOOMINGTON,3,,2,0,0,,,,W COUNTRY CLUB DR,S BANTA AVE,,950.0,,39.13618346,-86.542759,LOCAL/CITY ROAD,,URBAN,N,N,N,,DAYLIGHT,CLEAR,DRY,,NO JUNCTION INVOLVED,,ASPHALT,FOLLOWING TOO CLOSELY,REAR END,WCOUNTRYCLUBDRSBANTAAVE,,2022-04-04 16:32:00
417,BLOOMINGTON PD,BLOOMINGTON,2,,0,0,0,,,,W. ARLINGTON RD,W. GOURLEY PK,,0.0,,39.186471,-86.551125,LOCAL/CITY ROAD,,URBAN,N,N,N,,DAYLIGHT,CLOUDY,DRY,,T-INTERSECTION,,ASPHALT,OVERCORRECTING/OVERSTEERING,LEFT TURN,W.GOURLEYPKW.ARLINGTONRD,,2022-03-23 12:53:00
418,BLOOMINGTON PD,BLOOMINGTON,2,,0,0,0,,,,N LINCOLN ST,E 17TH ST,,0.0,,39.17890571,-86.53096981,LOCAL/CITY ROAD,,URBAN,N,N,N,,DAYLIGHT,CLEAR,DRY,,NO JUNCTION INVOLVED,,ASPHALT,IMPROPER PASSING,SAME DIRECTION SIDESWIPE,NLINCOLNSTE17THST,,2022-05-16 15:35:00
419,BLOOMINGTON PD,BLOOMINGTON,2,,1,0,0,,,,W 3RD ST,N GATES DR,,0.0,,39.164606,-86.57633964,LOCAL/CITY ROAD,,URBAN,N,N,N,,DARK (LIGHTED),CLEAR,DRY,,FOUR-WAY INTERSECTION,,ASPHALT,OTHER (VEHICLE) - EXPLAIN IN NARRATIVE,REAR END,W3RDSTNGATESDR,,2022-02-15 21:15:00
420,MONROE SD,BLOOMINGTON,1,,0,0,0,,,,S DEER TRCE,E LAMPKINS RIDGE RD,,1162.0,,39.1512762,-86.42405695,LOCAL/CITY ROAD,,RURAL,N,N,N,,DAYLIGHT,CLEAR,DRY,,NO JUNCTION INVOLVED,,ASPHALT,OVERCORRECTING/OVERSTEERING,RAN OFF ROAD,SDEERTRCEELAMPKINSRIDGERD,,2022-03-30 00:00:00
421,BLOOMINGTON PD,BLOOMINGTON,2,,1,0,0,,,,S PARK AVE,E UNIVERSITY ST,,0.0,,39.16036,-86.523999,LOCAL/CITY ROAD,,URBAN,N,N,N,,DAYLIGHT,RAIN,WET,,FOUR-WAY INTERSECTION,,ASPHALT,FAILURE TO YIELD RIGHT OF WAY,RIGHT ANGLE,SPARKAVEEUNIVERSITYST,,2022-05-05 17:50:00
422,BLOOMINGTON PD,BLOOMINGTON,2,,0,0,0,,,,STATE RD 45,E 10TH ST,,0.0,,39.17213728,-86.50250924,STATE ROAD,,URBAN,N,N,N,,DAYLIGHT,CLEAR,DRY,,FOUR-WAY INTERSECTION,,ASPHALT,FOLLOWING TOO CLOSELY,REAR END,STATERD45E10THST,,2022-03-26 20:39:00
423,BLOOMINGTON PD,BLOOMINGTON,2,,0,0,0,,,,S WILLIAMSBURG DR,LONGVIEW AVE,,0.0,,39.16626862,-86.49659843,PRIVATE DRIVE,,URBAN,N,N,N,,DAYLIGHT,CLOUDY,WET,,NO JUNCTION INVOLVED,,ASPHALT,IMPROPER TURNING,BACKING CRASH,SWILLIAMSBURGDRLONGVIEWAVE,,2022-05-21 13:20:00
424,BLOOMINGTON PD,BLOOMINGTON,1,,0,0,0,,,,E SMITH AVE,S DUNN ST,,0.0,,39.16278884,-86.52795067,LOCAL/CITY ROAD,,URBAN,N,N,N,,DAYLIGHT,CLEAR,DRY,,NO JUNCTION INVOLVED,,ASPHALT,OTHER (DRIVER) - EXPLAIN IN NARRATIVE,OTHER - EXPLAIN IN NARRATIVE,SDUNNSTESMITHAVE,,2022-04-16 10:30:00
425,BLOOMINGTON PD,BLOOMINGTON,1,,0,0,1,,,,S ROCKPORT RD,W TAPP RD,,0.0,,39.13600521,-86.54907912,LOCAL/CITY ROAD,,URBAN,N,N,N,,DARK (NOT LIGHTED),CLEAR,DRY,,FOUR-WAY INTERSECTION,,ASPHALT,ANIMAL/OBJECT IN ROADWAY,OTHER - EXPLAIN IN NARRATIVE,WTAPPRDSROCKPORTRD,,2022-03-29 20:26:00
426,ISP BLOOMINGTON 33,ELLETTSVILLE,1,,0,0,0,,,,N STINESVILLE RD,HEDRICK RD,,500.0,,39.28249481,-86.66313403,COUNTY ROAD,,RURAL,N,N,N,,DAYLIGHT,CLEAR,MUDDY,,INTERCHANGE,,ASPHALT,,RAN OFF ROAD,NSTINESVILLERDHEDRICKRD,,2022-04-12 11:24:00
427,BLOOMINGTON PD,BLOOMINGTON,2,,0,0,0,,,,S WILLIAMSBURG DR,,,0.0,,39.16470651,-86.49614172,PRIVATE DRIVE,,URBAN,N,N,N,,DAYLIGHT,CLEAR,DRY,,NO JUNCTION INVOLVED,,ASPHALT,UNSAFE BACKING,BACKING CRASH,SWILLIAMSBURGDR,,2022-05-14 10:00:00
428,BLOOMINGTON PD,BLOOMINGTON,2,,0,0,0,,,,STATE RD 46,E 3RD ST,,898.0,,39.16559349,-86.49915881,STATE ROAD,,URBAN,N,N,Y,LANE CLOSURE,DAYLIGHT,RAIN,WET,,NO JUNCTION INVOLVED,,ASPHALT,BRAKE FAILURE OR DEFECTIVE,REAR END,STATERD46E3RDST,,2022-05-25 18:11:00
429,MONROE SD,BLOOMINGTON,2,,1,0,0,,,,W STATE RD 45,W HINDS RD,,0.0,,39.08983937,-86.66634626,STATE ROAD,,RURAL,N,N,N,,DAYLIGHT,CLOUDY,DRY,,FOUR-WAY INTERSECTION,,ASPHALT,FAILURE TO YIELD RIGHT OF WAY,RIGHT ANGLE,WSTATERD45WHINDSRD,,2022-04-18 15:07:00
430,BLOOMINGTON PD,BLOOMINGTON,4,,0,0,0,3618,,,W 3RD ST,,,0.0,,39.16618409,-86.58067651,PRIVATE DRIVE,,URBAN,N,N,N,,DARK (LIGHTED),CLEAR,DRY,,NO JUNCTION INVOLVED,,ASPHALT,UNSAFE LANE MOVEMENT,OTHER - EXPLAIN IN NARRATIVE,W3RDST,,2022-05-03 08:11:00
431,MONROE SD,BLOOMINGTON,2,,0,0,0,4025,,,S OLD STATE ROAD 37,,,0.0,,39.12046203,-86.52988394,PRIVATE DRIVE,,URBAN,N,N,N,,DAYLIGHT,CLEAR,DRY,,NO JUNCTION INVOLVED,,ASPHALT,DRIVER ILLNESS,OTHER - EXPLAIN IN NARRATIVE,SOLDSTATEROAD37,,2022-05-07 12:26:00
432,MONROE SD,BLOOMINGTON,1,,1,0,0,,,,E ROBINSON RD,HILLSAMER RD,,350.0,,39.25039786,-86.46627536,LOCAL/CITY ROAD,,RURAL,N,N,N,,DAWN/DUSK,CLEAR,WET,,NO JUNCTION INVOLVED,,ASPHALT,OVERCORRECTING/OVERSTEERING,RAN OFF ROAD,HILLSAMERRDEROBINSONRD,,2022-05-14 20:20:00
433,MONROE SD,,2,,1,0,0,,,,W SR 46,N STINESVILLE RD,,1000.0,,39.31659595,-86.86856764,STATE ROAD,,RURAL,N,N,N,,DAWN/DUSK,CLEAR,DRY,,T-INTERSECTION,,ASPHALT,FOLLOWING TOO CLOSELY,SAME DIRECTION SIDESWIPE,WSR46NSTINESVILLERD,,2022-05-13 20:00:00
434,BLOOMINGTON PD,BLOOMINGTON,2,,1,0,0,,,,N MORTON ST,W 11TH ST,,0.0,,39.17326615,-86.53605679,LOCAL/CITY ROAD,,URBAN,N,N,N,,DAYLIGHT,CLEAR,DRY,,FOUR-WAY INTERSECTION,,ASPHALT,FAILURE TO YIELD RIGHT OF WAY,RIGHT ANGLE,W11THSTNMORTONST,,2022-05-07 14:30:00
435,BLOOMINGTON PD,BLOOMINGTON,2,,0,0,0,,,,W 4TH ST,S WALNUT ST,,0.0,,39.16560362,-86.53423859,LOCAL/CITY ROAD,,URBAN,N,N,N,,DAYLIGHT,CLEAR,DRY,,FOUR-WAY INTERSECTION,,ASPHALT,FAILURE TO YIELD RIGHT OF WAY,RIGHT ANGLE,W4THSTSWALNUTST,,2022-03-01 12:02:00
436,MONROE SD,BLOOMINGTON,2,,0,0,0,,,,W STATE RD 45,,,0.0,,39.14195943,-86.58089459,PRIVATE DRIVE,,RURAL,N,N,N,,DAYLIGHT,CLOUDY,DRY,,NO JUNCTION INVOLVED,,ASPHALT,FAILURE TO YIELD RIGHT OF WAY,BACKING CRASH,WSTATERD45,,2022-05-27 14:47:00
437,INDIANA UNIV BLOOMINGTON PD,BLOOMINGTON,2,,0,0,0,,,,N JORDAN AVE,,,0.0,,39.18080606,-86.51105977,LOCAL/CITY ROAD,,URBAN,N,N,N,,UNKNOWN,CLEAR,DRY,,NO JUNCTION INVOLVED,,ASPHALT,IMPROPER LANE USAGE,SAME DIRECTION SIDESWIPE,NJORDANAVE,,2022-02-14 17:00:00
438,BLOOMINGTON PD,BLOOMINGTON,2,,0,0,0,848,,,E MILLER DR,,,0.0,,39.14589502,-86.52281053,,,URBAN,N,N,N,,DARK (LIGHTED),CLEAR,WET,,NO JUNCTION INVOLVED,,ASPHALT,OVERCORRECTING/OVERSTEERING,BACKING CRASH,EMILLERDR,,2022-02-12 22:52:00
439,INDIANA UNIV BLOOMINGTON PD,BLOOMINGTON,2,,0,0,0,,,,N FEE LN,E 13TH ST,,0.0,,39.17496346,-86.51853508,PRIVATE DRIVE,,URBAN,N,N,N,,DAYLIGHT,CLEAR,DRY,,NO JUNCTION INVOLVED,,ASPHALT,IMPROPER TURNING,SAME DIRECTION SIDESWIPE,NFEELNE13THST,,2022-04-29 14:25:00
440,BLOOMINGTON PD,BLOOMINGTON,2,,0,0,0,,,,E 7TH ST,N DUNN ST,,0.0,,39.16854921,-86.52831263,,,URBAN,N,N,N,,DAYLIGHT,CLEAR,DRY,,T-INTERSECTION,,ASPHALT,FAILURE TO YIELD RIGHT OF WAY,RIGHT ANGLE,NDUNNSTE7THST,,2022-05-08 12:10:00
441,MONROE SD,BLOOMINGTON,1,,0,0,0,,,,S LIBERTY DR,CONSTITUTION WAY,,1500.0,,39.151195,-86.576869,LOCAL/CITY ROAD,,URBAN,N,N,N,,DAWN/DUSK,CLEAR,ICE,,NO JUNCTION INVOLVED,,ASPHALT,ROADWAY SURFACE CONDITION,RAN OFF ROAD,SLIBERTYDRCONSTITUTIONWAY,,2022-02-18 06:26:00
442,BLOOMINGTON PD,BLOOMINGTON,2,,0,0,0,,,,533 W GRANITE DR,,,0.0,,0.0,0.0,LOCAL/CITY ROAD,,URBAN,N,N,N,,DAYLIGHT,CLEAR,ICE,,NO JUNCTION INVOLVED,,ASPHALT,ROADWAY SURFACE CONDITION,REAR END,533WGRANITEDR,,2022-02-18 11:38:00
443,BLOOMINGTON PD,BLOOMINGTON,2,,1,0,0,,,,E 3RD ST,S JEFFERSON ST,,0.0,,39.16429371,-86.50696473,LOCAL/CITY ROAD,,URBAN,N,N,N,,DAYLIGHT,CLEAR,DRY,,T-INTERSECTION,,ASPHALT,FOLLOWING TOO CLOSELY,REAR END,SJEFFERSONSTE3RDST,,2022-05-07 12:37:00
444,ISP BLOOMINGTON 33,BLOOMINGTON,2,,0,0,0,,,,I69,,,0.0,,39.16809881,-86.57237009,INTERSTATE,,URBAN,N,N,N,,DAYLIGHT,RAIN,WET,,NO JUNCTION INVOLVED,,ASPHALT,UNSAFE LANE MOVEMENT,REAR END,I69118,,2022-04-06 11:34:00
445,BLOOMINGTON PD,BLOOMINGTON,2,,0,0,0,,,,S WALNUT ST,E MILLER DR,,581.0,,39.14790096,-86.53296179,LOCAL/CITY ROAD,,URBAN,N,N,N,,DARK (NOT LIGHTED),CLEAR,DRY,,NO JUNCTION INVOLVED,,ASPHALT,UNSAFE LANE MOVEMENT,SAME DIRECTION SIDESWIPE,SWALNUTSTEMILLERDR,,2022-05-12 22:01:00
446,BLOOMINGTON PD,BLOOMINGTON,2,,0,0,0,,,,S COLLEGE AVE,W 1ST ST,,158.0,,39.1596959,-86.53497613,LOCAL/CITY ROAD,,URBAN,N,N,N,,DAYLIGHT,RAIN,WET,,NO JUNCTION INVOLVED,,ASPHALT,IMPROPER TURNING,SAME DIRECTION SIDESWIPE,W1STSTSCOLLEGEAVE,,2022-05-18 16:49:00
447,BLOOMINGTON PD,BLOOMINGTON,2,,0,0,0,,,,E HILLSIDE DR,S WOODLAWN AVE,,0.0,,39.15053571,-86.52261204,LOCAL/CITY ROAD,,URBAN,N,N,N,,UNKNOWN,RAIN,WET,,FOUR-WAY INTERSECTION,,ASPHALT,UNSAFE LANE MOVEMENT,RIGHT TURN,SWOODLAWNAVEEHILLSIDEDR,,2022-04-06 21:30:00
448,MONROE SD,BLOOMINGTON,2,,0,0,0,,,,N RUSSELL RD,COMMODORE TRAIL,,0.0,,39.18692265,-86.48181056,COUNTY ROAD,,RURAL,N,N,N,,DAYLIGHT,CLEAR,DRY,,T-INTERSECTION,,ASPHALT,IMPROPER TURNING,OPPOSITE DIRECTION SIDESWIPE,NRUSSELLRDCOMMODORETRAIL,,2022-02-21 14:05:00
449,BLOOMINGTON PD,BLOOMINGTON,2,,0,0,0,,,,SR 46,E 10TH ST,,0.0,,39.17140378,-86.50204957,STATE ROAD,,URBAN,N,N,N,,DAYLIGHT,CLOUDY,DRY,,FOUR-WAY INTERSECTION,,ASPHALT,FOLLOWING TOO CLOSELY,REAR END,SR46E10THST,,2022-05-27 15:53:00
450,MONROE SD,,1,,0,0,0,,,,,,,0.0,,39.2154336,-86.53702378,COUNTY ROAD,,URBAN,N,N,N,,DAYLIGHT,CLEAR,DRY,,FOUR-WAY INTERSECTION,,ASPHALT,FAILURE TO YIELD RIGHT OF WAY,RIGHT ANGLE,,,2022-04-26 16:56:00
451,MONROE SD,BLOOMINGTON,2,,0,0,0,,,,E CREEKS EDGE DR,E GARDEN PATH,,0.0,,39.13146005,-86.4949935,LOCAL/CITY ROAD,,RURAL,N,N,N,,DAYLIGHT,CLEAR,DRY,,NO JUNCTION INVOLVED,,ASPHALT,UNSAFE BACKING,BACKING CRASH,EGARDENPATHECREEKSEDGEDR,,2022-02-26 15:51:00
452,INDIANA UNIV BLOOMINGTON PD,BLOOMINGTON,2,,0,0,0,,,,E 3RD ST,S. FESS AVENUE,,300.0,,39.16427918,-86.52411408,LOCAL/CITY ROAD,,URBAN,N,N,N,,DAYLIGHT,CLOUDY,DRY,,NO JUNCTION INVOLVED,,ASPHALT,FOLLOWING TOO CLOSELY,REAR END,S.FESSAVENUEE3RDST,,2022-04-29 11:55:00
453,BLOOMINGTON PD,BLOOMINGTON,2,,1,0,0,,,,S WASHINGTON ST,E 2ND ST,,0.0,,39.16098835,-86.53246301,LOCAL/CITY ROAD,,URBAN,N,N,N,,DARK (NOT LIGHTED),CLEAR,DRY,,NO JUNCTION INVOLVED,,ASPHALT,FAILURE TO YIELD RIGHT OF WAY,RIGHT TURN,SWASHINGTONSTE2NDST,,2022-04-12 20:54:00
454,BLOOMINGTON PD,BLOOMINGTON,2,,2,0,0,,,,E. 7TH ST,N. DUNN ST,,0.0,,39.168516,-86.52827,LOCAL/CITY ROAD,,URBAN,N,N,N,,DAYLIGHT,RAIN,WET,,FOUR-WAY INTERSECTION,,ASPHALT,FAILURE TO YIELD RIGHT OF WAY,RIGHT ANGLE,N.DUNNSTE.7THST,,2022-04-13 10:55:00
455,BLOOMINGTON PD,BLOOMINGTON,2,,0,0,0,,,,528 S. COLLEGE AVE,,,0.0,,0.0,0.0,PRIVATE DRIVE,,URBAN,N,N,N,,DAYLIGHT,CLEAR,DRY,,NO JUNCTION INVOLVED,,ASPHALT,UNSAFE BACKING,BACKING CRASH,528S.COLLEGEAVE,,2022-05-20 12:52:00
456,MONROE SD,BLOOMINGTON,1,,0,0,0,,,,W 3RD ST,N OARD ROAD,,400.0,,39.16460061,-86.62096547,STATE ROAD,,RURAL,N,N,N,,DARK (NOT LIGHTED),SNOW,DRY,,NO JUNCTION INVOLVED,,ASPHALT,LEFT OF CENTER,RAN OFF ROAD,W3RDSTNOARDROAD,,2022-02-12 19:06:00
457,BLOOMINGTON PD,BLOOMINGTON,2,,0,0,0,,,,N WALNUT ST,W STATE ROAD 46 BYPASS,,0.0,,39.18506399,-86.53454251,LOCAL/CITY ROAD,,URBAN,N,N,N,,DARK (LIGHTED),CLEAR,DRY,,NO JUNCTION INVOLVED,,ASPHALT,IMPROPER TURNING,RIGHT ANGLE,WSTATEROAD46BYPASSNWALNUTST,,2022-03-26 23:40:00
458,BLOOMINGTON PD,BLOOMINGTON,1,,0,0,0,,,,W 11TH ST,N FAIRVIEW ST,,0.0,,39.1730971,-86.54086052,LOCAL/CITY ROAD,,URBAN,N,N,N,,DAYLIGHT,CLEAR,DRY,,Y-INTERSECTION,,ASPHALT,OTHER (ENVIRONMENTAL) - EXPLAIN IN NARR,OTHER - EXPLAIN IN NARRATIVE,W11THSTNFAIRVIEWST,,2022-05-12 09:15:00
459,ISP BLOOMINGTON 33,BLOOMINGTON,1,,1,0,0,,,,W STATE RD 45,W AIRPORT RD,,0.0,,39.13636702,-86.59443842,STATE ROAD,,RURAL,N,N,N,,DAYLIGHT,CLOUDY,DRY,,T-INTERSECTION,,ASPHALT,FAILURE TO MAINTAIN LANE,,WSTATERD45WAIRPORTRD,,2022-03-24 09:45:00
460,BLOOMINGTON PD,BLOOMINGTON,2,,0,0,0,,,,E. 10TH ST,N.DUNN ST,,0.0,,39.171661,-86.528297,LOCAL/CITY ROAD,,URBAN,N,N,N,,DAYLIGHT,CLOUDY,DRY,,FOUR-WAY INTERSECTION,,ASPHALT,FAILURE TO YIELD RIGHT OF WAY,RIGHT ANGLE,N.DUNNSTE.10THST,,2022-04-22 12:10:00
461,MONROE SD,BLOOMINGTON,2,,0,0,0,,,,45,W JOHN WILLIAMS LN,,500.0,,39.1000284,-86.65118259,STATE ROAD,,RURAL,N,N,N,,DAYLIGHT,CLEAR,DRY,,NO JUNCTION INVOLVED,,ASPHALT,LEFT OF CENTER,OPPOSITE DIRECTION SIDESWIPE,WJOHNWILLIAMSLN45,,2022-05-12 15:10:00
462,MONROE SD,BLOOMINGTON,2,,0,0,0,3367,,,N THOMAS RD,,,0.0,,,,LOCAL/CITY ROAD,,RURAL,N,N,N,,DAYLIGHT,CLOUDY,DRY,,NO JUNCTION INVOLVED,,GRAVEL,UNSAFE BACKING,BACKING CRASH,NTHOMASRD,,2022-04-05 07:30:00
463,INDIANA UNIV BLOOMINGTON PD,BLOOMINGTON,2,,1,0,0,,,,STATE RD 46,EASTGATE LN,,264.0,,39.17059732,-86.50156914,STATE ROAD,,URBAN,N,N,N,,DARK (NOT LIGHTED),RAIN,WET,,NO JUNCTION INVOLVED,,ASPHALT,UNSAFE LANE MOVEMENT,SAME DIRECTION SIDESWIPE,STATERD46EASTGATELN,,2022-02-17 06:25:00
464,INDIANA UNIV BLOOMINGTON PD,BLOOMINGTON,2,,0,0,0,,,,E. 10TH ST,N. WOODLAWN AVE.,,0.0,,39.17163441,-86.523583,LOCAL/CITY ROAD,,URBAN,N,N,N,,DAYLIGHT,CLEAR,DRY,,FOUR-WAY INTERSECTION,,ASPHALT,FOLLOWING TOO CLOSELY,REAR END,N.WOODLAWNAVE.E.10THST,,2022-03-06 11:10:00
465,BLOOMINGTON PD,BLOOMINGTON,2,,1,0,0,,,,N LINCOLN ST,E 7TH ST,,0.0,,39.16854366,-86.53105921,LOCAL/CITY ROAD,,URBAN,N,N,N,,DAYLIGHT,CLOUDY,DRY,,FOUR-WAY INTERSECTION,,ASPHALT,FAILURE TO YIELD RIGHT OF WAY,RIGHT ANGLE,NLINCOLNSTE7THST,,2022-05-02 16:13:00
466,INDIANA UNIV BLOOMINGTON PD,BLOOMINGTON,2,,0,0,0,,,,E AUTO MALL RD,E COVENANTER DR,,0.0,,39.15541486,-86.49609543,LOCAL/CITY ROAD,,URBAN,N,N,N,,DAYLIGHT,CLEAR,DRY,,NO JUNCTION INVOLVED,,ASPHALT,UNSAFE BACKING,BACKING CRASH,ECOVENANTERDREAUTOMALLRD,,2022-05-13 13:05:00
467,BLOOMINGTON PD,BLOOMINGTON,1,,0,0,1,,,,STATE RD 446,E MOORES PIKE,,422.0,,39.15109316,-86.47138542,STATE ROAD,,URBAN,N,N,N,,DARK (NOT LIGHTED),CLEAR,DRY,,NO JUNCTION INVOLVED,,ASPHALT,ANIMAL/OBJECT IN ROADWAY,COLLISION WITH DEER,STATERD446EMOORESPIKE,,2022-02-07 18:46:00
468,BLOOMINGTON PD,BLOOMINGTON,2,,0,0,0,,,,S. PATTERSON DR,W. 2ND ST,,0.0,,39.160737,-86.548536,LOCAL/CITY ROAD,,URBAN,N,N,N,,DAYLIGHT,RAIN,WET,,FOUR-WAY INTERSECTION,,ASPHALT,FOLLOWING TOO CLOSELY,REAR END,W.2NDSTS.PATTERSONDR,,2022-04-08 08:11:00
469,INDIANA UNIV BLOOMINGTON PD,BLOOMINGTON,2,,0,0,0,,,,S EAGLESON AVE.,E 3RD ST,,0.0,,39.1639818,-86.51641346,LOCAL/CITY ROAD,,URBAN,N,N,N,,DAYLIGHT,RAIN,WET,,FOUR-WAY INTERSECTION,,ASPHALT,FAILURE TO YIELD RIGHT OF WAY,RIGHT ANGLE,SEAGLESONAVE.E3RDST,,2022-04-06 14:30:00
470,BLOOMINGTON PD,BLOOMINGTON,1,,1,0,0,,,,S CLARIZZ BLVD,E BRYN MAWR DR,,0.0,,39.15245569,-86.49006314,,,URBAN,N,N,N,,DAYLIGHT,CLEAR,DRY,,T-INTERSECTION,,ASPHALT,FAILURE TO YIELD RIGHT OF WAY,RIGHT ANGLE,SCLARIZZBLVDEBRYNMAWRDR,,2022-05-17 08:18:00
471,BLOOMINGTON PD,BLOOMINGTON,2,,0,0,0,,,,S ROCKPORT RD,W COUNTRY CLUB DR,,0.0,,39.13636866,-86.54873002,LOCAL/CITY ROAD,,URBAN,N,N,N,,DARK (LIGHTED),CLOUDY,DRY,,FOUR-WAY INTERSECTION,,ASPHALT,LEFT OF CENTER,RIGHT TURN,WCOUNTRYCLUBDRSROCKPORTRD,,2022-03-07 19:00:00
472,BLOOMINGTON PD,BLOOMINGTON,2,,0,0,0,1425,,,N DUNN ST EVOLVE APTS,,,0.0,,39.17897264,-86.53134226,PRIVATE DRIVE,,URBAN,N,N,N,,DARK (LIGHTED),CLOUDY,DRY,,NO JUNCTION INVOLVED,,ASPHALT,FAILURE TO YIELD RIGHT OF WAY,RIGHT ANGLE,NDUNNSTEVOLVEAPTS,,2022-03-06 22:00:00
473,MONROE SD,BLOOMINGTON,1,,0,0,0,,,,STATE RD 46,,,0.0,,39.18729916,-86.56269164,STATE ROAD,,RURAL,N,Y,N,,DAYLIGHT,CLEAR,DRY,,NO JUNCTION INVOLVED,,ASPHALT,VIEW OBSTRUCTED,RAN OFF ROAD,STATERD46,,2022-03-14 08:50:00
474,MONROE SD,BLOOMINGTON,2,,0,0,0,,,,STATE RD 45,N MARTIN DR,,317.0,,39.20423811,-86.46333522,STATE ROAD,,RURAL,N,N,N,,DAWN/DUSK,CLOUDY,WET,,NO JUNCTION INVOLVED,,ASPHALT,SPEED TOO FAST FOR WEATHER CONDITIONS,HEAD ON BETWEEN TWO MOTOR VEHICLES,STATERD45NMARTINDR,,2022-04-12 07:02:00
475,BLOOMINGTON PD,BLOOMINGTON,2,,0,0,0,219 E,,,E 4TH ST,,,0.0,,39.1648884,-86.53158946,PRIVATE DRIVE,,URBAN,N,N,N,,UNKNOWN,CLEAR,DRY,,NO JUNCTION INVOLVED,,ASPHALT,FAILURE TO YIELD RIGHT OF WAY,OTHER - EXPLAIN IN NARRATIVE,E4THST,,2022-05-25 16:30:00
476,BLOOMINGTON PD,BLOOMINGTON,3,,0,0,0,,,,W COUNTRY CLUB DR,S MILTON DR,,898.0,,39.13615908,-86.54139338,LOCAL/CITY ROAD,,URBAN,N,N,N,,DAYLIGHT,CLEAR,SNOW/SLUSH,,NO JUNCTION INVOLVED,,CONCRETE,FOLLOWING TOO CLOSELY,REAR END,WCOUNTRYCLUBDRSMILTONDR,,2022-02-08 16:15:00
477,BLOOMINGTON PD,BLOOMINGTON,2,,0,0,0,2200,,,S WALNUT ST,S NORTH DR,,0.0,,39.14365247,-86.53366216,PRIVATE DRIVE,,URBAN,N,N,N,,DAYLIGHT,CLEAR,DRY,,NO JUNCTION INVOLVED,,ASPHALT,FAILURE TO YIELD RIGHT OF WAY,RIGHT ANGLE,SWALNUTSTSNORTHDR,,2022-04-19 13:18:00
478,BLOOMINGTON PD,BLOOMINGTON,1,,1,0,0,,,,S COLLEGE MALL RD,,,0.0,,39.15766962,-86.49753698,PRIVATE DRIVE,,URBAN,N,N,N,,DAYLIGHT,CLEAR,DRY,,NO JUNCTION INVOLVED,,ASPHALT,UNSAFE BACKING,BACKING CRASH,SCOLLEGEMALLRD,,2022-03-17 15:50:00