_id,Agency,City,Vehicles Involved,Trailers Involved,Number Injured,Number Dead,Number Deer,House Number,Roadway Interchange,Roadway Ramp,Roadway Id,Intersecting Road,Interchange,Feet From,Direction,Latitude,Longitude,Roadway Class,Hit and Run?,Locality,School Zone?,Rumble Strips?,Construction?,Construction Type,Light Condition,Weather Conditions,Surface Condition,Type of Median,Roadway Junction Type,Road Character,Roadway Surface,Primary Factor,Manner of Collision,Unique Location Id,Traffic Control,DateTime
479,BLOOMINGTON PD,BLOOMINGTON,2,,0,0,0,,,,S LIBERTY DR,W 3RD ST,,0.0,,39.16405458,-86.5791101,LOCAL/CITY ROAD,,URBAN,N,N,N,,DAYLIGHT,CLOUDY,DRY,,NO JUNCTION INVOLVED,,ASPHALT,FOLLOWING TOO CLOSELY,REAR END,W3RDSTSLIBERTYDR,,2022-04-07 17:13:00
480,ISP BLOOMINGTON 33,BLOOMINGTON,1,,1,0,0,,,,S SARE ROAD,EAST OLSON DRIVE,,0.0,,39.13217337,-86.4999852,LOCAL/CITY ROAD,,URBAN,N,N,N,,DAYLIGHT,CLEAR,DRY,,FOUR-WAY INTERSECTION,,ASPHALT,OTHER (DRIVER) - EXPLAIN IN NARRATIVE,OTHER - EXPLAIN IN NARRATIVE,SSAREROADEASTOLSONDRIVE,,2022-05-20 12:06:00
481,BLOOMINGTON PD,BLOOMINGTON,2,,0,0,0,1412,,,W 11TH ST,,,0.0,,39.17324706,-86.55316492,PRIVATE DRIVE,,URBAN,N,N,N,,DAYLIGHT,RAIN,WET,,NO JUNCTION INVOLVED,,ASPHALT,UNSAFE BACKING,BACKING CRASH,W11THST,,2022-03-19 20:12:00
482,MONROE SD,BLOOMINGTON,2,,0,0,0,,,,W ARLINGTON RD,N SHELBURNE DR,,0.0,,39.20775192,-86.57380947,COUNTY ROAD,,RURAL,N,N,N,,DAYLIGHT,CLOUDY,WET,,T-INTERSECTION,,ASPHALT,FOLLOWING TOO CLOSELY,REAR END,WARLINGTONRDNSHELBURNEDR,,2022-04-18 08:56:00
483,ISP BLOOMINGTON 33,BLOOMINGTON,2,,2,0,0,,,,W 3RD ST,W 3RD ST,,0.0,,39.16313288,-86.6291451,STATE ROAD,,RURAL,N,N,N,,DARK (NOT LIGHTED),CLEAR,DRY,,T-INTERSECTION,,ASPHALT,LEFT OF CENTER,OPPOSITE DIRECTION SIDESWIPE,W3RDSTW3RDST,,2022-03-15 07:05:00
484,BLOOMINGTON PD,BLOOMINGTON,2,,0,0,0,,,,STATE RD 446,E BILL MALLORY BLVD,,0.0,,39.15927405,-86.47158569,LOCAL/CITY ROAD,,URBAN,N,N,N,,DAYLIGHT,CLOUDY,DRY,,T-INTERSECTION,,ASPHALT,FOLLOWING TOO CLOSELY,REAR END,STATERD446EBILLMALLORYBLVD,,2022-04-12 16:29:00
485,BLOOMINGTON PD,BLOOMINGTON,2,,0,0,0,,,,120 N. GATES DR,,,0.0,,0.0,0.0,LOCAL/CITY ROAD,,URBAN,N,N,N,,DAYLIGHT,CLEAR,DRY,,NO JUNCTION INVOLVED,,ASPHALT,UNSAFE BACKING,BACKING CRASH,120N.GATESDR,,2022-02-15 11:23:00
486,BLOOMINGTON PD,BLOOMINGTON,2,,0,0,0,,,,W MARBLE LN,,,0.0,,39.17981582,-86.54076812,LOCAL/CITY ROAD,,URBAN,N,N,N,,UNKNOWN,CLEAR,DRY,,NO JUNCTION INVOLVED,,ASPHALT,OTHER (DRIVER) - EXPLAIN IN NARRATIVE,OTHER - EXPLAIN IN NARRATIVE,WMARBLELN,,2022-03-31 20:02:00
487,BLOOMINGTON PD,BLOOMINGTON,2,,0,0,0,,,,S COLLEGE MALL RD,E 2ND ST,,0.0,,39.16286087,-86.49861164,LOCAL/CITY ROAD,,URBAN,N,N,N,,DAYLIGHT,CLOUDY,WET,,FOUR-WAY INTERSECTION,,ASPHALT,FOLLOWING TOO CLOSELY,REAR END,SCOLLEGEMALLRDE2NDST,,2022-04-12 09:00:00
488,MONROE SD,BLOOMINGTON,2,,0,0,0,2000,,,S LIBERTY DR,,,0.0,,39.14845907,-86.57749168,PRIVATE DRIVE,,URBAN,N,N,N,,DAWN/DUSK,RAIN,WET,,NO JUNCTION INVOLVED,,ASPHALT,DRIVER DISTRACTED - EXPLAIN IN NARRATIVE,REAR END,SLIBERTYDR,,2022-04-06 07:11:00
489,BLOOMINGTON PD,BLOOMINGTON,2,,0,0,0,,,,S SMITH RD,E COBBLE CREEK DR,,0.0,,39.15281476,-86.48054562,LOCAL/CITY ROAD,,URBAN,N,N,N,,DARK (LIGHTED),CLEAR,DRY,,T-INTERSECTION,,ASPHALT,IMPROPER TURNING,LEFT TURN,SSMITHRDECOBBLECREEKDR,,2022-03-09 20:22:00
490,BLOOMINGTON PD,BLOOMINGTON,2,,0,0,0,,,,W 3RD ST,S WESTPLEX AVE,,0.0,,39.1643998,-86.55389376,LOCAL/CITY ROAD,,URBAN,N,N,N,,DAYLIGHT,CLOUDY,DRY,,FOUR-WAY INTERSECTION,,ASPHALT,FAILURE TO YIELD RIGHT OF WAY,RIGHT ANGLE,W3RDSTSWESTPLEXAVE,,2022-05-04 16:48:00
491,BLOOMINGTON PD,BLOOMINGTON,2,,0,0,0,,,,PINEHURST DR,W TAPP RD,,0.0,,39.13653565,-86.54992957,LOCAL/CITY ROAD,,URBAN,N,N,N,,DAYLIGHT,CLEAR,DRY,,T-INTERSECTION,,ASPHALT,FOLLOWING TOO CLOSELY,REAR END,WTAPPRDPINEHURSTDR,,2022-02-01 16:15:00
492,MONROE SD,BLOOMINGTON,1,,0,0,0,,,,S SOCIETY LN,E SMITHVILLE RD,,0.0,,39.07102136,-86.51792338,LOCAL/CITY ROAD,,RURAL,N,N,N,,DAYLIGHT,SNOW,SNOW/SLUSH,,T-INTERSECTION,,ASPHALT,SPEED TOO FAST FOR WEATHER CONDITIONS,RAN OFF ROAD,SSOCIETYLNESMITHVILLERD,,2022-01-28 14:34:00
493,BLOOMINGTON PD,BLOOMINGTON,2,,0,0,0,,,,S ROGERS ST,W 4TH ST,,0.0,,39.16558656,-86.53869815,LOCAL/CITY ROAD,,URBAN,N,N,N,,DAYLIGHT,CLEAR,DRY,,FOUR-WAY INTERSECTION,,ASPHALT,FAILURE TO YIELD RIGHT OF WAY,RIGHT ANGLE,W4THSTSROGERSST,,2022-01-21 03:18:00
494,BLOOMINGTON PD,BLOOMINGTON,2,,0,0,0,504,,,S BASSWOOD DR APT B,,,0.0,,39.16166636,-86.56968697,LOCAL/CITY ROAD,,URBAN,N,N,N,,DARK (LIGHTED),CLEAR,DRY,,NO JUNCTION INVOLVED,,ASPHALT,FAILURE TO YIELD RIGHT OF WAY,OTHER - EXPLAIN IN NARRATIVE,SBASSWOODDRAPTB,,2022-04-12 01:00:00
495,INDIANA UNIV BLOOMINGTON PD,BLOOMINGTON,2,,0,0,0,,,,S ROSE AVE,E JONES AVE,,0.0,,39.16479701,-86.51134676,PRIVATE DRIVE,,URBAN,N,N,N,,DAYLIGHT,CLOUDY,WET,,NO JUNCTION INVOLVED,,ASPHALT,UNSAFE BACKING,BACKING CRASH,SROSEAVEEJONESAVE,,2022-04-09 11:30:00
496,BLOOMINGTON PD,BLOOMINGTON,1,,0,0,0,,,,2200 S. WALNUT ST.,,,0.0,,39.14031716,-86.53126627,LOCAL/CITY ROAD,,URBAN,N,N,N,,DARK (LIGHTED),CLOUDY,DRY,,NO JUNCTION INVOLVED,,ASPHALT,DRIVER DISTRACTED - EXPLAIN IN NARRATIVE,COLLISION WITH OBJECT IN ROAD,2200S.WALNUTST.,,2022-02-14 19:14:00
497,BLOOMINGTON PD,BLOOMINGTON,2,,0,0,0,,,,W 10TH ST,N WALNUT ST,,0.0,,39.1716542,-86.53358945,LOCAL/CITY ROAD,,URBAN,N,N,N,,DAYLIGHT,CLEAR,DRY,,FOUR-WAY INTERSECTION,,ASPHALT,FAILURE TO YIELD RIGHT OF WAY,SAME DIRECTION SIDESWIPE,W10THSTNWALNUTST,,2022-02-27 15:40:00
498,BLOOMINGTON PD,BLOOMINGTON,2,,0,0,0,,,,1615 S BUFFSTONE CT,E THORNTON DR,,500.0,,39.1485,-86.5139933,LOCAL/CITY ROAD,,URBAN,N,N,N,,DAYLIGHT,CLEAR,DRY,,NO JUNCTION INVOLVED,,ASPHALT,OTHER (DRIVER) - EXPLAIN IN NARRATIVE,BACKING CRASH,ETHORNTONDR1615SBUFFSTONECT,,2022-02-28 10:34:00
499,BLOOMINGTON PD,BLOOMINGTON,2,,0,0,0,,,,S PETE ELLIS DR,E 3RD ST,,0.0,,39.16432077,-86.49498886,STATE ROAD,,URBAN,N,N,N,,DAYLIGHT,CLEAR,DRY,,T-INTERSECTION,,ASPHALT,FAILURE TO YIELD RIGHT OF WAY,HEAD ON BETWEEN TWO MOTOR VEHICLES,SPETEELLISDRE3RDST,,2022-04-23 11:20:00
500,MONROE SD,BLOOMINGTON,2,,0,0,0,,,,W 7TH ST,N ROGERS ST,,0.0,,39.16860466,-86.53861947,COUNTY ROAD,,URBAN,N,N,N,,DAWN/DUSK,CLEAR,DRY,,FOUR-WAY INTERSECTION,,ASPHALT,FAILURE TO YIELD RIGHT OF WAY,OPPOSITE DIRECTION SIDESWIPE,W7THSTNROGERSST,,2022-04-18 08:37:00
501,BLOOMINGTON PD,BLOOMINGTON,2,,0,0,0,,,,STATE RD 46,N KINSER PIKE,,200.0,,39.18669956,-86.5390196,LOCAL/CITY ROAD,,URBAN,N,N,N,,DAYLIGHT,CLEAR,DRY,,NO JUNCTION INVOLVED,,ASPHALT,FAILURE TO YIELD RIGHT OF WAY,REAR END,STATERD46NKINSERPIKE,,2022-04-20 16:09:00
502,MONROE SD,BLOOMINGTON,0,,0,0,0,,,,N UNION VALLEY RD,W MCNEELEY ST,,0.0,,39.23748732,-86.59271962,,,URBAN,N,N,N,,DARK (NOT LIGHTED),RAIN,WET,,T-INTERSECTION,,ASPHALT,IMPROPER TURNING,RAN OFF ROAD,WMCNEELEYSTNUNIONVALLEYRD,,2022-04-14 05:00:00
503,ISP BLOOMINGTON 33,BLOOMINGTON,2,,0,0,0,,,,STATE RD 37,,,0.0,,39.0885841,-86.54506474,STATE ROAD,,RURAL,N,N,N,,DAYLIGHT,RAIN,WET,,T-INTERSECTION,,ASPHALT,FAILURE TO MAINTAIN LANE,SAME DIRECTION SIDESWIPE,STATERD37,,2022-04-21 09:30:00
504,BLOOMINGTON PD,BLOOMINGTON,2,,1,0,0,,,,S WALNUT ST,W GRIMES LN,,0.0,,39.15332289,-86.53374857,LOCAL/CITY ROAD,,URBAN,N,N,N,,DARK (LIGHTED),CLEAR,DRY,,FOUR-WAY INTERSECTION,,ASPHALT,FAILURE TO YIELD RIGHT OF WAY,RIGHT ANGLE,WGRIMESLNSWALNUTST,,2022-03-09 21:30:00
505,MONROE SD,BLOOMINGTON,2,0.0,0,0,0,,,,SR46W,W ARLINGTON,,,,39.207648,-86.573792,STATE ROAD,N,RURAL,N,N,B,,DAYLIGHT,CLEAR,DRY,,NO JUNCTION INVOLVED,STRAIGHT/LEVEL,ASPHALT,FOLLOWING TOO CLOSELY,REAR END,SR46WWARLINGTONRD,TRAFFIC CONTROL SIGNAL,2022-01-11 15:19:00
506,MONROE SD,BLOOMINGTON,2,0.0,0,0,0,,,,WEST 11TH,NORTH MAPLE,,,,39.173408,-86.542,LOCAL/CITY ROAD,N,URBAN,N,N,N,,DAYLIGHT,CLEAR,DRY,,FOUR-WAY INTERSECTION,STRAIGHT/GRADE,ASPHALT,FAILURE TO YIELD RIGHT OF WAY,RIGHT ANGLE,NORTHMAPLESTWEST11THST,STOP SIGN,2022-01-10 15:15:00
507,ELLETTSVILLE PD,ELLETTSVILLE,1,0.0,0,0,0,303,,,W RITTER,,,,,39.23068408,-86.62537665,LOCAL/CITY ROAD,N,URBAN,N,N,N,,DAYLIGHT,CLEAR,DRY,,NO JUNCTION INVOLVED,STRAIGHT/GRADE,GRAVEL,OTHER (VEHICLE) - EXPLAIN IN NARRATIVE,OTHER - EXPLAIN IN NARRATIVE,WRITTERST,NONE,2022-01-18 08:03:00
508,MONROE SD,BLOOMINGTON,2,0.0,0,0,0,,,,S ROGERS,GREEN,,,,39.13108,-86.538546,OTHER,N,URBAN,N,N,N,,DAYLIGHT,CLEAR,DRY,,NO JUNCTION INVOLVED,STRAIGHT/HILLCREST,ASPHALT,LEFT OF CENTER,OPPOSITE DIRECTION SIDESWIPE,GREENRDSROGERSST,NONE,2022-01-13 08:00:00
509,ELLETTSVILLE PD,ELLETTSVILLE,2,0.0,0,0,0,,,,SR46W,DEER PARK,,175.0,W,39.21223257,-86.58777047,STATE ROAD,N,URBAN,N,N,N,,DAYLIGHT,CLEAR,DRY,,NO JUNCTION INVOLVED,STRAIGHT/LEVEL,ASPHALT,FOLLOWING TOO CLOSELY,REAR END,DEERPARKDRSR46W,TRAFFIC CONTROL SIGNAL,2022-03-31 07:49:00
510,ELLETTSVILLE PD,ELLETTSVILLE,2,0.0,0,0,0,,,,SR46W,FOREST PARK,,,,39.212048,-86.5872,STATE ROAD,N,RURAL,N,N,N,,DAYLIGHT,CLEAR,DRY,,NO JUNCTION INVOLVED,STRAIGHT/LEVEL,ASPHALT,FAILURE TO YIELD RIGHT OF WAY,LEFT TURN,FORESTPARKDRSR46W,LANE CONTROL,2022-03-21 13:30:00
511,ELLETTSVILLE PD,ELLETTSVILLE,2,0.0,0,0,0,,,,SR46W,2ND,,,,39.232064,-86.622176,STATE ROAD,Y,,N,N,N,,DAYLIGHT,CLOUDY,DRY,,NO JUNCTION INVOLVED,STRAIGHT/GRADE,ASPHALT,FAILURE TO YIELD RIGHT OF WAY,SAME DIRECTION SIDESWIPE,2NDSTSR46W,NONE,2022-01-27 10:43:00
512,ELLETTSVILLE PD,ELLETTSVILLE,2,0.0,0,0,0,4645,,,RICHLAND PLAZA,,,,,39.21757551,-86.59434237,OTHER,Y,,N,N,N,,DARK (LIGHTED),CLEAR,DRY,,NO JUNCTION INVOLVED,STRAIGHT/LEVEL,ASPHALT,OVERCORRECTING/OVERSTEERING,SAME DIRECTION SIDESWIPE,RICHLANDPLAZADR,NONE,2022-03-02 19:48:00
513,ELLETTSVILLE PD,ELLETTSVILLE,2,0.0,1,0,0,,,,SR46W,SALE,,,,39.23384,-86.624704,STATE ROAD,N,URBAN,Y,N,N,,DAYLIGHT,CLEAR,DRY,,NO JUNCTION INVOLVED,STRAIGHT/LEVEL,ASPHALT,DISREGARD SIGNAL/REG SIGN,RIGHT ANGLE,SALESTSR46W,TRAFFIC CONTROL SIGNAL,2022-04-02 13:53:00
514,ELLETTSVILLE PD,ELLETTSVILLE,1,0.0,0,0,0,,,,UNION VALLEY,LYNWEST,,,,39.21584,-86.5928,COUNTY ROAD,N,URBAN,N,N,N,,DAYLIGHT,RAIN,WET,,T-INTERSECTION,STRAIGHT/LEVEL,ASPHALT,OTHER (ENVIRONMENTAL) - EXPLAIN IN NARR,RAN OFF ROAD,LYNWESTDRUNIONVALLEYRD,NONE,2022-05-05 18:17:00
515,ELLETTSVILLE PD,ELLETTSVILLE,3,0.0,0,0,0,,,,SR46W,GRANT,,100.0,W,39.24584897,-86.63834366,STATE ROAD,N,URBAN,N,N,N,,DAYLIGHT,CLEAR,DRY,,NO JUNCTION INVOLVED,STRAIGHT/HILLCREST,ASPHALT,FOLLOWING TOO CLOSELY,REAR END,GRANTSTSR46W,LANE CONTROL,2022-02-08 03:29:00
516,BLOOMINGTON PD,BLOOMINGTON,2,,0,0,0,,,,S OLD STATE ROAD 37,E RIDGEVIEW DR,,0.0,,39.13193403,-86.53138215,LOCAL/CITY ROAD,,URBAN,N,N,N,,DAYLIGHT,CLEAR,DRY,,NO JUNCTION INVOLVED,,ASPHALT,FAILURE TO YIELD RIGHT OF WAY,SAME DIRECTION SIDESWIPE,SOLDSTATEROAD37ERIDGEVIEWDR,,2022-01-07 12:40:00
517,BLOOMINGTON PD,BLOOMINGTON,2,,0,0,0,601,,,N WALNUT ST,,,0.0,,39.17216805,-86.53418442,LOCAL/CITY ROAD,,URBAN,N,N,N,,DAYLIGHT,CLEAR,DRY,,FOUR-WAY INTERSECTION,,ASPHALT,OTHER (DRIVER) - EXPLAIN IN NARRATIVE,RIGHT ANGLE,NWALNUTST,,2022-01-14 17:08:00
518,BLOOMINGTON PD,BLOOMINGTON,2,,0,0,0,,,,S FESS AVE,E 1ST ST,,0.0,,39.15880021,-86.52596212,LOCAL/CITY ROAD,,URBAN,N,N,N,,DAYLIGHT,CLOUDY,WET,,NO JUNCTION INVOLVED,,ASPHALT,UNSAFE BACKING,BACKING CRASH,SFESSAVEE1STST,,2022-01-17 02:37:00
519,BLOOMINGTON PD,BLOOMINGTON,2,,0,0,0,,,,N DUNN ST,E KIRKWOOD AVE,,0.0,,39.16656118,-86.52826256,LOCAL/CITY ROAD,,URBAN,N,N,N,,DAYLIGHT,CLOUDY,WET,,FOUR-WAY INTERSECTION,,ASPHALT,FAILURE TO YIELD RIGHT OF WAY,RIGHT ANGLE,NDUNNSTEKIRKWOODAVE,,2022-01-24 04:27:00
520,MONROE SD,BLOOMINGTON,2,,0,0,0,,,,W TAPP RD,HICKORY HEIGHTS TRLR PARK,,0.0,,39.13678124,-86.57491512,COUNTY ROAD,,RURAL,N,N,N,,DAYLIGHT,CLEAR,DRY,,FOUR-WAY INTERSECTION,,ASPHALT,FAILURE TO YIELD RIGHT OF WAY,SAME DIRECTION SIDESWIPE,WTAPPRDHICKORYHEIGHTSTRLRPARK,,2022-01-21 14:50:00
521,INDIANA UNIV BLOOMINGTON PD,BLOOMINGTON,2,,0,0,0,744,,,E 3RD ST,,,0.0,,39.1634806,-86.52422271,,,URBAN,N,N,N,,DAYLIGHT,CLEAR,DRY,,NO JUNCTION INVOLVED,,ASPHALT,UNSAFE BACKING,BACKING CRASH,E3RDST,,2022-01-05 16:55:00
522,BLOOMINGTON PD,BLOOMINGTON,2,,0,0,0,,,,130 W. GRIMES LN,,,0.0,,0.0,0.0,LOCAL/CITY ROAD,,URBAN,N,N,N,,DAYLIGHT,CLEAR,DRY,,NO JUNCTION INVOLVED,,CONCRETE,UNSAFE BACKING,BACKING CRASH,130W.GRIMESLN,,2022-01-21 08:20:00
523,MONROE SD,BLOOMINGTON,1,,0,0,1,,,,W VERNAL PIKE,ENTERPRISE DR,,0.0,,39.17923885,-86.56606885,LOCAL/CITY ROAD,,RURAL,N,N,N,,DARK (NOT LIGHTED),CLEAR,DRY,,FOUR-WAY INTERSECTION,,ASPHALT,ANIMAL/OBJECT IN ROADWAY,COLLISION WITH DEER,WVERNALPIKEENTERPRISEDR,,2022-01-18 01:32:00
524,INDIANA UNIV BLOOMINGTON PD,BLOOMINGTON,2,,0,0,0,,,,S HIGHLAND AVE,E 3RD ST,,0.0,,39.16422511,-86.51770896,LOCAL/CITY ROAD,,RURAL,N,N,N,,DAYLIGHT,CLEAR,DRY,,T-INTERSECTION,,ASPHALT,IMPROPER TURNING,LEFT TURN,SHIGHLANDAVEE3RDST,,2022-01-21 15:55:00
525,MONROE SD,BLOOMINGTON,2,,0,0,0,752,,,E HOLLAND DRIVE,,,0.0,,39.117708,-86.525007,LOCAL/CITY ROAD,,URBAN,N,N,N,,DARK (NOT LIGHTED),CLEAR,SNOW/SLUSH,,NO JUNCTION INVOLVED,,ASPHALT,OTHER (DRIVER) - EXPLAIN IN NARRATIVE,LEFT/RIGHT TURN,EHOLLANDDRIVE,,2022-01-17 19:44:00
526,BLOOMINGTON PD,BLOOMINGTON,2,,0,0,0,,,,N SR46,E. 7TH ST,,0.0,,39.1685175,-86.52902999,STATE ROAD,,URBAN,N,N,N,,DAYLIGHT,CLOUDY,DRY,,T-INTERSECTION,,ASPHALT,FAILURE TO YIELD RIGHT OF WAY,RIGHT ANGLE,NSR46E.7THST,,2022-01-22 13:43:00
527,INDIANA UNIV BLOOMINGTON PD,BLOOMINGTON,2,,0,0,0,,,,N FEE LN,E UNIVERSITY RD,,158.0,,39.17667366,-86.5188945,LOCAL/CITY ROAD,,URBAN,N,N,N,,DARK (LIGHTED),CLEAR,DRY,,T-INTERSECTION,,ASPHALT,FAILURE TO YIELD RIGHT OF WAY,RIGHT ANGLE,NFEELNEUNIVERSITYRD,,2022-01-18 19:50:00
528,ISP BLOOMINGTON 33,BLOOMINGTON,2,,0,0,0,,,,SR48,S CURRY PIKE,,0.0,,39.16463937,-86.58296282,STATE ROAD,,URBAN,N,N,N,,DARK (LIGHTED),CLEAR,DRY,,FOUR-WAY INTERSECTION,,ASPHALT,OTHER (DRIVER) - EXPLAIN IN NARRATIVE,RIGHT ANGLE,SR48SCURRYPIKE,,2022-01-07 06:35:00
529,BLOOMINGTON PD,BLOOMINGTON,2,,1,0,0,,,,W. 17TH ST,N. COLLEGE AVE,,0.0,,39.179002,-86.534699,LOCAL/CITY ROAD,,URBAN,N,N,N,,DAYLIGHT,CLOUDY,DRY,,FOUR-WAY INTERSECTION,,ASPHALT,DISREGARD SIGNAL/REG SIGN,RIGHT ANGLE,W.17THSTN.COLLEGEAVE,,2022-01-19 10:59:00
530,MONROE SD,,2,,1,0,0,,,,W STATE RD 45,STATE RD 45,,106.0,,39.14120759,-86.58432624,STATE ROAD,,URBAN,N,N,N,,DAYLIGHT,CLEAR,DRY,,NO JUNCTION INVOLVED,,ASPHALT,FOLLOWING TOO CLOSELY,REAR END,WSTATERD45STATERD45,,2022-01-12 11:48:00
531,BLOOMINGTON PD,BLOOMINGTON,2,,2,0,0,,,,N WALNUT ST,W 14TH ST,,0.0,,0.0,0.0,LOCAL/CITY ROAD,,URBAN,N,N,N,,DAYLIGHT,CLOUDY,DRY,,FOUR-WAY INTERSECTION,,ASPHALT,IMPROPER TURNING,LEFT TURN,W14THSTNWALNUTST,,2022-01-10 09:24:00
532,BLOOMINGTON PD,BLOOMINGTON,2,,4,0,0,,,,N KINSER PIKE,STATE RD 46,,0.0,,39.18649849,-86.53773791,LOCAL/CITY ROAD,,URBAN,N,N,N,,DAYLIGHT,CLEAR,DRY,,FOUR-WAY INTERSECTION,,CONCRETE,FAILURE TO YIELD RIGHT OF WAY,LEFT TURN,STATERD46NKINSERPIKE,,2022-01-16 14:27:00
533,BLOOMINGTON PD,BLOOMINGTON,2,,0,0,0,140 N,,,GATES DRIVE,,,0.0,,39.16683792,-86.57463286,LOCAL/CITY ROAD,,URBAN,N,N,N,,UNKNOWN,CLEAR,DRY,,NO JUNCTION INVOLVED,,ASPHALT,UNSAFE BACKING,BACKING CRASH,GATESDRIVE,,2022-01-09 21:00:00
534,BLOOMINGTON PD,BLOOMINGTON,1,,0,0,0,,,,W ARLINGTON RD,W 17TH ST,,0.0,,39.17932523,-86.54718592,LOCAL/CITY ROAD,,URBAN,N,N,N,,DARK (LIGHTED),RAIN,WET,,TRAFFIC CIRCLE/ROUNDABOUT,,ASPHALT,OTHER (DRIVER) - EXPLAIN IN NARRATIVE,NON-COLLISION,WARLINGTONRDW17THST,,2022-01-09 01:00:00
535,BLOOMINGTON PD,BLOOMINGTON,2,,0,0,0,,,,W17TH ST,N. MADISON ST,,0.0,,39.178997,-86.53773,LOCAL/CITY ROAD,,URBAN,N,N,N,,DAYLIGHT,CLEAR,DRY,,FOUR-WAY INTERSECTION,,ASPHALT,FOLLOWING TOO CLOSELY,REAR END,W17THSTN.MADISONST,,2022-01-07 07:55:00
536,INDIANA UNIV BLOOMINGTON PD,BLOOMINGTON,1,,0,0,0,541,,,N. WOODLAWN AVENUE,,,0.0,,39.17074234,-86.52456469,PRIVATE DRIVE,,URBAN,N,N,N,,DAYLIGHT,CLOUDY,DRY,,NO JUNCTION INVOLVED,,CONCRETE,UNSAFE BACKING,BACKING CRASH,N.WOODLAWNAVENUE,,2022-03-04 15:00:00
537,ISP BLOOMINGTON 33,BLOOMINGTON,1,,0,0,1,,,,I-69,,,0.0,,39.09449749,-86.56556172,INTERSTATE,,RURAL,N,N,N,,DARK (NOT LIGHTED),CLEAR,WET,,NO JUNCTION INVOLVED,,ASPHALT,ANIMAL/OBJECT IN ROADWAY,COLLISION WITH DEER,I-69113,,2022-01-24 18:50:00
538,BLOOMINGTON PD,BLOOMINGTON,2,,0,0,0,,,,W 7TH ST,N ROGERS ST,,0.0,,39.16860466,-86.53868384,LOCAL/CITY ROAD,,URBAN,N,N,N,,DAYLIGHT,CLEAR,DRY,,FOUR-WAY INTERSECTION,,ASPHALT,FOLLOWING TOO CLOSELY,REAR END,W7THSTNROGERSST,,2022-04-27 09:10:00
539,BLOOMINGTON PD,BLOOMINGTON,1,,0,0,0,,,,N ROGERS ST,W 11TH ST,,0.0,,39.173258,-86.538579,LOCAL/CITY ROAD,,URBAN,N,N,N,,DAYLIGHT,SNOW,SNOW/SLUSH,,FOUR-WAY INTERSECTION,,ASPHALT,SPEED TOO FAST FOR WEATHER CONDITIONS,RAN OFF ROAD,W11THSTNROGERSST,,2022-01-28 02:23:00
540,INDIANA UNIV BLOOMINGTON PD,BLOOMINGTON,2,,0,0,0,2651,,,E DISCOVERY PARKWAY,,,0.0,,39.1757,-86.503116,PRIVATE DRIVE,,URBAN,N,N,N,,DAYLIGHT,CLOUDY,WET,,FOUR-WAY INTERSECTION,,ASPHALT,FAILURE TO YIELD RIGHT OF WAY,RIGHT ANGLE,EDISCOVERYPARKWAY,,2022-03-11 17:30:00
541,ISP BLOOMINGTON 33,ELLETTSVILLE,1,,0,0,0,,,,SR46,DEER PARK DRIVE,,400.0,,39.21218664,-86.58748288,STATE ROAD,,URBAN,N,N,N,,DAYLIGHT,RAIN,WET,,NO JUNCTION INVOLVED,,ASPHALT,,RAN OFF ROAD,SR46DEERPARKDRIVE,,2022-03-22 18:24:00
542,ELLETTSVILLE PD,ELLETTSVILLE,1,,0,0,0,601,,,E TEMPERANCE ST,,,0.0,,39.22797344,-86.6164115,PRIVATE DRIVE,,RURAL,N,N,N,,DAYLIGHT,CLEAR,DRY,,NO JUNCTION INVOLVED,,ASPHALT,OTHER (DRIVER) - EXPLAIN IN NARRATIVE,OTHER - EXPLAIN IN NARRATIVE,ETEMPERANCEST,,2022-03-04 14:49:00
543,BLOOMINGTON PD,BLOOMINGTON,2,,0,0,0,,,,W. 3RD ST,S LIBERTY DR,,1000.0,,39.164606,-86.579131,LOCAL/CITY ROAD,,URBAN,N,N,N,,DAYLIGHT,CLEAR,DRY,,NO JUNCTION INVOLVED,,ASPHALT,FAILURE TO YIELD RIGHT OF WAY,RIGHT ANGLE,W.3RDSTSLIBERTYDR,,2022-04-27 11:00:00
544,MONROE SD,BLOOMINGTON,1,,0,0,0,,,,LOW GAP RD,,,0.0,,39.33215426,-86.39487857,,,RURAL,N,N,N,,DARK (NOT LIGHTED),RAIN,WATER (STANDING OR MOVING),,NO JUNCTION INVOLVED,,ASPHALT,ANIMAL/OBJECT IN ROADWAY,COLLISION WITH OBJECT IN ROAD,LOWGAPRD,,2022-03-07 07:12:00
545,INDIANA UNIV BLOOMINGTON PD,BLOOMINGTON,2,,0,0,0,,,,S HIGHLAND AVE,E HUNTER AVE,,0.0,,39.16220785,-86.51771969,LOCAL/CITY ROAD,,URBAN,N,N,N,,DARK (LIGHTED),CLEAR,DRY,,FOUR-WAY INTERSECTION,,ASPHALT,DISREGARD SIGNAL/REG SIGN,RIGHT ANGLE,SHIGHLANDAVEEHUNTERAVE,,2022-03-10 02:40:00