_id,Agency,City,Vehicles Involved,Trailers Involved,Number Injured,Number Dead,Number Deer,House Number,Roadway Interchange,Roadway Ramp,Roadway Id,Intersecting Road,Interchange,Feet From,Direction,Latitude,Longitude,Roadway Class,Hit and Run?,Locality,School Zone?,Rumble Strips?,Construction?,Construction Type,Light Condition,Weather Conditions,Surface Condition,Type of Median,Roadway Junction Type,Road Character,Roadway Surface,Primary Factor,Manner of Collision,Unique Location Id,Traffic Control,DateTime
546,BLOOMINGTON PD,BLOOMINGTON,1,,0,0,0,,,,4023 W. 3RD ST,,,0.0,,0.0,0.0,PRIVATE DRIVE,,URBAN,N,N,N,,DAYLIGHT,CLOUDY,DRY,,NO JUNCTION INVOLVED,,ASPHALT,OTHER (DRIVER) - EXPLAIN IN NARRATIVE,OTHER - EXPLAIN IN NARRATIVE,4023W.3RDST,,2022-03-18 10:55:00
547,INDIANA UNIV BLOOMINGTON PD,BLOOMINGTON,1,,1,0,0,,,,N JORDAN AVE,N FISHER CT,,0.0,,39.18372984,-86.51611736,LOCAL/CITY ROAD,,URBAN,N,N,N,,DARK (LIGHTED),SNOW,ICE,,NO JUNCTION INVOLVED,,ASPHALT,OTHER (ENVIRONMENTAL) - EXPLAIN IN NARR,RIGHT ANGLE,NJORDANAVENFISHERCT,,2022-02-18 03:20:00
548,BLOOMINGTON PD,BLOOMINGTON,2,,0,0,0,,,,SR 45/46 BYPASS,KINSER PIKE,,0.0,,0.0,0.0,STATE ROAD,,URBAN,N,N,N,,DAYLIGHT,CLEAR,DRY,,FOUR-WAY INTERSECTION,,ASPHALT,FAILURE TO YIELD RIGHT OF WAY,RIGHT ANGLE,SR45/46BYPASSKINSERPIKE,,2022-05-23 12:25:00
549,BLOOMINGTON PD,BLOOMINGTON,2,,0,0,0,2624,,,E 3RD,,,0.0,,39.16336414,-86.50048918,,,URBAN,N,N,N,,DAWN/DUSK,CLEAR,DRY,,NO JUNCTION INVOLVED,,ASPHALT,VIEW OBSTRUCTED,RIGHT ANGLE,E3RD,,2022-02-20 05:45:00
550,BLOOMINGTON PD,BLOOMINGTON,2,,0,0,0,,,,S GRANT ST,E 4TH ST,,0.0,,39.16529403,-86.5298397,LOCAL/CITY ROAD,,URBAN,N,N,N,,DARK (LIGHTED),CLEAR,DRY,,NO JUNCTION INVOLVED,,ASPHALT,UNSAFE BACKING,BACKING CRASH,SGRANTSTE4THST,,2022-04-22 09:35:00
551,BLOOMINGTON PD,BLOOMINGTON,2,,1,0,0,,,,S HIGH ST.,E COVENANTER DR,,0.0,,39.15364182,-86.50841422,LOCAL/CITY ROAD,,URBAN,N,N,N,,DAYLIGHT,CLOUDY,DRY,,FOUR-WAY INTERSECTION,,ASPHALT,FAILURE TO YIELD RIGHT OF WAY,RIGHT ANGLE,SHIGHST.ECOVENANTERDR,,2022-02-23 15:25:00
552,BLOOMINGTON PD,BLOOMINGTON,1,,1,0,0,,,,I-69,,,634.0,,39.16776453,-86.57248276,INTERSTATE,,URBAN,N,N,N,,DAYLIGHT,CLEAR,DRY,,NO JUNCTION INVOLVED,,ASPHALT,FAILURE TO MAINTAIN LANE,RAN OFF ROAD,I-69118.5,,2022-02-21 13:50:00
553,MONROE SD,BLOOMINGTON,2,,0,0,0,,,,N MT GILEAD RD,E BOSHEARS RD,,0.0,,39.185875,-86.462891,LOCAL/CITY ROAD,,RURAL,N,N,N,,DAYLIGHT,CLEAR,DRY,,NO JUNCTION INVOLVED,,ASPHALT,LEFT OF CENTER,OPPOSITE DIRECTION SIDESWIPE,NMTGILEADRDEBOSHEARSRD,,2022-05-05 11:37:00
554,MONROE SD,BLOOMINGTON,2,,0,0,0,,,,I-69,,,845.0,,39.13423474,-86.57267279,COUNTY ROAD,,URBAN,N,N,N,,DAYLIGHT,CLEAR,DRY,,TRAFFIC CIRCLE/ROUNDABOUT,,ASPHALT,FAILURE TO YIELD RIGHT OF WAY,RIGHT ANGLE,I-69,,2022-01-26 04:00:00
555,ELLETTSVILLE PD,ELLETTSVILLE,2,,0,0,0,4682,,,W RICHLAND PLAZA DR,,,0.0,,39.21740132,-86.59464209,PRIVATE DRIVE,,RURAL,N,N,N,,DAYLIGHT,CLEAR,DRY,,NO JUNCTION INVOLVED,,ASPHALT,UNSAFE BACKING,BACKING CRASH,WRICHLANDPLAZADR,,2022-02-27 15:58:00
556,BLOOMINGTON PD,BLOOMINGTON,2,,0,0,0,,,,N COLLEGE AVE,W 12TH ST,,0.0,,39.17486961,-86.53478312,PRIVATE DRIVE,,URBAN,N,N,N,,DAYLIGHT,CLEAR,DRY,,NO JUNCTION INVOLVED,,ASPHALT,UNSAFE BACKING,BACKING CRASH,W12THSTNCOLLEGEAVE,,2022-05-13 12:53:00
557,BLOOMINGTON PD,BLOOMINGTON,2,,1,0,0,,,,S WALNUT ST,E MILLER DR,,0.0,,39.146872,-86.53263993,LOCAL/CITY ROAD,,URBAN,N,N,N,,DAYLIGHT,CLEAR,DRY,,T-INTERSECTION,,CONCRETE,DISREGARD SIGNAL/REG SIGN,RIGHT ANGLE,SWALNUTSTEMILLERDR,,2022-05-12 01:30:00
558,BLOOMINGTON PD,BLOOMINGTON,2,,0,0,0,,,,1348 N ARLINGTON PARK DRIVE,,,0.0,,39.18032647,-86.55249901,LOCAL/CITY ROAD,,RURAL,N,N,N,,DAYLIGHT,CLEAR,DRY,,NO JUNCTION INVOLVED,,CONCRETE,UNSAFE BACKING,BACKING CRASH,1348NARLINGTONPARKDRIVE,,2022-01-26 03:00:00
559,MONROE SD,BLOOMINGTON,1,,1,0,0,,,,W ARLINGTON RD,W STOUTES CREEK RD,,0.0,,39.20425786,-86.56873799,LOCAL/CITY ROAD,,RURAL,N,Y,N,,DAYLIGHT,CLEAR,DRY,,NO JUNCTION INVOLVED,,ASPHALT,LEFT OF CENTER,RAN OFF ROAD,WSTOUTESCREEKRDWARLINGTONRD,,2022-04-20 14:43:00
560,MONROE SD,BLOOMINGTON,1,,0,0,0,,,,N OLD STATE ROAD 37,E SAMPLE RD,,1000.0,,39.25733925,-86.50116094,COUNTY ROAD,,RURAL,N,N,N,,DAYLIGHT,CLEAR,DRY,,NO JUNCTION INVOLVED,,ASPHALT,DRIVER DISTRACTED - EXPLAIN IN NARRATIVE,RAN OFF ROAD,NOLDSTATEROAD37ESAMPLERD,,2022-05-31 15:17:00
561,INDIANA UNIV BLOOMINGTON PD,BLOOMINGTON,1,,1,0,0,,,,E 10TH ST,N SUNRISE DR,,0.0,,39.17157723,-86.51248134,LOCAL/CITY ROAD,,URBAN,N,N,N,,DAYLIGHT,CLEAR,DRY,,FOUR-WAY INTERSECTION,,ASPHALT,IMPROPER PASSING,LEFT TURN,NSUNRISEDRE10THST,,2022-03-05 17:20:00
562,MONROE SD,BLOOMINGTON,2,,3,0,0,,,,STATE RD 45 E,N TUNNEL RD,,264.0,,39.22905591,-86.43265354,STATE ROAD,,RURAL,N,N,N,,DARK (NOT LIGHTED),CLEAR,DRY,,NO JUNCTION INVOLVED,,ASPHALT,OTHER (VEHICLE) - EXPLAIN IN NARRATIVE,REAR END,STATERD45ENTUNNELRD,,2022-01-25 06:47:00
563,INDIANA UNIV BLOOMINGTON PD,BLOOMINGTON,2,,0,0,0,,,,E ATWATER AVE,S EAGLESON AVE,,211.0,,39.1631229,-86.51594944,LOCAL/CITY ROAD,,URBAN,N,N,N,,DAYLIGHT,CLEAR,DRY,,NO JUNCTION INVOLVED,,ASPHALT,FAILURE TO YIELD RIGHT OF WAY,SAME DIRECTION SIDESWIPE,SEAGLESONAVEEATWATERAVE,,2022-03-05 14:30:00
564,BLOOMINGTON PD,BLOOMINGTON,2,,2,1,0,,,,W COUNTRY CLUB DR,S BANTA AVE,,106.0,,39.13624947,-86.54508403,LOCAL/CITY ROAD,,URBAN,N,N,N,,DAYLIGHT,CLEAR,DRY,,NO JUNCTION INVOLVED,,ASPHALT,LEFT OF CENTER,HEAD ON BETWEEN TWO MOTOR VEHICLES,WCOUNTRYCLUBDRSBANTAAVE,,2022-04-30 15:55:00
565,BLOOMINGTON PD,BLOOMINGTON,2,,0,0,0,,,,2748 E. 3RD ST,,,0.0,,0.0,0.0,PRIVATE DRIVE,,URBAN,N,N,N,,DAYLIGHT,CLEAR,DRY,,NO JUNCTION INVOLVED,,ASPHALT,UNSAFE BACKING,BACKING CRASH,2748E.3RDST,,2022-04-28 08:04:00
566,BLOOMINGTON PD,BLOOMINGTON,2,,0,0,0,,,,S LIBERTY DR,W STATE RD 45,,0.0,,39.14501944,-86.57776065,STATE ROAD,,URBAN,N,N,N,,DAYLIGHT,CLOUDY,DRY,,FOUR-WAY INTERSECTION,,ASPHALT,FAILURE TO YIELD RIGHT OF WAY,SAME DIRECTION SIDESWIPE,WSTATERD45SLIBERTYDR,,2022-05-02 17:21:00
567,INDIANA UNIV BLOOMINGTON PD,BLOOMINGTON,2,,0,0,0,1900,,,E 10TH ST.,,,0.0,,39.17025887,-86.50858677,PRIVATE DRIVE,,URBAN,N,N,N,,DAYLIGHT,CLEAR,DRY,,NO JUNCTION INVOLVED,,ASPHALT,IMPROPER TURNING,RIGHT TURN,E10THST.,,2022-04-10 19:20:00
568,ISP BLOOMINGTON 33,SMITHVILLE(MONROE),1,,0,0,0,,,,S WISLEY LN,S FAIRFAX RD,,0.0,,39.05459253,-86.49838712,COUNTY ROAD,,RURAL,N,N,N,,DAYLIGHT,CLEAR,DRY,,Y-INTERSECTION,,ASPHALT,,RAN OFF ROAD,SWISLEYLNSFAIRFAXRD,,2022-05-11 11:10:00
569,BLOOMINGTON PD,BLOOMINGTON,1,,0,0,0,,,,W 3RD ST,W KIRKWOOD AVE,,200.0,,39.16537907,-86.55027678,LOCAL/CITY ROAD,,URBAN,N,N,N,,DAYLIGHT,SLEET/HAIL/FREEZING RAIN,ICE,,NO JUNCTION INVOLVED,,ASPHALT,ROADWAY SURFACE CONDITION,OTHER - EXPLAIN IN NARRATIVE,WKIRKWOODAVEW3RDST,,2022-02-24 07:10:00
570,INDIANA UNIV BLOOMINGTON PD,BLOOMINGTON,2,,0,0,0,,,,10TH STREET,SR45/46,,0.0,,39.17163079,-86.50211441,STATE ROAD,,URBAN,N,N,N,,DARK (NOT LIGHTED),SNOW,SNOW/SLUSH,,FOUR-WAY INTERSECTION,,ASPHALT,DISREGARD SIGNAL/REG SIGN,LEFT TURN,SR45/4610THSTREET,,2022-02-17 21:30:00
571,ISP BLOOMINGTON 33,BLOOMINGTON,2,,0,0,0,1201,,,W THAT RD,,,0.0,,39.1140094,-86.54508469,PRIVATE DRIVE,,RURAL,Y,N,N,,DAYLIGHT,CLOUDY,DRY,,NO JUNCTION INVOLVED,,ASPHALT,IMPROPER TURNING,SAME DIRECTION SIDESWIPE,WTHATRD,,2022-03-08 08:05:00
572,BLOOMINGTON PD,BLOOMINGTON,1,,0,0,0,,,,W 3RD ST,W BENHAM LN,,0.0,,39.16453605,-86.56218717,LOCAL/CITY ROAD,,URBAN,N,N,N,,DARK (LIGHTED),CLOUDY,ICE,,NO JUNCTION INVOLVED,,ASPHALT,ROADWAY SURFACE CONDITION,RAN OFF ROAD,WBENHAMLNW3RDST,,2022-02-24 06:30:00
573,INDIANA UNIV BLOOMINGTON PD,BLOOMINGTON,2,,0,0,0,,,,N FEE LN,E 17TH ST,,0.0,,39.17927762,-86.51906516,LOCAL/CITY ROAD,,URBAN,N,N,N,,DAYLIGHT,CLOUDY,WET,,FOUR-WAY INTERSECTION,,ASPHALT,CELL PHONE USAGE,REAR END,NFEELNE17THST,,2022-02-22 13:30:00
574,BLOOMINGTON PD,BLOOMINGTON,2,,1,0,0,,,,E 3RD ST,E 3RD ST,,0.0,,39.16427641,-86.49830765,,,URBAN,N,N,N,,DARK (LIGHTED),RAIN,WET,,FOUR-WAY INTERSECTION,,ASPHALT,DISREGARD SIGNAL/REG SIGN,LEFT TURN,E3RDSTE3RDST,,2022-05-03 01:43:00
575,ISP BLOOMINGTON 33,BLOOMINGTON,1,,0,0,0,SR37,,,3200' SOUTH OF SMITHVILLE ROAD,,,0.0,,39.06183977,-86.53611049,STATE ROAD,,RURAL,N,N,N,,DAYLIGHT,CLEAR,DRY,,NO JUNCTION INVOLVED,,ASPHALT,OTHER (VEHICLE) - EXPLAIN IN NARRATIVE,OTHER - EXPLAIN IN NARRATIVE,3200'SOUTHOFSMITHVILLEROAD,,2022-03-16 18:30:00
576,MONROE SD,BLOOMINGTON,1,,0,0,0,,,,S SNODDY RD,E BLUE BIRD LN,,0.0,,39.13166715,-86.48959009,,,RURAL,N,N,N,,DAYLIGHT,RAIN,WET,,NO JUNCTION INVOLVED,,ASPHALT,SPEED TOO FAST FOR WEATHER CONDITIONS,RAN OFF ROAD,SSNODDYRDEBLUEBIRDLN,,2022-02-02 07:57:00
577,BLOOMINGTON PD,BLOOMINGTON,2,,0,0,0,,,,S HENDERSON ST,E WINSLOW RD,,0.0,,39.1361039,-86.52689878,,,URBAN,N,N,N,,DAYLIGHT,CLEAR,DRY,,FOUR-WAY INTERSECTION,,ASPHALT,FOLLOWING TOO CLOSELY,REAR END,SHENDERSONSTEWINSLOWRD,,2022-01-25 01:23:00
578,BLOOMINGTON PD,BLOOMINGTON,2,,0,0,0,,,,E 19TH ST,N LINCOLN ST,,0.0,,39.18111201,-86.53094993,,,URBAN,N,N,N,,DARK (LIGHTED),CLEAR,DRY,,FOUR-WAY INTERSECTION,,ASPHALT,FAILURE TO YIELD RIGHT OF WAY,RIGHT ANGLE,NLINCOLNSTE19THST,,2022-02-08 19:04:00
579,BLOOMINGTON PD,BLOOMINGTON,2,,0,0,0,,,,S. WALNUT ST,PINEWOOD DR,,0.0,,39.131495,-86.531432,,,URBAN,N,N,N,,DAYLIGHT,CLOUDY,DRY,,NO JUNCTION INVOLVED,,ASPHALT,FOLLOWING TOO CLOSELY,REAR END,S.WALNUTSTPINEWOODDR,,2022-02-11 13:31:00
580,MONROE SD,BLOOMINGTON,2,,0,0,0,1285,,,S LIBERTY DR,,,0.0,,39.15848096,-86.57754368,PRIVATE DRIVE,,RURAL,N,N,N,,DAYLIGHT,CLEAR,DRY,,NO JUNCTION INVOLVED,,ASPHALT,UNSAFE BACKING,BACKING CRASH,SLIBERTYDR,,2022-03-01 17:58:00
581,MONROE SD,BLOOMINGTON,1,,1,0,0,,,,S STATE RD 37,E DILLMAN RD,,0.0,,39.09055551,-86.54567904,STATE ROAD,,RURAL,N,Y,N,,DAYLIGHT,CLEAR,DRY,,NO JUNCTION INVOLVED,,ASPHALT,UNSAFE SPEED,RAN OFF ROAD,SSTATERD37EDILLMANRD,,2022-03-25 08:35:00
582,MONROE SD,BLOOMINGTON,2,,0,0,0,1284,,,S LIBERTY DR,,,0.0,,39.15790808,-86.57870838,PRIVATE DRIVE,,URBAN,N,N,N,,DAYLIGHT,CLEAR,DRY,,NO JUNCTION INVOLVED,,ASPHALT,OTHER (DRIVER) - EXPLAIN IN NARRATIVE,SAME DIRECTION SIDESWIPE,SLIBERTYDR,,2022-05-12 14:42:00
583,BLOOMINGTON PD,BLOOMINGTON,1,,1,0,0,,,,E 3RD ST,S WOODSCREST DR,,0.0,,39.16425423,-86.50242037,LOCAL/CITY ROAD,,URBAN,N,N,N,,DAYLIGHT,CLOUDY,DRY,,FOUR-WAY INTERSECTION,,ASPHALT,FAILURE TO YIELD RIGHT OF WAY,LEFT/RIGHT TURN,SWOODSCRESTDRE3RDST,,2022-05-28 04:19:00
584,MONROE SD,BLOOMINGTON,2,,0,0,0,,,,S OLD STATE ROAD 37,,,0.0,,39.12070278,-86.53068992,PRIVATE DRIVE,,RURAL,N,N,N,,DAYLIGHT,CLEAR,DRY,,NO JUNCTION INVOLVED,,ASPHALT,UNSAFE BACKING,BACKING CRASH,SOLDSTATEROAD37,,2022-03-15 14:03:00
585,BLOOMINGTON PD,BLOOMINGTON,2,,1,0,0,,,,N GATES DR,W JACOB DR,,0.0,,39.16561845,-86.57599248,LOCAL/CITY ROAD,,RURAL,N,N,N,,DAYLIGHT,RAIN,WET,,T-INTERSECTION,,CONCRETE,FAILURE TO YIELD RIGHT OF WAY,LEFT TURN,WJACOBDRNGATESDR,,2022-04-06 02:14:00
586,BLOOMINGTON PD,BLOOMINGTON,2,,0,0,0,,,,W. 3RD ST,KIMBLE DR,,100.0,,39.164538,-86.5679847,LOCAL/CITY ROAD,,URBAN,N,N,N,,DAYLIGHT,CLOUDY,DRY,,FOUR-WAY INTERSECTION,,ASPHALT,UNSAFE LANE MOVEMENT,SAME DIRECTION SIDESWIPE,W.3RDSTKIMBLEDR,,2022-03-30 11:55:00
587,ISP BLOOMINGTON 33,UNIONVILLE(MONROE),2,,0,0,0,,,,E STATE RD 45,N BENTON DR,,475.0,,39.21955074,-86.44318176,STATE ROAD,,RURAL,N,N,N,,DAYLIGHT,CLOUDY,DRY,,NO JUNCTION INVOLVED,,ASPHALT,LEFT OF CENTER,OPPOSITE DIRECTION SIDESWIPE,NBENTONDRESTATERD45,,2022-04-09 11:36:00
588,BLOOMINGTON PD,BLOOMINGTON,2,,0,0,0,,,,W. 2ND STREET,S. PATTERSON DRIVE,,0.0,,39.160737,-86.548536,LOCAL/CITY ROAD,,URBAN,N,N,N,,DAYLIGHT,CLOUDY,DRY,,FOUR-WAY INTERSECTION,,ASPHALT,FAILURE TO YIELD RIGHT OF WAY,RIGHT ANGLE,W.2NDSTREETS.PATTERSONDRIVE,,2022-05-10 11:23:00
589,BLOOMINGTON PD,BLOOMINGTON,2,,0,0,0,,,,W 3RD ST,S PATTERSON DR,,0.0,,39.1643693,-86.55227727,LOCAL/CITY ROAD,,URBAN,N,N,N,,DARK (LIGHTED),CLEAR,DRY,,FOUR-WAY INTERSECTION,,ASPHALT,FAILURE TO YIELD RIGHT OF WAY,SAME DIRECTION SIDESWIPE,W3RDSTSPATTERSONDR,,2022-03-02 07:37:00
590,MONROE SD,BLOOMINGTON,2,,0,0,0,,,,S FAIRFAX RD,E CLEVE BUTCHER,,0.0,,39.04853873,-86.4919146,LOCAL/CITY ROAD,,RURAL,N,N,N,,DAYLIGHT,CLEAR,DRY,,T-INTERSECTION,,ASPHALT,OTHER (VEHICLE) - EXPLAIN IN NARRATIVE,RIGHT ANGLE,SFAIRFAXRDECLEVEBUTCHER,,2022-05-31 12:21:00
591,BLOOMINGTON PD,BLOOMINGTON,1,,0,0,0,,,,SOUTH DR,WALNUT ST,,400.0,,39.14273657,-86.52894921,LOCAL/CITY ROAD,,URBAN,Y,N,N,,DAYLIGHT,RAIN,WET,,NO JUNCTION INVOLVED,,ASPHALT,DRIVER DISTRACTED - EXPLAIN IN NARRATIVE,OTHER - EXPLAIN IN NARRATIVE,WALNUTSTSOUTHDR,,2022-02-17 09:20:00
592,ISP BLOOMINGTON 33,BLOOMINGTON,2,,0,0,0,,,,S ROCKPORT RD,W DUNCAN DR,,0.0,,39.14575149,-86.53944916,LOCAL/CITY ROAD,,URBAN,N,N,N,,DAYLIGHT,RAIN,WET,,T-INTERSECTION,,ASPHALT,SPEED TOO FAST FOR WEATHER CONDITIONS,RIGHT ANGLE,WDUNCANDRSROCKPORTRD,,2022-03-07 14:30:00
593,BLOOMINGTON PD,BLOOMINGTON,2,,0,0,0,,,,115 S STATE ROAD 46,,,0.0,,0.0,0.0,PRIVATE DRIVE,,URBAN,N,N,N,,DAYLIGHT,CLEAR,DRY,,NO JUNCTION INVOLVED,,ASPHALT,UNSAFE BACKING,BACKING CRASH,115SSTATEROAD46,,2022-03-27 16:09:00
594,BLOOMINGTON PD,BLOOMINGTON,2,,2,0,0,,,,W GORDON PIKE,S OLD STATE ROAD 37,,0.0,,39.12146209,-86.53140907,LOCAL/CITY ROAD,,URBAN,N,N,N,,DAYLIGHT,CLEAR,DRY,,FOUR-WAY INTERSECTION,,ASPHALT,FOLLOWING TOO CLOSELY,REAR END,WGORDONPIKESOLDSTATEROAD37,,2022-04-27 17:40:00
595,ELLETTSVILLE PD,ELLETTSVILLE,3,,0,0,0,,,,STATE ROAD 46,SALE ST,,150.0,,0.0,0.0,STATE ROAD,,URBAN,N,N,N,,DAYLIGHT,CLOUDY,WET,,NO JUNCTION INVOLVED,,ASPHALT,FOLLOWING TOO CLOSELY,REAR END,STATEROAD46SALEST,,2022-05-26 15:42:00
596,MONROE SD,BLOOMINGTON,2,,0,0,0,3585,,,W IN-45,,,0.0,,39.141477,-86.58021,PRIVATE DRIVE,,URBAN,N,N,N,,DAYLIGHT,CLEAR,DRY,,T-INTERSECTION,,ASPHALT,FOLLOWING TOO CLOSELY,REAR END,WIN-45,,2022-02-24 13:50:00
597,BLOOMINGTON PD,BLOOMINGTON,2,,0,0,0,315,,,W 2ND ST,,,0.0,,39.16041568,-86.54284604,PRIVATE DRIVE,,URBAN,N,N,N,,DAYLIGHT,CLEAR,DRY,,NO JUNCTION INVOLVED,,ASPHALT,UNSAFE BACKING,REAR TO REAR,W2NDST,,2022-05-12 15:11:00
598,BLOOMINGTON PD,BLOOMINGTON,2,,0,0,0,,,,E 3RD ST,STATE RD 46,,0.0,,39.16429062,-86.49937875,LOCAL/CITY ROAD,,URBAN,N,N,N,,DARK (LIGHTED),CLEAR,DRY,,NO JUNCTION INVOLVED,,ASPHALT,FAILURE TO YIELD RIGHT OF WAY,LEFT TURN,STATERD46E3RDST,,2022-05-01 21:53:00
599,ISP BLOOMINGTON 33,BLOOMINGTON,2,,0,0,0,,,,SR45,LIBERTY DRIVE,,0.0,,39.14504441,-86.57780184,STATE ROAD,,URBAN,N,N,N,,DAYLIGHT,CLOUDY,DRY,,FOUR-WAY INTERSECTION,,ASPHALT,FAILURE TO YIELD RIGHT OF WAY,SAME DIRECTION SIDESWIPE,SR45LIBERTYDRIVE,,2022-05-25 10:55:00
600,BLOOMINGTON PD,BLOOMINGTON,2,,0,0,0,,,,1870 S WALNUT STBLOOMINGTON IN 47401,,,0.0,,0.0,0.0,LOCAL/CITY ROAD,,URBAN,N,N,N,,UNKNOWN,SLEET/HAIL/FREEZING RAIN,ICE,,NO JUNCTION INVOLVED,,ASPHALT,ROADWAY SURFACE CONDITION,OTHER - EXPLAIN IN NARRATIVE,1870SWALNUTSTBLOOMINGTONIN47401,,2022-02-02 00:00:00
601,BLOOMINGTON PD,BLOOMINGTON,2,,0,0,0,,,,S OVERHILL DR,E 3RD ST,,0.0,,39.16426809,-86.50165505,LOCAL/CITY ROAD,,URBAN,N,N,N,,DAYLIGHT,CLOUDY,DRY,,T-INTERSECTION,,ASPHALT,FAILURE TO YIELD RIGHT OF WAY,RIGHT ANGLE,SOVERHILLDRE3RDST,,2022-05-04 13:14:00
602,INDIANA UNIV BLOOMINGTON PD,BLOOMINGTON,2,,0,0,0,,,,N INDIANA AVE,E 7TH ST,,0.0,,39.16851316,-86.52694649,LOCAL/CITY ROAD,,URBAN,N,N,N,,DAYLIGHT,CLEAR,DRY,,FOUR-WAY INTERSECTION,,ASPHALT,FAILURE TO YIELD RIGHT OF WAY,RIGHT ANGLE,NINDIANAAVEE7THST,,2022-05-01 14:40:00
603,INDIANA UNIV BLOOMINGTON PD,BLOOMINGTON,2,,0,0,0,,,,E 10TH ST,STATE RD 46,,264.0,,39.17159466,-86.50166214,LOCAL/CITY ROAD,,URBAN,N,N,N,,DARK (NOT LIGHTED),CLEAR,DRY,,NO JUNCTION INVOLVED,,ASPHALT,UNSAFE LANE MOVEMENT,SAME DIRECTION SIDESWIPE,STATERD46E10THST,,2022-03-08 19:45:00
604,MONROE SD,BLOOMINGTON,1,,1,0,0,,,,STATE RD 46,HEDRICK RD,,1531.0,,39.2796947,-86.67927451,,,RURAL,N,N,N,,DARK (NOT LIGHTED),CLEAR,DRY,,NO JUNCTION INVOLVED,,ASPHALT,FAILURE TO MAINTAIN LANE,RAN OFF ROAD,STATERD46HEDRICKRD,,2022-04-13 03:00:00
605,BLOOMINGTON PD,BLOOMINGTON,2,,0,0,0,,,,912 S WALNUT,E ALLEN ST,,0.0,,39.156284,-86.534017,LOCAL/CITY ROAD,,URBAN,N,N,N,,DAYLIGHT,CLEAR,DRY,,NO JUNCTION INVOLVED,,ASPHALT,FAILURE TO YIELD RIGHT OF WAY,RIGHT ANGLE,EALLENST912SWALNUT,,2022-02-14 10:48:00
606,BLOOMINGTON PD,BLOOMINGTON,2,,0,0,0,,,,N. WALNUT ST,E. 9TH ST,,0.0,,39.170457,-86.533587,LOCAL/CITY ROAD,,RURAL,N,N,N,,DAYLIGHT,CLOUDY,DRY,,NO JUNCTION INVOLVED,,ASPHALT,FOLLOWING TOO CLOSELY,REAR END,N.WALNUTSTE.9THST,,2022-05-19 11:45:00
607,BLOOMINGTON PD,,3,,0,0,0,,,,N WALNUT ST,W 8TH ST,,0.0,,0.0,0.0,LOCAL/CITY ROAD,,URBAN,N,N,N,,DAYLIGHT,CLEAR,DRY,,NO JUNCTION INVOLVED,,ASPHALT,STEERING FAILURE,LEFT TURN,W8THSTNWALNUTST,,2022-04-10 19:00:00
608,MONROE SD,BLOOMINGTON,1,,0,1,0,,,,N OLD STATE ROAD 37,E PRAIRIE DR,,792.0,,39.22092183,-86.51763386,LOCAL/CITY ROAD,,RURAL,N,N,N,,DAYLIGHT,CLEAR,DRY,,NO JUNCTION INVOLVED,,ASPHALT,FAILURE TO MAINTAIN LANE,RAN OFF ROAD,NOLDSTATEROAD37EPRAIRIEDR,,2022-05-01 18:59:00
609,MONROE SD,BLOOMINGTON,3,,0,0,0,,,,N SMITH PIKE,,,0.0,,39.18743534,-86.58302148,COUNTY ROAD,,RURAL,N,N,Y,LANE CLOSURE,DAYLIGHT,CLEAR,DRY,,NO JUNCTION INVOLVED,,ASPHALT,FOLLOWING TOO CLOSELY,REAR END,NSMITHPIKE,,2022-03-15 05:13:00
610,MONROE SD,BLOOMINGTON,1,,0,0,0,6469,,,STATE RD 46,,,0.0,,39.16377799,-86.43765575,STATE ROAD,,RURAL,N,N,N,,DAYLIGHT,CLEAR,DRY,,NO JUNCTION INVOLVED,,ASPHALT,OTHER (DRIVER) - EXPLAIN IN NARRATIVE,RAN OFF ROAD,STATERD46,,2022-05-29 07:13:00
611,BLOOMINGTON PD,BLOOMINGTON,2,,0,0,0,,,,S WOODLAWN AVE,E MAXWELL LN,,0.0,,39.1578014,-86.52265597,,,URBAN,N,N,N,,DAYLIGHT,CLEAR,DRY,,FOUR-WAY INTERSECTION,,ASPHALT,BRAKE FAILURE OR DEFECTIVE,RIGHT ANGLE,SWOODLAWNAVEEMAXWELLLN,,2022-02-01 17:31:00
612,BLOOMINGTON PD,BLOOMINGTON,2,,1,0,0,,,,S ADAMS ST BLOOMINGTON IN,W ALLEN ST BLOOMINGTON IN,,0.0,,39.155834,-86.550597,LOCAL/CITY ROAD,,URBAN,N,N,N,,DAYLIGHT,CLEAR,DRY,,FOUR-WAY INTERSECTION,,ASPHALT,FAILURE TO YIELD RIGHT OF WAY,RIGHT ANGLE,WALLENSTBLOOMINGTONINSADAMSSTBLOOMINGTONIN,,2022-02-19 13:10:00
613,INDIANA UNIV BLOOMINGTON PD,BLOOMINGTON,2,,0,0,0,,,,N FEE LN,,,0.0,,39.17662963,-86.51912754,,,URBAN,N,N,N,,DARK (LIGHTED),CLEAR,DRY,,NO JUNCTION INVOLVED,,ASPHALT,OTHER (DRIVER) - EXPLAIN IN NARRATIVE,SAME DIRECTION SIDESWIPE,NFEELN,,2022-03-27 02:00:00
614,ISP BLOOMINGTON 33,BLOOMINGTON,2,,0,0,0,,,,I-69,,,0.0,,39.12080684,-86.57013401,INTERSTATE,,RURAL,N,N,N,,DAYLIGHT,CLEAR,DRY,,NO JUNCTION INVOLVED,,ASPHALT,,SAME DIRECTION SIDESWIPE,I-69114,,2022-05-09 10:06:00