_id,Agency,City,Vehicles Involved,Trailers Involved,Number Injured,Number Dead,Number Deer,House Number,Roadway Interchange,Roadway Ramp,Roadway Id,Intersecting Road,Interchange,Feet From,Direction,Latitude,Longitude,Roadway Class,Hit and Run?,Locality,School Zone?,Rumble Strips?,Construction?,Construction Type,Light Condition,Weather Conditions,Surface Condition,Type of Median,Roadway Junction Type,Road Character,Roadway Surface,Primary Factor,Manner of Collision,Unique Location Id,Traffic Control,DateTime
615,BLOOMINGTON PD,BLOOMINGTON,2,,0,0,0,,,,E 3RD ST,S GRANT ST,,0.0,,39.16456478,-86.52987189,LOCAL/CITY ROAD,,URBAN,N,N,N,,DARK (LIGHTED),RAIN,WET,,FOUR-WAY INTERSECTION,,ASPHALT,DISREGARD SIGNAL/REG SIGN,RIGHT ANGLE,SGRANTSTE3RDST,,2022-02-02 06:25:00
616,INDIANA UNIV BLOOMINGTON PD,BLOOMINGTON,2,,0,0,0,1051,,,E 17TH ST,,,0.0,,39.17974153,-86.52097053,PRIVATE DRIVE,,URBAN,N,N,N,,DARK (LIGHTED),RAIN,WET,,NO JUNCTION INVOLVED,,ASPHALT,UNSAFE BACKING,BACKING CRASH,E17THST,,2022-02-24 18:50:00
617,INDIANA UNIV BLOOMINGTON PD,BLOOMINGTON,1,,0,0,1,,,,STATE RD 45,E 17TH ST,,845.0,,39.18083704,-86.50844804,LOCAL/CITY ROAD,,URBAN,N,N,N,,DAWN/DUSK,CLOUDY,DRY,,NO JUNCTION INVOLVED,,ASPHALT,ANIMAL/OBJECT IN ROADWAY,COLLISION WITH DEER,STATERD45E17THST,,2022-04-28 18:15:00
618,BLOOMINGTON PD,BLOOMINGTON,2,,1,0,0,,,,N GRANT ST,E 7TH ST,,0.0,,39.16853978,-86.52977247,LOCAL/CITY ROAD,,URBAN,N,N,N,,DAYLIGHT,CLEAR,DRY,,FOUR-WAY INTERSECTION,,ASPHALT,DISREGARD SIGNAL/REG SIGN,RIGHT ANGLE,NGRANTSTE7THST,,2022-03-26 13:55:00
619,BLOOMINGTON PD,,2,,0,0,0,4300,,,N STONE MILL RD,,,0.0,,39.21223859,-86.53485621,PRIVATE DRIVE,,URBAN,N,N,N,,DAYLIGHT,CLEAR,DRY,,NO JUNCTION INVOLVED,,GRAVEL,FAILURE TO YIELD RIGHT OF WAY,OTHER - EXPLAIN IN NARRATIVE,NSTONEMILLRD,,2022-04-29 17:15:00
620,BLOOMINGTON PD,BLOOMINGTON,2,,0,0,0,,,,MORNINGSIDE DR,SHEFFIELD DR,,0.0,,,,LOCAL/CITY ROAD,,URBAN,N,N,N,,DAYLIGHT,RAIN,WET,,T-INTERSECTION,,ASPHALT,OVERCORRECTING/OVERSTEERING,OPPOSITE DIRECTION SIDESWIPE,SHEFFIELDDRMORNINGSIDEDR,,2022-04-06 09:49:00
621,BLOOMINGTON PD,BLOOMINGTON,3,,0,0,0,,,,W. 3RD ST,S PATTERSON DR,,300.0,,39.16342,-86.551249,LOCAL/CITY ROAD,,URBAN,N,N,N,,DAYLIGHT,CLOUDY,WET,,FOUR-WAY INTERSECTION,,ASPHALT,FOLLOWING TOO CLOSELY,REAR END,W.3RDSTSPATTERSONDR,,2022-04-08 08:52:00
622,BLOOMINGTON PD,BLOOMINGTON,2,,1,0,0,,,,S ROCKPORT RD,W COUNTRY CLUB DR,,0.0,,39.1363485,-86.54871172,LOCAL/CITY ROAD,,URBAN,N,N,N,,DAYLIGHT,RAIN,WET,,FOUR-WAY INTERSECTION,,ASPHALT,DISREGARD SIGNAL/REG SIGN,OTHER - EXPLAIN IN NARRATIVE,WCOUNTRYCLUBDRSROCKPORTRD,,2022-05-05 14:40:00
623,BLOOMINGTON PD,BLOOMINGTON,2,,0,0,0,,,,"1107 W 3RD ST BLOOMINGTON, IN",,,0.0,,,,LOCAL/CITY ROAD,,URBAN,N,N,N,,DAYLIGHT,CLEAR,DRY,,NO JUNCTION INVOLVED,,ASPHALT,UNSAFE BACKING,BACKING CRASH,"1107W3RDSTBLOOMINGTON,IN",,2022-02-08 16:25:00
624,MONROE SD,BLOOMINGTON,1,,0,0,1,,,,N BUSINESS 37,N OLD 37,,0.0,,0.0,0.0,STATE ROAD,,RURAL,N,N,N,,DARK (NOT LIGHTED),CLEAR,DRY,,FOUR-WAY INTERSECTION,,ASPHALT,ANIMAL/OBJECT IN ROADWAY,COLLISION WITH DEER,NOLD37NBUSINESS37,,2022-03-30 03:39:00
625,MONROE SD,BLOOMINGTON,1,,1,0,0,,,,S FAIRFAX RD,E BERNICE DR,,0.0,,39.06722042,-86.50306528,LOCAL/CITY ROAD,,RURAL,N,N,N,,DAYLIGHT,CLEAR,DRY,,NO JUNCTION INVOLVED,,ASPHALT,FAILURE TO MAINTAIN LANE,RAN OFF ROAD,SFAIRFAXRDEBERNICEDR,,2022-05-11 20:17:00
626,MONROE SD,BLOOMINGTON,1,,0,0,0,,,,W FULLERTON PIKE,W REDDY WAY,,0.0,,39.12200862,-86.57511897,LOCAL/CITY ROAD,,RURAL,N,N,N,,DARK (LIGHTED),RAIN,WET,,T-INTERSECTION,,ASPHALT,SPEED TOO FAST FOR WEATHER CONDITIONS,RAN OFF ROAD,WREDDYWAYWFULLERTONPIKE,,2022-04-09 02:38:00
627,BLOOMINGTON PD,BLOOMINGTON,1,,1,0,0,2446,,,S. HENDERSON ST,,,0.0,,39.13725558,-86.52774043,PRIVATE DRIVE,,URBAN,N,N,N,,DAYLIGHT,CLEAR,DRY,,NO JUNCTION INVOLVED,,ASPHALT,FAILURE TO YIELD RIGHT OF WAY,BACKING CRASH,S.HENDERSONST,,2022-04-10 15:58:00
628,INDIANA UNIV BLOOMINGTON PD,BLOOMINGTON,3,,0,0,0,,,,STATE RD 45,WALKWAY,,581.0,,39.17469599,-86.50399111,STATE ROAD,,URBAN,N,N,N,,DAYLIGHT,CLEAR,DRY,,NO JUNCTION INVOLVED,,ASPHALT,FOLLOWING TOO CLOSELY,REAR END,WALKWAYSTATERD45,,2022-05-12 15:21:00
629,MONROE SD,BLOOMINGTON,2,,0,0,0,1284,,,1284 S. LIBERTY DR.,,,0.0,,39.157377,-86.576736,PRIVATE DRIVE,,RURAL,N,N,N,,DAYLIGHT,CLEAR,DRY,,NO JUNCTION INVOLVED,,ASPHALT,UNSAFE SPEED,BACKING CRASH,1284S.LIBERTYDR.,,2022-03-21 13:44:00
630,INDIANA UNIV BLOOMINGTON PD,BLOOMINGTON,2,,0,0,0,,,,E 3RD ST,S FACULTY AVE,,0.0,,39.16429062,-86.52166925,LOCAL/CITY ROAD,,URBAN,N,N,N,,DAYLIGHT,CLEAR,DRY,,NO JUNCTION INVOLVED,,ASPHALT,FOLLOWING TOO CLOSELY,REAR END,SFACULTYAVEE3RDST,,2022-05-13 14:48:00
631,INDIANA UNIV BLOOMINGTON PD,BLOOMINGTON,2,,0,0,0,1024,,,E 3RD ST,,,0.0,,39.16347112,-86.51940386,LOCAL/CITY ROAD,,URBAN,N,N,N,,DARK (LIGHTED),CLEAR,DRY,,NO JUNCTION INVOLVED,,ASPHALT,UNSAFE SPEED,REAR END,E3RDST,,2022-04-18 21:17:00
632,MONROE SD,BLOOMINGTON,1,,1,0,0,,,,S FAIRFAX RD,MARIE LN,,370.0,,39.10625617,-86.52288341,LOCAL/CITY ROAD,,URBAN,N,N,N,,DAYLIGHT,RAIN,WET,,NO JUNCTION INVOLVED,,ASPHALT,SPEED TOO FAST FOR WEATHER CONDITIONS,RAN OFF ROAD,SFAIRFAXRDMARIELN,,2022-04-21 11:02:00
633,BLOOMINGTON PD,BLOOMINGTON,2,,0,0,0,,,,STATE RD 46,N KINSER PIKE,,0.0,,39.18638622,-86.53670973,STATE ROAD,,URBAN,N,N,N,,DAYLIGHT,RAIN,WET,,NO JUNCTION INVOLVED,,ASPHALT,SPEED TOO FAST FOR WEATHER CONDITIONS,REAR END,STATERD46NKINSERPIKE,,2022-05-27 11:17:00
634,MONROE SD,BLOOMINGTON,2,,0,0,0,,,,N LYDY RD,E ANDERSON RD,,0.0,,39.27163704,-86.47944659,COUNTY ROAD,,RURAL,N,N,N,,DAYLIGHT,CLEAR,DRY,,T-INTERSECTION,,ASPHALT,FAILURE TO YIELD RIGHT OF WAY,NON-COLLISION,NLYDYRDEANDERSONRD,,2022-05-10 03:03:00
635,BLOOMINGTON PD,BLOOMINGTON,1,,0,0,0,885,,,S COLLEGE MALL RD,,,0.0,,39.156867,-86.497037,PRIVATE DRIVE,,URBAN,N,N,N,,DAYLIGHT,CLOUDY,WET,,NO JUNCTION INVOLVED,,ASPHALT,OTHER (VEHICLE) - EXPLAIN IN NARRATIVE,OTHER - EXPLAIN IN NARRATIVE,SCOLLEGEMALLRD,,2022-04-08 11:10:00
636,BLOOMINGTON PD,BLOOMINGTON,2,,0,0,0,,,,W 3RD ST,S CURRY PIKE,,211.0,,39.1646549,-86.58344455,LOCAL/CITY ROAD,,URBAN,N,N,N,,DAYLIGHT,CLEAR,DRY,,FOUR-WAY INTERSECTION,,ASPHALT,FOLLOWING TOO CLOSELY,REAR END,W3RDSTSCURRYPIKE,,2022-05-09 16:47:00
637,ISP BLOOMINGTON 33,BLOOMINGTON,1,,0,0,0,,,,SR46,TWINLEAF TRACE,,500.0,,39.16471734,-86.45049224,STATE ROAD,,RURAL,N,N,N,,DARK (NOT LIGHTED),SLEET/HAIL/FREEZING RAIN,ICE,,NO JUNCTION INVOLVED,,ASPHALT,FAILURE TO MAINTAIN LANE,RAN OFF ROAD,TWINLEAFTRACESR46,,2022-02-24 06:30:00
638,BLOOMINGTON PD,BLOOMINGTON,2,,0,0,0,,,,W. 3RD ST,S WESTPLEX AVE,,0.0,,,,LOCAL/CITY ROAD,,URBAN,N,N,N,,DAYLIGHT,CLOUDY,DRY,,FOUR-WAY INTERSECTION,,ASPHALT,FAILURE TO YIELD RIGHT OF WAY,RIGHT ANGLE,W.3RDSTSWESTPLEXAVE,,2022-04-07 11:00:00
639,ISP BLOOMINGTON 33,BLOOMINGTON,1,,0,0,0,,,,I-69,,,0.0,,39.07118232,-86.60986211,INTERSTATE,,RURAL,N,N,N,,DAYLIGHT,SNOW,SNOW/SLUSH,,NO JUNCTION INVOLVED,,CONCRETE,,RAN OFF ROAD,I-69110,,2022-01-28 14:10:00
640,MONROE SD,BLOOMINGTON,2,,1,0,0,,,,N HARTSTRAIT RD,,,0.0,,39.17103151,-86.61106599,LOCAL/CITY ROAD,,RURAL,N,N,N,,DAYLIGHT,CLEAR,DRY,,NO JUNCTION INVOLVED,,ASPHALT,IMPROPER LANE USAGE,SAME DIRECTION SIDESWIPE,NHARTSTRAITRD,,2022-05-16 11:24:00
641,MONROE SD,VAN BUREN PARK,2,,1,0,0,,,,S CURRY PIKE,W DOYLE AVE,,370.0,,39.15739034,-86.5826665,LOCAL/CITY ROAD,,RURAL,N,N,N,,DAYLIGHT,CLEAR,DRY,,NO JUNCTION INVOLVED,,ASPHALT,FAILURE TO YIELD RIGHT OF WAY,RIGHT ANGLE,WDOYLEAVESCURRYPIKE,,2022-05-06 03:47:00
642,INDIANA UNIV BLOOMINGTON PD,BLOOMINGTON,1,,0,0,0,,,,E 9TH ST,,,0.0,,39.17054367,-86.52519994,LOCAL/CITY ROAD,,URBAN,N,N,N,,DAYLIGHT,SNOW,ICE,,NO JUNCTION INVOLVED,,ASPHALT,ROADWAY SURFACE CONDITION,BACKING CRASH,E9THST,,2022-02-04 11:00:00
643,BLOOMINGTON PD,BLOOMINGTON,2,,0,0,0,,,,W COUNTRY CLUB DR,S ROGERS ST,,0.0,,39.13602808,-86.53799942,LOCAL/CITY ROAD,,URBAN,N,N,N,,DAYLIGHT,CLOUDY,WET,,FOUR-WAY INTERSECTION,,ASPHALT,FOLLOWING TOO CLOSELY,REAR END,WCOUNTRYCLUBDRSROGERSST,,2022-03-19 20:45:00
644,MONROE SD,BLOOMINGTON,2,,0,0,0,,,,S OLD STATE ROAD 37,E RHORER RD,,0.0,,39.12078661,-86.53132504,LOCAL/CITY ROAD,,URBAN,N,N,N,,DAYLIGHT,CLEAR,DRY,,FOUR-WAY INTERSECTION,,ASPHALT,FAILURE TO YIELD RIGHT OF WAY,RIGHT ANGLE,SOLDSTATEROAD37ERHORERRD,,2022-04-07 15:53:00
645,BLOOMINGTON PD,BLOOMINGTON,3,,0,0,0,,,,S OLD STATE ROAD 37,S WALNUT ST,,0.0,,39.1375362,-86.53052807,LOCAL/CITY ROAD,,URBAN,N,N,N,,DARK (LIGHTED),RAIN,WET,,T-INTERSECTION,,ASPHALT,FAILURE TO YIELD RIGHT OF WAY,SAME DIRECTION SIDESWIPE,SWALNUTSTSOLDSTATEROAD37,,2022-03-22 07:00:00
646,BLOOMINGTON PD,BLOOMINGTON,2,,0,0,0,,,,N MORTON ST,W 8TH ST,,0.0,,39.16967341,-86.53607152,LOCAL/CITY ROAD,,URBAN,N,N,N,,DAYLIGHT,CLOUDY,DRY,,FOUR-WAY INTERSECTION,,ASPHALT,FAILURE TO YIELD RIGHT OF WAY,SAME DIRECTION SIDESWIPE,W8THSTNMORTONST,,2022-03-24 17:43:00
647,BLOOMINGTON PD,BLOOMINGTON,2,,0,0,0,,,,S WALNUT ST,E HILLSIDE DR,,0.0,,39.15042332,-86.53362829,LOCAL/CITY ROAD,,URBAN,N,N,N,,DAYLIGHT,CLEAR,DRY,,T-INTERSECTION,,ASPHALT,IMPROPER TURNING,RIGHT TURN,SWALNUTSTEHILLSIDEDR,,2022-03-02 02:36:00
648,INDIANA UNIV BLOOMINGTON PD,BLOOMINGTON,2,,0,0,0,,,,E 10TH ST,STATE RD 45,,0.0,,39.17169965,-86.5019654,STATE ROAD,,URBAN,N,N,N,,DAYLIGHT,CLEAR,DRY,,FOUR-WAY INTERSECTION,,ASPHALT,FOLLOWING TOO CLOSELY,REAR END,STATERD45E10THST,,2022-03-16 15:20:00
649,ELLETTSVILLE PD,ELLETTSVILLE,2,,0,0,0,,,,E MAIN ST,W TEMPERANCE ST,,0.0,,39.23961425,-86.63074476,STATE ROAD,,URBAN,N,N,N,,DAYLIGHT,RAIN,WET,,NO JUNCTION INVOLVED,,ASPHALT,FOLLOWING TOO CLOSELY,REAR END,WTEMPERANCESTEMAINST,,2022-05-27 07:10:00
650,BLOOMINGTON PD,BLOOMINGTON,2,,1,0,0,,,,W 8TH ST,N COLLEGE AVE,,0.0,,39.16949468,-86.53486437,LOCAL/CITY ROAD,,URBAN,N,N,N,,DAYLIGHT,CLEAR,DRY,,NO JUNCTION INVOLVED,,ASPHALT,FOLLOWING TOO CLOSELY,REAR END,W8THSTNCOLLEGEAVE,,2022-02-18 13:20:00
651,BLOOMINGTON PD,BLOOMINGTON,1,,0,0,1,,,,4000 BLK E MOORES PK,S SR 446,,2000.0,,39.15016179,-86.48030934,LOCAL/CITY ROAD,,URBAN,N,N,N,,DARK (NOT LIGHTED),CLEAR,DRY,,NO JUNCTION INVOLVED,,ASPHALT,ANIMAL/OBJECT IN ROADWAY,COLLISION WITH DEER,SSR4464000BLKEMOORESPK,,2022-02-18 05:50:00
652,BLOOMINGTON PD,BLOOMINGTON,2,,1,0,0,,,,N GATES DR,W JACOB DR,,0.0,,39.16564063,-86.57598085,,,RURAL,N,N,N,,DARK (LIGHTED),CLOUDY,WET,,T-INTERSECTION,,ASPHALT,FAILURE TO YIELD RIGHT OF WAY,LEFT TURN,WJACOBDRNGATESDR,,2022-03-23 20:50:00
653,MONROE SD,BLOOMINGTON,1,,1,0,0,,,,W 3RD ST,SHERWOOD DR,,739.0,,39.16468136,-86.58821022,STATE ROAD,,RURAL,N,N,N,,DARK (NOT LIGHTED),CLEAR,DRY,,NO JUNCTION INVOLVED,,ASPHALT,PEDESTRIAN ACTION,OTHER - EXPLAIN IN NARRATIVE,W3RDSTSHERWOODDR,,2022-02-05 18:47:00
654,MONROE SD,BLOOMINGTON,2,,0,0,0,,,,W THAT RD,,,0.0,,39.11890816,-86.5734605,LOCAL/CITY ROAD,,RURAL,N,N,N,,DAYLIGHT,CLEAR,DRY,,NO JUNCTION INVOLVED,,ASPHALT,UNSAFE SPEED,OPPOSITE DIRECTION SIDESWIPE,WTHATRD,,2022-05-08 10:44:00
655,BLOOMINGTON PD,BLOOMINGTON,2,,0,0,0,,,,STATE RD 46,E 3RD ST,,0.0,,39.16431121,-86.4983139,LOCAL/CITY ROAD,,URBAN,N,N,N,,DAYLIGHT,RAIN,WET,,FOUR-WAY INTERSECTION,,ASPHALT,FOLLOWING TOO CLOSELY,REAR END,STATERD46E3RDST,,2022-05-06 10:35:00
656,BLOOMINGTON PD,BLOOMINGTON,3,,1,0,0,,,,E WINSLOW RD,S WALNUT ST,,0.0,,39.13599622,-86.53035469,LOCAL/CITY ROAD,,URBAN,N,N,N,,DARK (LIGHTED),CLEAR,DRY,,NO JUNCTION INVOLVED,,ASPHALT,UNSAFE SPEED,REAR END,SWALNUTSTEWINSLOWRD,,2022-04-23 21:01:00
657,MONROE SD,BLOOMINGTON,1,,0,0,0,,,,E SR 46,N TRAILWAY DR,,50.0,,,,STATE ROAD,,RURAL,N,N,N,,DARK (NOT LIGHTED),CLEAR,DRY,,NO JUNCTION INVOLVED,,ASPHALT,FAILURE TO MAINTAIN LANE,RAN OFF ROAD,NTRAILWAYDRESR46,,2022-04-04 00:51:00
658,MONROE SD,,2,,0,0,0,,,,S OLD STATE ROAD 37,STATE RD 37,,0.0,,39.08568808,-86.54243877,STATE ROAD,,URBAN,N,N,N,,DAYLIGHT,CLEAR,DRY,,T-INTERSECTION,,ASPHALT,IMPROPER PASSING,SAME DIRECTION SIDESWIPE,STATERD37SOLDSTATEROAD37,,2022-03-02 17:42:00
659,INDIANA UNIV BLOOMINGTON PD,BLOOMINGTON,2,,0,0,0,,,,E 10TH ST,STATE RD 45,,0.0,,39.17158522,-86.50214965,STATE ROAD,,URBAN,N,N,N,,DAYLIGHT,CLOUDY,DRY,,FOUR-WAY INTERSECTION,,ASPHALT,IMPROPER TURNING,LEFT TURN,STATERD45E10THST,,2022-04-08 16:55:00
660,MONROE SD,BLOOMINGTON,1,,1,0,0,,,,STATE RD 446,,,0.0,,39.02829871,-86.40831624,STATE ROAD,,RURAL,N,N,N,,DAYLIGHT,CLEAR,SNOW/SLUSH,,NO JUNCTION INVOLVED,,ASPHALT,UNSAFE SPEED,RAN OFF ROAD,STATERD446,,2022-01-28 02:14:00
661,BLOOMINGTON PD,BLOOMINGTON,2,,0,0,0,2846,,,E 3RD ST,,,0.0,,39.16097381,-86.49669559,LOCAL/CITY ROAD,,URBAN,Y,N,N,,DAYLIGHT,CLEAR,DRY,,T-INTERSECTION,,ASPHALT,FAILURE TO YIELD RIGHT OF WAY,RIGHT ANGLE,E3RDST,,2022-02-11 16:29:00
662,MONROE SD,BLOOMINGTON,2,,0,0,0,,,,E ROGERS RD,SADDLEBROOK LN,,211.0,,39.13577475,-86.48687707,LOCAL/CITY ROAD,,RURAL,N,N,N,,DAYLIGHT,RAIN,WATER (STANDING OR MOVING),,NO JUNCTION INVOLVED,,ASPHALT,SPEED TOO FAST FOR WEATHER CONDITIONS,REAR END,SADDLEBROOKLNEROGERSRD,,2022-05-14 13:01:00
663,MONROE SD,BLOOMINGTON,1,,1,0,0,,,,STATE RD 446,,,0.0,,39.07960025,-86.41764111,,,RURAL,N,N,N,,DAYLIGHT,CLEAR,DRY,,NO JUNCTION INVOLVED,,ASPHALT,UNSAFE SPEED,RAN OFF ROAD,STATERD446,,2022-05-16 05:58:00
664,MONROE SD,,2,,0,0,0,,,,STATE RD 46,,,0.0,,39.18724622,-86.55808248,STATE ROAD,,RURAL,N,N,N,,DAYLIGHT,CLEAR,DRY,,NO JUNCTION INVOLVED,,ASPHALT,FOLLOWING TOO CLOSELY,REAR END,STATERD46,,2022-05-17 08:02:00
665,MONROE SD,BLOOMINGTON,2,,0,0,0,,,,W CHURCH LN,S COLLEGE DR,,0.0,,39.107275,-86.535093,LOCAL/CITY ROAD,,URBAN,N,N,N,,DAYLIGHT,CLEAR,DRY,,T-INTERSECTION,,ASPHALT,FAILURE TO YIELD RIGHT OF WAY,RIGHT ANGLE,WCHURCHLNSCOLLEGEDR,,2022-04-27 07:23:00
666,ISP BLOOMINGTON 33,BLOOMINGTON,2,,0,0,0,,,,W STATE RD 45,S BREEDEN RD,,0.0,,39.08677823,-86.67187856,STATE ROAD,,RURAL,N,N,Y,INTERMITTENT OR MOVING WORK,DAYLIGHT,RAIN,WET,,T-INTERSECTION,,ASPHALT,UNSAFE SPEED,REAR END,WSTATERD45SBREEDENRD,,2022-04-21 10:08:00
667,BLOOMINGTON PD,BLOOMINGTON,2,,0,0,0,,,,W STATE RD 45,,,0.0,,39.14278891,-86.57990356,,,URBAN,N,N,N,,UNKNOWN,CLEAR,DRY,,NO JUNCTION INVOLVED,,ASPHALT,OTHER (DRIVER) - EXPLAIN IN NARRATIVE,BACKING CRASH,WSTATERD45,,2022-05-25 00:00:00
668,ELLETTSVILLE PD,ELLETTSVILLE,2,0.0,0,0,0,,,,SR46W,LAKEVIEW,,,,39.221152,-86.6056,STATE ROAD,N,URBAN,N,N,N,,DARK (NOT LIGHTED),CLOUDY,DRY,,NO JUNCTION INVOLVED,CURVE/GRADE,ASPHALT,FAILURE TO YIELD RIGHT OF WAY,SAME DIRECTION SIDESWIPE,LAKEVIEWDRSR46W,NONE,2022-01-27 07:26:00
669,MONROE SD,BLOOMINGTON,1,0.0,0,0,0,,,,GIFFORD,WOODSIDE,,565.0,E,39.15461465,-86.58684546,LOCAL/CITY ROAD,N,URBAN,N,N,N,,DARK (NOT LIGHTED),SNOW,SNOW/SLUSH,,NO JUNCTION INVOLVED,CURVE/LEVEL,ASPHALT,RAN OFF ROAD RIGHT,RAN OFF ROAD,GIFFORDRDWOODSIDEDR,LANE CONTROL,2022-01-15 16:01:00
670,MONROE SD,BLOOMINGTON,1,0.0,1,0,0,,,,SR45,N PATHWAYS,,,,39.24436075,-86.38545575,STATE ROAD,N,RURAL,N,N,N,,DARK (NOT LIGHTED),CLOUDY,DRY,,NO JUNCTION INVOLVED,STRAIGHT/LEVEL,ASPHALT,RAN OFF ROAD RIGHT,RAN OFF ROAD,NPATHWAYSDRSR45,NONE,2022-01-12 18:04:00
671,ELLETTSVILLE PD,ELLETTSVILLE,2,0.0,0,0,0,,,,SR46W,LOVE,,100.0,E,39.21898572,-86.60202298,STATE ROAD,N,URBAN,N,N,N,,DAYLIGHT,CLEAR,DRY,,NO JUNCTION INVOLVED,STRAIGHT/LEVEL,ASPHALT,FAILURE TO YIELD RIGHT OF WAY,RIGHT ANGLE,LOVELNSR46W,LANE CONTROL,2022-01-05 10:31:00
672,ELLETTSVILLE PD,ELLETTSVILLE,2,0.0,0,0,0,,,,SR46W,LAKEVIEW,,,,39.221152,-86.6056,STATE ROAD,N,URBAN,N,N,N,,DAYLIGHT,RAIN,WET,,NO JUNCTION INVOLVED,STRAIGHT/LEVEL,ASPHALT,FOLLOWING TOO CLOSELY,REAR END,LAKEVIEWDRSR46W,NONE,2022-02-24 16:09:00
673,ELLETTSVILLE PD,ELLETTSVILLE,2,0.0,0,0,0,,,,SR46W,HARTSTRAIGHT,,,,39.227624,-86.615919,STATE ROAD,N,URBAN,N,N,N,,DARK (LIGHTED),CLOUDY,DRY,,FOUR-WAY INTERSECTION,STRAIGHT/LEVEL,ASPHALT,CELL PHONE USAGE,SAME DIRECTION SIDESWIPE,HARTSTRAIGHTRDSR46W,TRAFFIC CONTROL SIGNAL,2022-03-07 20:00:00
674,ELLETTSVILLE PD,ELLETTSVILLE,2,0.0,1,0,0,,,,SR46W,LEE,,300.0,W,39.24584897,-86.63832633,STATE ROAD,N,URBAN,N,N,N,,DAYLIGHT,CLEAR,DRY,,NO JUNCTION INVOLVED,STRAIGHT/GRADE,ASPHALT,FAILURE TO YIELD RIGHT OF WAY,RIGHT ANGLE,LEESTSR46W,OTHER REGULATORY SIGN/MARKING,2022-02-15 07:28:00
675,ELLETTSVILLE PD,ELLETTSVILLE,1,0.0,0,0,0,7821,,,SR46W,,,,,39.2512,-86.652504,STATE ROAD,N,RURAL,N,N,N,,DAWN/DUSK,CLOUDY,WET,,NO JUNCTION INVOLVED,CURVE/LEVEL,ASPHALT,DRIVER DISTRACTED - EXPLAIN IN NARRATIVE,RAN OFF ROAD,SR46W,NONE,2022-05-05 20:11:00
676,ELLETTSVILLE PD,ELLETTSVILLE,2,0.0,0,0,0,,,,SR46W,SMITH,,200.0,W,39.21047397,-86.5837645,STATE ROAD,N,URBAN,N,N,N,,DAYLIGHT,RAIN,WET,,FOUR-WAY INTERSECTION,STRAIGHT/LEVEL,ASPHALT,FAILURE TO YIELD RIGHT OF WAY,RIGHT ANGLE,SMITHPIKESR46W,STOP SIGN,2022-02-11 16:18:00
677,ELLETTSVILLE PD,ELLETTSVILLE,2,0.0,0,0,0,,,,SR46W,LAKEVIEW,,,,39.221152,-86.6056,STATE ROAD,N,URBAN,N,Y,N,,DAYLIGHT,CLEAR,DRY,,NO JUNCTION INVOLVED,STRAIGHT/LEVEL,ASPHALT,FAILURE TO YIELD RIGHT OF WAY,LEFT TURN,LAKEVIEWDRSR46W,STOP SIGN,2022-04-04 14:21:00
678,MONROE SD,BLOOMINGTON,2,,0,0,0,,,,W TAPP RD,S RAYLE PL,,0.0,,39.13678906,-86.5786367,LOCAL/CITY ROAD,,RURAL,N,N,N,,DARK (NOT LIGHTED),CLEAR,DRY,,NO JUNCTION INVOLVED,,ASPHALT,UNSAFE LANE MOVEMENT,LEFT TURN,WTAPPRDSRAYLEPL,,2022-01-25 19:00:00
679,BLOOMINGTON PD,BLOOMINGTON,2,,1,0,0,,,,E 13TH ST,N INDIANA AVE,,0.0,,39.175247,-86.527004,LOCAL/CITY ROAD,,URBAN,N,N,N,,DAYLIGHT,CLEAR,ICE,,FOUR-WAY INTERSECTION,,ASPHALT,FAILURE TO YIELD RIGHT OF WAY,RIGHT ANGLE,NINDIANAAVEE13THST,,2022-01-18 09:08:00
680,BLOOMINGTON PD,BLOOMINGTON,1,,1,0,0,,,,S COLLEGE MALL RD,,,0.0,,39.15169832,-86.49670304,,,URBAN,N,N,N,,DAYLIGHT,CLEAR,DRY,,T-INTERSECTION,,ASPHALT,HOLES/RUTS IN SURFACE,OTHER - EXPLAIN IN NARRATIVE,SCOLLEGEMALLRD,,2022-01-11 16:54:00
681,INDIANA UNIV BLOOMINGTON PD,BLOOMINGTON,1,,0,0,0,,,,E 17TH ST,,,0.0,,39.17997519,-86.52587956,,,URBAN,N,N,N,,DARK (LIGHTED),RAIN,WET,,NO JUNCTION INVOLVED,,CONCRETE,SPEED TOO FAST FOR WEATHER CONDITIONS,SAME DIRECTION SIDESWIPE,E17THST,,2022-01-09 02:30:00
682,BLOOMINGTON PD,BLOOMINGTON,2,,0,0,0,,,,ALEXANDER DR,N JACOB DR,,0.0,,39.1687823,-86.5735697,LOCAL/CITY ROAD,,URBAN,N,N,N,,DAYLIGHT,CLEAR,DRY,,FOUR-WAY INTERSECTION,,ASPHALT,FAILURE TO YIELD RIGHT OF WAY,RIGHT ANGLE,NJACOBDRALEXANDERDR,,2022-01-13 11:19:00
683,INDIANA UNIV BLOOMINGTON PD,BLOOMINGTON,2,,0,0,0,,,,N DUNN ST,E 17TH ST,,0.0,,39.17917737,-86.5283179,LOCAL/CITY ROAD,,URBAN,N,N,N,,DARK (LIGHTED),CLEAR,DRY,,T-INTERSECTION,,ASPHALT,FOLLOWING TOO CLOSELY,REAR END,NDUNNSTE17THST,,2022-01-19 18:35:00