_id,Agency,City,Vehicles Involved,Trailers Involved,Number Injured,Number Dead,Number Deer,House Number,Roadway Interchange,Roadway Ramp,Roadway Id,Intersecting Road,Interchange,Feet From,Direction,Latitude,Longitude,Roadway Class,Hit and Run?,Locality,School Zone?,Rumble Strips?,Construction?,Construction Type,Light Condition,Weather Conditions,Surface Condition,Type of Median,Roadway Junction Type,Road Character,Roadway Surface,Primary Factor,Manner of Collision,Unique Location Id,Traffic Control,DateTime
684,MONROE SD,BLOOMINGTON,2,,0,0,0,,,,WEST POPCORN ROAD,SOUTH KETCHAM ROAD,,1500.0,,39.0117416,-86.5619147,,,RURAL,N,N,N,,DAYLIGHT,CLOUDY,ICE,,NO JUNCTION INVOLVED,,ASPHALT,LEFT OF CENTER,OPPOSITE DIRECTION SIDESWIPE,WESTPOPCORNROADSOUTHKETCHAMROAD,,2022-01-17 11:17:00
685,BLOOMINGTON PD,BLOOMINGTON,4,,4,0,0,,,,W 3RD ST,S MULLER PKWY,,0.0,,39.1644095,-86.56275219,LOCAL/CITY ROAD,,URBAN,N,N,N,,DAYLIGHT,SNOW,SNOW/SLUSH,,FOUR-WAY INTERSECTION,,ASPHALT,FOLLOWING TOO CLOSELY,REAR END,W3RDSTSMULLERPKWY,,2022-01-24 13:30:00
686,BLOOMINGTON PD,BLOOMINGTON,2,,0,0,0,,,,S LIBERTY DR,W STATE RD 45,,0.0,,39.14501988,-86.57776323,LOCAL/CITY ROAD,,URBAN,N,N,N,,DARK (NOT LIGHTED),CLEAR,DRY,,FOUR-WAY INTERSECTION,,ASPHALT,DISREGARD SIGNAL/REG SIGN,RIGHT ANGLE,WSTATERD45SLIBERTYDR,,2022-01-05 20:15:00
687,BLOOMINGTON PD,BLOOMINGTON,2,,0,0,0,,,,S ADAMS ST,W BLOOMFIELD RD,,634.0,,39.15929784,-86.55076984,LOCAL/CITY ROAD,,URBAN,N,N,N,,DAYLIGHT,CLEAR,DRY,,NO JUNCTION INVOLVED,,ASPHALT,OTHER (VEHICLE) - EXPLAIN IN NARRATIVE,OPPOSITE DIRECTION SIDESWIPE,WBLOOMFIELDRDSADAMSST,,2022-01-03 16:20:00
688,BLOOMINGTON PD,BLOOMINGTON,2,,0,0,0,,,,STATE RD 46,N WALNUT ST,,0.0,,39.18646938,-86.5359158,STATE ROAD,,URBAN,N,N,N,,DAYLIGHT,CLOUDY,WET,,NO JUNCTION INVOLVED,,ASPHALT,FOLLOWING TOO CLOSELY,REAR END,STATERD46NWALNUTST,,2022-01-24 05:14:00
689,MONROE SD,BLOOMINGTON,1,,0,0,0,,,,N MT GILEAD TD,N GETTY'S CREEK RD,,1000.0,,39.193437,-86.436407,LOCAL/CITY ROAD,,RURAL,N,N,N,,DAYLIGHT,SNOW,ICE,,NO JUNCTION INVOLVED,,ASPHALT,ROADWAY SURFACE CONDITION,RAN OFF ROAD,NMTGILEADTDNGETTY'SCREEKRD,,2022-01-15 08:29:00
690,INDIANA UNIV BLOOMINGTON PD,BLOOMINGTON,2,,0,0,0,,,,E 10TH ST,WOODLAWN AVE,,0.0,,39.17167392,-86.52345962,,,RURAL,N,N,N,,DAYLIGHT,CLEAR,DRY,,FOUR-WAY INTERSECTION,,ASPHALT,UNSAFE BACKING,BACKING CRASH,WOODLAWNAVEE10THST,,2022-01-19 12:05:00
691,INDIANA UNIV BLOOMINGTON PD,BLOOMINGTON,2,,2,0,0,,,,E 10TH ST,N FEE LN,,0.0,,39.17160738,-86.51902861,LOCAL/CITY ROAD,,URBAN,N,N,N,,DAYLIGHT,CLOUDY,DRY,,T-INTERSECTION,,ASPHALT,FOLLOWING TOO CLOSELY,REAR END,NFEELNE10THST,,2022-01-19 13:40:00
692,MONROE SD,BLOOMINGTON,1,,0,0,0,,,,I-69,,,634.0,,39.33307581,-86.51340668,INTERSTATE,,RURAL,N,N,N,,DARK (NOT LIGHTED),CLEAR,DRY,,NO JUNCTION INVOLVED,,ASPHALT,ANIMAL/OBJECT IN ROADWAY,RAN OFF ROAD,I-69,,2022-01-17 20:41:00
693,BLOOMINGTON PD,BLOOMINGTON,2,,0,0,0,,,,N. COLLEGE AVE,W. 8TH ST,,0.0,,39.169503,-86.534847,LOCAL/CITY ROAD,,URBAN,N,N,N,,DAYLIGHT,CLEAR,DRY,,NO JUNCTION INVOLVED,,ASPHALT,UNSAFE BACKING,BACKING CRASH,W.8THSTN.COLLEGEAVE,,2022-01-20 12:16:00
694,BLOOMINGTON PD,BLOOMINGTON,2,,0,0,0,1300,,,S PATTERSON DR,,,0.0,,39.15443372,-86.54310501,LOCAL/CITY ROAD,,URBAN,N,N,N,,UNKNOWN,CLEAR,DRY,,NO JUNCTION INVOLVED,,CONCRETE,IMPROPER LANE USAGE,RIGHT TURN,SPATTERSONDR,,2022-01-23 06:30:00
695,BLOOMINGTON PD,BLOOMINGTON,2,,0,0,0,,,,3100 BLK W. SR45,I69/37 OVERPASS,,200.0,,0.0,0.0,STATE ROAD,,URBAN,N,N,N,,DAYLIGHT,CLOUDY,DRY,,NO JUNCTION INVOLVED,,CONCRETE,UNSAFE LANE MOVEMENT,SAME DIRECTION SIDESWIPE,I69/37OVERPASS3100BLKW.SR45,,2022-01-08 11:07:00
696,INDIANA UNIV BLOOMINGTON PD,BLOOMINGTON,2,,0,0,0,1600,,,E 10TH ST,,,0.0,,39.17188602,-86.51206023,LOCAL/CITY ROAD,,URBAN,N,N,N,,DAYLIGHT,CLOUDY,DRY,,NO JUNCTION INVOLVED,,ASPHALT,OTHER (DRIVER) - EXPLAIN IN NARRATIVE,BACKING CRASH,E10THST,,2022-01-10 09:23:00
697,INDIANA UNIV BLOOMINGTON PD,BLOOMINGTON,1,,0,0,1,,,,STATE RD 45,,,0.0,,39.18184561,-86.50941557,STATE ROAD,,URBAN,N,N,N,,DAYLIGHT,CLEAR,DRY,,NO JUNCTION INVOLVED,,ASPHALT,ANIMAL/OBJECT IN ROADWAY,COLLISION WITH DEER,STATERD45,,2022-01-26 18:00:00
698,BLOOMINGTON PD,BLOOMINGTON,2,,0,0,0,,,,STATE RD 46,EASTGATE LN,,158.0,,39.16992304,-86.50141902,STATE ROAD,,URBAN,N,N,N,,DAYLIGHT,CLEAR,DRY,,NO JUNCTION INVOLVED,,ASPHALT,FOLLOWING TOO CLOSELY,REAR END,STATERD46EASTGATELN,,2022-01-26 03:25:00
699,BLOOMINGTON PD,BLOOMINGTON,3,,2,0,0,,,,1199 S COLLEGE MALL ROAD,,,0.0,,0.0,0.0,LOCAL/CITY ROAD,,URBAN,N,N,N,,DAWN/DUSK,CLEAR,DRY,,FOUR-WAY INTERSECTION,,ASPHALT,DRIVER ILLNESS,HEAD ON BETWEEN TWO MOTOR VEHICLES,1199SCOLLEGEMALLROAD,,2022-01-11 16:51:00
700,BLOOMINGTON PD,BLOOMINGTON,3,,0,0,0,,,,S LEONARD SPRINGS RD,W SIMS LN,,0.0,,39.12609456,-86.58257087,LOCAL/CITY ROAD,,URBAN,N,N,N,,DAYLIGHT,RAIN,WET,,INTERCHANGE,,ASPHALT,FOLLOWING TOO CLOSELY,REAR END,WSIMSLNSLEONARDSPRINGSRD,,2022-01-01 14:52:00
701,BLOOMINGTON PD,BLOOMINGTON,2,,0,0,0,,,,W 17TH ST,N WALNUT ST,,0.0,,39.17897822,-86.53353954,LOCAL/CITY ROAD,,URBAN,N,N,N,,DAYLIGHT,CLEAR,DRY,,FOUR-WAY INTERSECTION,,ASPHALT,DISREGARD SIGNAL/REG SIGN,RIGHT ANGLE,W17THSTNWALNUTST,,2022-01-05 13:48:00
702,BLOOMINGTON PD,BLOOMINGTON,1,,0,0,0,574,,,S LANDMARK AVE,,,0.0,,39.1601593,-86.5539649,LOCAL/CITY ROAD,,URBAN,N,N,N,,DAYLIGHT,CLEAR,DRY,,NO JUNCTION INVOLVED,,ASPHALT,OTHER (DRIVER) - EXPLAIN IN NARRATIVE,OTHER - EXPLAIN IN NARRATIVE,SLANDMARKAVE,,2022-01-12 17:21:00
703,ELLETTSVILLE PD,ELLETTSVILLE,2,,0,0,0,,,,S EDGEWOOD DR,W TEMPERANCE ST,,0.0,,39.23626957,-86.62846667,STATE ROAD,,URBAN,Y,N,N,,DAWN/DUSK,RAIN,WET,,T-INTERSECTION,,ASPHALT,IMPROPER TURNING,LEFT/RIGHT TURN,WTEMPERANCESTSEDGEWOODDR,,2022-05-03 07:24:00
704,BLOOMINGTON PD,BLOOMINGTON,2,,1,0,0,,,,E 3RD ST,S PETE ELLIS DR,,0.0,,39.16420554,-86.49489623,LOCAL/CITY ROAD,,URBAN,N,N,N,,DAYLIGHT,CLOUDY,WET,,FOUR-WAY INTERSECTION,,ASPHALT,FOLLOWING TOO CLOSELY,REAR END,SPETEELLISDRE3RDST,,2022-05-14 16:14:00
705,BLOOMINGTON PD,BLOOMINGTON,2,,0,0,0,,,,W 10TH ST,N COLLEGE AVE,,0.0,,39.17167739,-86.53484649,,,URBAN,N,N,N,,DARK (LIGHTED),CLEAR,WET,,FOUR-WAY INTERSECTION,,ASPHALT,UNSAFE LANE MOVEMENT,LEFT TURN,W10THSTNCOLLEGEAVE,,2022-02-12 20:27:00
706,BLOOMINGTON PD,BLOOMINGTON,2,,0,0,0,,,,E WYLIE FARM RD,S BAYBERRY DR,,0.0,,0.0,0.0,LOCAL/CITY ROAD,,URBAN,N,N,N,,DARK (NOT LIGHTED),CLEAR,DRY,,FOUR-WAY INTERSECTION,,ASPHALT,DRIVER DISTRACTED - EXPLAIN IN NARRATIVE,REAR END,SBAYBERRYDREWYLIEFARMRD,,2022-02-26 21:50:00
707,MONROE SD,BLOOMINGTON,2,,0,0,0,3585,,,WEST STATE ROAD 45,,,0.0,,39.141477,-86.58021,OTHER,,URBAN,N,N,N,,DAYLIGHT,CLOUDY,DRY,,NO JUNCTION INVOLVED,,ASPHALT,DRIVER DISTRACTED - EXPLAIN IN NARRATIVE,BACKING CRASH,WESTSTATEROAD45,,2022-02-13 17:35:00
708,BLOOMINGTON PD,BLOOMINGTON,2,,0,0,0,1150,,,S CLARIZZ BLVD: THE MONROE,,,0.0,,39.15382652,-86.49292385,LOCAL/CITY ROAD,,URBAN,N,N,N,,DAYLIGHT,SNOW,SNOW/SLUSH,,NO JUNCTION INVOLVED,,ASPHALT,OTHER (ENVIRONMENTAL) - EXPLAIN IN NARR,REAR END,SCLARIZZBLVD:THEMONROE,,2022-01-28 13:35:00
709,ISP BLOOMINGTON 33,BLOOMINGTON,2,,0,0,0,,,,SR45,N WALNUT ST,,600.0,,39.18626641,-86.53386459,STATE ROAD,,URBAN,N,N,N,,DAYLIGHT,CLOUDY,WET,,NO JUNCTION INVOLVED,,ASPHALT,SPEED TOO FAST FOR WEATHER CONDITIONS,REAR END,SR45NWALNUTST,,2022-02-24 10:40:00
710,BLOOMINGTON PD,BLOOMINGTON,2,,0,0,0,,,,N INDIANA AVE,E 13TH ST,,0.0,,39.175232,-86.5269973,LOCAL/CITY ROAD,,URBAN,N,N,N,,DAYLIGHT,CLEAR,DRY,,FOUR-WAY INTERSECTION,,ASPHALT,FAILURE TO YIELD RIGHT OF WAY,RIGHT ANGLE,NINDIANAAVEE13THST,,2022-02-05 16:01:00
711,BLOOMINGTON PD,BLOOMINGTON,2,,0,0,0,,,,2801 N. WALNUT ST,E. BLUE RIDGE DR,,2000.0,,39.1959163,-86.53202564,LOCAL/CITY ROAD,,URBAN,N,N,N,,DAYLIGHT,CLEAR,DRY,,NO JUNCTION INVOLVED,,ASPHALT,FOLLOWING TOO CLOSELY,REAR END,E.BLUERIDGEDR2801N.WALNUTST,,2022-03-02 08:12:00
712,MONROE SD,BLOOMINGTON,2,,2,0,0,,,,N CURRY PIKE,W VERNAL PIKE,,0.0,,39.179165,-86.583074,LOCAL/CITY ROAD,,URBAN,N,N,N,,DAYLIGHT,CLEAR,DRY,,FOUR-WAY INTERSECTION,,ASPHALT,FAILURE TO YIELD RIGHT OF WAY,RIGHT ANGLE,WVERNALPIKENCURRYPIKE,,2022-03-30 07:31:00
713,BLOOMINGTON PD,BLOOMINGTON,2,,0,0,0,,,,W COUNTRY CLUB DR,S BANTA AVE,,50.0,,39.13620905,-86.54452291,LOCAL/CITY ROAD,,URBAN,N,N,N,,DAYLIGHT,CLEAR,DRY,,NO JUNCTION INVOLVED,,ASPHALT,FOLLOWING TOO CLOSELY,REAR END,WCOUNTRYCLUBDRSBANTAAVE,,2022-04-21 16:50:00
714,BLOOMINGTON PD,BLOOMINGTON,2,,2,0,0,,,,S ROGERS ST,S ROCKPORT RD,,0.0,,39.14609541,-86.5388698,LOCAL/CITY ROAD,,URBAN,N,N,B,,DAYLIGHT,CLEAR,DRY,,FOUR-WAY INTERSECTION,,ASPHALT,IMPROPER TURNING,SAME DIRECTION SIDESWIPE,SROGERSSTSROCKPORTRD,,2022-04-19 14:29:00
715,INDIANA UNIV BLOOMINGTON PD,BLOOMINGTON,1,,0,0,0,2901,,,E. DISCOVERY PKWY,,,0.0,,39.17727456,-86.49378366,PRIVATE DRIVE,,URBAN,N,N,N,,DAYLIGHT,RAIN,WET,,NO JUNCTION INVOLVED,,ASPHALT,IMPROPER TURNING,LEFT TURN,E.DISCOVERYPKWY,,2022-02-24 15:30:00
716,BLOOMINGTON PD,BLOOMINGTON,2,,2,0,0,,,,W 2ND ST BLOOMINGTON IN,"S WALKER ST BLOOMINGTON, IN",,0.0,,,,LOCAL/CITY ROAD,,URBAN,N,N,N,,DAWN/DUSK,CLEAR,DRY,,FOUR-WAY INTERSECTION,,ASPHALT,DISREGARD SIGNAL/REG SIGN,RIGHT ANGLE,"W2NDSTBLOOMINGTONINSWALKERSTBLOOMINGTON,IN",,2022-02-25 18:06:00
717,DNR LAW ENFORCEMENT,BLOOMINGTON,1,,0,0,0,,,,S SMITH RD,E MOORES PIKE,,0.0,,39.15015299,-86.48046917,COUNTY ROAD,,URBAN,N,N,N,,DAYLIGHT,CLEAR,DRY,,FOUR-WAY INTERSECTION,,ASPHALT,OTHER (VEHICLE) - EXPLAIN IN NARRATIVE,NON-COLLISION,SSMITHRDEMOORESPIKE,,2022-04-09 15:30:00
718,BLOOMINGTON PD,BLOOMINGTON,2,,0,0,0,,,,S WINFIELD RD,E MOORES PIKE,,0.0,,39.15041928,-86.50085977,,,URBAN,N,N,N,,DARK (LIGHTED),CLEAR,DRY,,TRAFFIC CIRCLE/ROUNDABOUT,,ASPHALT,FAILURE TO YIELD RIGHT OF WAY,RIGHT TURN,SWINFIELDRDEMOORESPIKE,,2022-02-26 21:45:00
719,BLOOMINGTON PD,BLOOMINGTON,2,,0,0,0,,,,N WALNUT ST ST,E GLENDORA DR,,0.0,,39.19025299,-86.53322286,LOCAL/CITY ROAD,,URBAN,N,N,N,,DARK (NOT LIGHTED),CLEAR,DRY,,Y-INTERSECTION,,ASPHALT,UNSAFE LANE MOVEMENT,RIGHT TURN,NWALNUTSTSTEGLENDORADRDR,,2022-01-15 11:30:00
720,INDIANA UNIV BLOOMINGTON PD,BLOOMINGTON,2,,0,0,0,,,,E 3RD ST,S JORDAN AVE,,0.0,,39.16425839,-86.51635177,LOCAL/CITY ROAD,,URBAN,N,N,N,,DAYLIGHT,CLEAR,DRY,,FOUR-WAY INTERSECTION,,ASPHALT,UNSAFE LANE MOVEMENT,SAME DIRECTION SIDESWIPE,SJORDANAVEE3RDST,,2022-05-10 19:20:00
721,ISP BLOOMINGTON 33,BLOOMINGTON,1,,1,0,0,,,,N UPPER BIRDIE GALYAN RD,STATE RD 46,,0.0,,39.16271652,-86.41334067,STATE ROAD,,RURAL,N,N,N,,DAYLIGHT,CLEAR,DRY,,T-INTERSECTION,,ASPHALT,UNSAFE SPEED,RAN OFF ROAD,STATERD46NUPPERBIRDIEGALYANRD,,2022-01-20 12:35:00
722,BLOOMINGTON PD,BLOOMINGTON,1,,0,0,0,,,,E 3RD ST,S KINGSTON DR,,475.0,,39.16429235,-86.49200446,LOCAL/CITY ROAD,,URBAN,N,N,N,,DAYLIGHT,CLEAR,DRY,,NO JUNCTION INVOLVED,,ASPHALT,DRIVER DISTRACTED - EXPLAIN IN NARRATIVE,RAN OFF ROAD,SKINGSTONDRE3RDST,,2022-04-21 19:28:00
723,BLOOMINGTON PD,BLOOMINGTON,1,,0,0,0,,,,W KIRKWOOD AVE,S GENTRY ST,,0.0,,39.16655877,-86.5356412,LOCAL/CITY ROAD,,URBAN,N,N,N,,DAYLIGHT,CLEAR,DRY,,NO JUNCTION INVOLVED,,ASPHALT,UNDER STEERING/UNDER CORRECTING,OTHER - EXPLAIN IN NARRATIVE,WKIRKWOODAVESGENTRYST,,2022-04-22 17:18:00
724,BLOOMINGTON PD,BLOOMINGTON,2,,0,0,0,,,,E 11TH ST,N PARK AVE,,0.0,,39.173432,-86.524688,LOCAL/CITY ROAD,,URBAN,N,N,N,,DAYLIGHT,CLEAR,DRY,,FOUR-WAY INTERSECTION,,ASPHALT,FAILURE TO YIELD RIGHT OF WAY,RIGHT ANGLE,NPARKAVEE11THST,,2022-01-25 12:51:00
725,BLOOMINGTON PD,BLOOMINGTON,2,,0,0,0,,,,E 19TH ST,N LINCOLN ST,,0.0,,39.18118912,-86.53140746,LOCAL/CITY ROAD,,URBAN,N,N,N,,DAYLIGHT,CLEAR,DRY,,FOUR-WAY INTERSECTION,,ASPHALT,FAILURE TO YIELD RIGHT OF WAY,REAR END,NLINCOLNSTE19THST,,2022-03-24 21:00:00
726,ISP BLOOMINGTON 33,BLOOMINGTON,2,,0,0,0,,,,SR46,ARLINGTON ROAD,,2640.0,,40.23912734,-85.92877232,STATE ROAD,,URBAN,N,N,N,,DAYLIGHT,CLEAR,DRY,,NO JUNCTION INVOLVED,,ASPHALT,UNSAFE SPEED,REAR END,SR46ARLINGTONROAD,,2022-05-17 09:05:00
727,BLOOMINGTON PD,BLOOMINGTON,2,,0,0,0,,,,S WEIMER RD,W TAPP RD,,0.0,,39.13663386,-86.56198652,LOCAL/CITY ROAD,,URBAN,N,N,N,,DAYLIGHT,SNOW,WET,,T-INTERSECTION,,ASPHALT,UNSAFE BACKING,BACKING CRASH,WTAPPRDSWEIMERRD,,2022-03-11 16:16:00
728,MONROE SD,BLOOMINGTON,2,,0,0,0,,,,N BUTCHER RD,W OLD CAPITOL PIKE,,0.0,,39.10666954,-86.55113865,PRIVATE DRIVE,,URBAN,N,N,N,,DAYLIGHT,CLEAR,DRY,,NO JUNCTION INVOLVED,,ASPHALT,UNSAFE BACKING,REAR TO REAR,WOLDCAPITOLPIKENBUTCHERRD,,2022-05-20 15:06:00
729,BLOOMINGTON PD,BLOOMINGTON,2,,0,0,0,,,,E 10TH ST,N DUNN ST,,0.0,,39.17164652,-86.52823279,LOCAL/CITY ROAD,,URBAN,N,N,N,,DAYLIGHT,RAIN,WET,,FOUR-WAY INTERSECTION,,ASPHALT,FOLLOWING TOO CLOSELY,REAR END,NDUNNSTE10THST,,2022-05-25 18:42:00
730,BLOOMINGTON PD,BLOOMINGTON,1,,0,0,0,,,,1925 E. ATWATER AVE,,,0.0,,,,PRIVATE DRIVE,,URBAN,N,N,N,,DAYLIGHT,CLOUDY,DRY,,NO JUNCTION INVOLVED,,ASPHALT,OTHER (VEHICLE) - EXPLAIN IN NARRATIVE,OTHER - EXPLAIN IN NARRATIVE,1925E.ATWATERAVE,,2022-04-04 12:12:00
731,BLOOMINGTON PD,BLOOMINGTON,1,,0,0,0,,,,N PETE ELLIS DR,E BRAESIDE DR,,0.0,,39.1684711,-86.49508163,LOCAL/CITY ROAD,,URBAN,N,N,N,,DARK (NOT LIGHTED),RAIN,WET,,NO JUNCTION INVOLVED,,ASPHALT,SPEED TOO FAST FOR WEATHER CONDITIONS,RAN OFF ROAD,NPETEELLISDREBRAESIDEDR,,2022-05-26 23:30:00
732,BLOOMINGTON PD,BLOOMINGTON,2,,0,0,0,,,,7TH,DUNN,,0.0,,0.0,0.0,LOCAL/CITY ROAD,,URBAN,N,N,N,,DAYLIGHT,CLOUDY,DRY,,FOUR-WAY INTERSECTION,,ASPHALT,FAILURE TO YIELD RIGHT OF WAY,RIGHT ANGLE,DUNN7TH,,2022-04-09 12:31:00
733,INDIANA UNIV BLOOMINGTON PD,BLOOMINGTON,1,,0,0,0,,,,E 7TH ST,N WOODLAWN AVE,,0.0,,39.16851108,-86.52385391,LOCAL/CITY ROAD,,URBAN,N,N,N,,DAYLIGHT,CLEAR,DRY,,NO JUNCTION INVOLVED,,ASPHALT,OTHER (DRIVER) - EXPLAIN IN NARRATIVE,OTHER - EXPLAIN IN NARRATIVE,NWOODLAWNAVEE7THST,,2022-05-16 07:25:00
734,BLOOMINGTON PD,BLOOMINGTON,2,,1,0,0,,,,STATE RD 46,N KINSER PIKE,,0.0,,39.18650271,-86.5377353,STATE ROAD,,URBAN,N,N,N,,DAYLIGHT,CLEAR,DRY,,NO JUNCTION INVOLVED,,ASPHALT,DRIVER DISTRACTED - EXPLAIN IN NARRATIVE,REAR END,STATERD46NKINSERPIKE,,2022-04-19 18:18:00
735,BLOOMINGTON PD,BLOOMINGTON,2,,0,0,0,,,,E MOORES PIKE,S SARE RD,,0.0,,39.15046519,-86.49823792,PRIVATE DRIVE,,URBAN,N,N,N,,DAYLIGHT,CLOUDY,DRY,,FOUR-WAY INTERSECTION,,ASPHALT,FOLLOWING TOO CLOSELY,REAR END,SSARERDEMOORESPIKE,,2022-05-18 13:46:00
736,MONROE SD,BLOOMINGTON,1,,0,0,0,,,,STATE RD 46,E KENT RD,,0.0,,39.15161363,-86.40234321,STATE ROAD,,RURAL,N,N,N,,DARK (NOT LIGHTED),CLEAR,DRY,,NO JUNCTION INVOLVED,,ASPHALT,OTHER (DRIVER) - EXPLAIN IN NARRATIVE,RAN OFF ROAD,STATERD46EKENTRD,,2022-02-20 03:08:00
737,BLOOMINGTON PD,BLOOMINGTON,2,,0,0,0,,,,404 S WASHINGTON ST,,,0.0,,39.16240104,-86.5323804,PRIVATE DRIVE,,URBAN,N,N,N,,DAYLIGHT,CLOUDY,DRY,,NO JUNCTION INVOLVED,,CONCRETE,IMPROPER TURNING,SAME DIRECTION SIDESWIPE,404SWASHINGTONST,,2022-03-23 18:30:00
738,BLOOMINGTON PD,BLOOMINGTON,2,,0,0,0,,,,E 3RD ST,,,0.0,,39.16403819,-86.51588744,PRIVATE DRIVE,,URBAN,N,N,N,,DAYLIGHT,CLEAR,DRY,,NO JUNCTION INVOLVED,,ASPHALT,IMPROPER TURNING,LEFT TURN,E3RDST,,2022-04-21 04:45:00
739,BLOOMINGTON PD,BLOOMINGTON,2,,0,0,0,,,,W BLOOMFIELD RD,S LEONARD SPRINGS RD,,0.0,,0.0,0.0,LOCAL/CITY ROAD,,URBAN,N,N,N,,DAYLIGHT,CLEAR,DRY,,T-INTERSECTION,,ASPHALT,FAILURE TO YIELD RIGHT OF WAY,RIGHT ANGLE,WBLOOMFIELDRDSLEONARDSPRINGSRD,,2022-05-14 09:30:00
740,ISP BLOOMINGTON 33,BLOOMINGTON,2,,0,0,0,,,,SR48,N GATES DR,,0.0,,39.16461623,-86.57607296,STATE ROAD,,URBAN,N,N,N,,DAYLIGHT,CLEAR,DRY,,NO JUNCTION INVOLVED,,ASPHALT,UNSAFE LANE MOVEMENT,SAME DIRECTION SIDESWIPE,SR48NGATESDR,,2022-05-10 11:47:00
741,BLOOMINGTON PD,BLOOMINGTON,2,,0,0,0,3870,,,W 3RD ST,,,0.0,,39.16614165,-86.5820087,PRIVATE DRIVE,,URBAN,N,N,N,,DAYLIGHT,CLEAR,DRY,,NO JUNCTION INVOLVED,,ASPHALT,FAILURE TO YIELD RIGHT OF WAY,BACKING CRASH,W3RDST,,2022-04-07 05:28:00
742,MONROE SD,BLOOMINGTON,1,,0,0,1,,,,S ROGERS ST,PHYLLIS ST,,50.0,,39.10356341,-86.54015419,LOCAL/CITY ROAD,,URBAN,N,N,N,,DARK (NOT LIGHTED),CLEAR,DRY,,NO JUNCTION INVOLVED,,ASPHALT,ANIMAL/OBJECT IN ROADWAY,COLLISION WITH DEER,SROGERSSTPHYLLISST,,2022-02-08 01:09:00
743,MONROE SD,BLOOMINGTON,1,,0,0,0,,,,N STATE ROAD 37 BUSINESS,N OLD STATE ROAD 37,,0.0,,39.20912831,-86.53505325,LOCAL/CITY ROAD,,RURAL,N,N,N,,DARK (NOT LIGHTED),RAIN,WET,,NO JUNCTION INVOLVED,,ASPHALT,ANIMAL/OBJECT IN ROADWAY,COLLISION WITH OBJECT IN ROAD,NSTATEROAD37BUSINESSNOLDSTATEROAD37,,2022-02-02 06:49:00
744,INDIANA UNIV BLOOMINGTON PD,BLOOMINGTON,2,,1,0,0,,,,N MILO B SAMPSON LN,STATE RD 45,,0.0,,39.18635296,-86.52218289,STATE ROAD,,URBAN,N,N,N,,DAYLIGHT,CLEAR,DRY,,NO JUNCTION INVOLVED,,ASPHALT,FOLLOWING TOO CLOSELY,REAR END,STATERD45NMILOBSAMPSONLN,,2022-03-30 17:38:00
745,BLOOMINGTON PD,BLOOMINGTON,2,,0,0,0,,,,STATE RD 45/46 BYPASS,N DUNN ST,,475.0,,39.18632247,-86.52737564,LOCAL/CITY ROAD,,URBAN,N,N,N,,DAYLIGHT,CLOUDY,WET,,NO JUNCTION INVOLVED,,ASPHALT,FOLLOWING TOO CLOSELY,REAR END,STATERD45/46BYPASSNDUNNST,,2022-04-18 18:22:00
746,MONROE SD,,4,,0,0,0,,,,W ARLINGTON RD,N NORWEST WOODS LN,,0.0,,39.19810721,-86.5586101,,,RURAL,N,N,N,,DAYLIGHT,CLEAR,DRY,,T-INTERSECTION,,ASPHALT,DRIVER DISTRACTED - EXPLAIN IN NARRATIVE,REAR END,WARLINGTONRDNNORWESTWOODSLN,,2022-03-10 09:11:00
747,BLOOMINGTON PD,BLOOMINGTON,2,,0,0,0,,,,S COLLEGE MALL RD,E MOORES PIKE,,0.0,,39.15160745,-86.49764306,LOCAL/CITY ROAD,,URBAN,N,N,N,,DARK (LIGHTED),RAIN,WET,,FOUR-WAY INTERSECTION,,ASPHALT,FAILURE TO YIELD RIGHT OF WAY,RIGHT ANGLE,SCOLLEGEMALLRDEMOORESPIKE,,2022-04-13 20:22:00
748,ELLETTSVILLE PD,ELLETTSVILLE,1,,0,0,0,,,,W STATE RD 46,N LAKEVIEW DR,,158.0,,39.22121862,-86.60570008,STATE ROAD,,RURAL,N,N,N,,DAYLIGHT,CLEAR,DRY,,NO JUNCTION INVOLVED,,ASPHALT,OTHER (DRIVER) - EXPLAIN IN NARRATIVE,RAN OFF ROAD,WSTATERD46NLAKEVIEWDR,,2022-04-29 17:32:00
749,MONROE SD,BLOOMINGTON,1,,0,0,1,,,,WEST STATE RD 45,WEST ELLER ROAD,,0.0,,39.122404,-86.614233,STATE ROAD,,RURAL,N,N,N,,DAYLIGHT,CLOUDY,DRY,,NO JUNCTION INVOLVED,,ASPHALT,ANIMAL/OBJECT IN ROADWAY,COLLISION WITH DEER,WESTSTATERD45WESTELLERROAD,,2022-05-23 12:58:00
750,BLOOMINGTON PD,BLOOMINGTON,2,,0,0,0,,,,S WALNUT ST,E MILLER DR,,634.0,,39.14586382,-86.5323431,LOCAL/CITY ROAD,,URBAN,N,N,N,,DARK (LIGHTED),CLEAR,DRY,,NO JUNCTION INVOLVED,,ASPHALT,FOLLOWING TOO CLOSELY,REAR END,SWALNUTSTEMILLERDR,,2022-03-12 22:00:00