_id,Agency,City,Vehicles Involved,Trailers Involved,Number Injured,Number Dead,Number Deer,House Number,Roadway Interchange,Roadway Ramp,Roadway Id,Intersecting Road,Interchange,Feet From,Direction,Latitude,Longitude,Roadway Class,Hit and Run?,Locality,School Zone?,Rumble Strips?,Construction?,Construction Type,Light Condition,Weather Conditions,Surface Condition,Type of Median,Roadway Junction Type,Road Character,Roadway Surface,Primary Factor,Manner of Collision,Unique Location Id,Traffic Control,DateTime
751,BLOOMINGTON PD,BLOOMINGTON,3,,0,0,0,,,,E 10TH ST,,,0.0,,0.0,0.0,LOCAL/CITY ROAD,,URBAN,N,N,N,,DAYLIGHT,CLEAR,DRY,,NO JUNCTION INVOLVED,,ASPHALT,FOLLOWING TOO CLOSELY,REAR END,E10THST,,2022-02-25 12:19:00
752,BLOOMINGTON PD,BLOOMINGTON,2,,1,0,0,,,,S HIGH ST,E WIMBLETON LN,,0.0,,39.14410999,-86.50831336,LOCAL/CITY ROAD,,URBAN,N,N,N,,DAYLIGHT,CLEAR,DRY,,FOUR-WAY INTERSECTION,,ASPHALT,FOLLOWING TOO CLOSELY,RAN OFF ROAD,SHIGHSTEWIMBLETONLN,,2022-03-02 17:17:00
753,BLOOMINGTON PD,BLOOMINGTON,2,,0,0,0,,,,E NORTH DR,PRIVATE DRIVE,,0.0,,39.14455412,-86.52932758,LOCAL/CITY ROAD,,URBAN,N,N,N,,DAYLIGHT,CLEAR,DRY,,FOUR-WAY INTERSECTION,,ASPHALT,FAILURE TO YIELD RIGHT OF WAY,RIGHT ANGLE,PRIVATEDRIVEENORTHDR,,2022-01-27 15:01:00
754,BLOOMINGTON PD,BLOOMINGTON,2,,0,0,0,,,,E WYLIE ST,S WASHINGTON ST,,0.0,,39.15833965,-86.53220929,LOCAL/CITY ROAD,,URBAN,N,N,N,,DAYLIGHT,CLEAR,DRY,,NO JUNCTION INVOLVED,,ASPHALT,OTHER (VEHICLE) - EXPLAIN IN NARRATIVE,SAME DIRECTION SIDESWIPE,SWASHINGTONSTEWYLIEST,,2022-03-29 10:30:00
755,BLOOMINGTON PD,BLOOMINGTON,1,,0,0,0,,,,S KINGSTON DR,E LONGVIEW AVE,,0.0,,39.16658336,-86.49280734,LOCAL/CITY ROAD,,URBAN,N,N,N,,DAYLIGHT,RAIN,WET,,NO JUNCTION INVOLVED,,ASPHALT,ROADWAY SURFACE CONDITION,RAN OFF ROAD,SKINGSTONDRELONGVIEWAVE,,2022-04-25 11:05:00
756,BLOOMINGTON PD,BLOOMINGTON,2,,0,0,0,,,,W 6TH ST,N ROGERS ST,,0.0,,39.16759596,-86.53868877,,,URBAN,N,N,N,,DAYLIGHT,CLEAR,DRY,,FOUR-WAY INTERSECTION,,ASPHALT,DISREGARD SIGNAL/REG SIGN,RIGHT ANGLE,W6THSTNROGERSST,,2022-05-01 19:08:00
757,INDIANA UNIV BLOOMINGTON PD,BLOOMINGTON,3,,1,0,0,,,,STATE RD 45,10TH. ST,,845.0,,39.17336395,-86.5032618,LOCAL/CITY ROAD,,URBAN,N,N,N,,DAYLIGHT,CLEAR,DRY,,NO JUNCTION INVOLVED,,ASPHALT,FOLLOWING TOO CLOSELY,REAR END,STATERD4510TH.ST,,2022-03-20 12:36:00
758,ISP BLOOMINGTON 33,BLOOMINGTON,1,,0,0,0,,,,STATE RD 37,,,0.0,,39.10878119,-86.56120287,INTERSTATE,,RURAL,N,Y,N,,DAYLIGHT,SNOW,SNOW/SLUSH,,RAMP,,CONCRETE,ROADWAY SURFACE CONDITION,,STATERD37,,2022-01-28 15:40:00
759,INDIANA UNIV BLOOMINGTON PD,BLOOMINGTON,2,,0,0,0,1206,,,N FORREST AVE,,,0.0,,39.17732966,-86.52253694,LOCAL/CITY ROAD,,URBAN,N,N,N,,DAYLIGHT,CLEAR,DRY,,NO JUNCTION INVOLVED,,ASPHALT,IMPROPER TURNING,RIGHT TURN,NFORRESTAVE,,2022-02-05 13:00:00
760,BLOOMINGTON PD,BLOOMINGTON,2,,0,0,0,,,,E 1ST ST,S WASHINGTON ST,,30.0,,39.15937725,-86.53264359,LOCAL/CITY ROAD,,URBAN,N,N,N,,DAYLIGHT,CLOUDY,DRY,,FOUR-WAY INTERSECTION,,ASPHALT,FAILURE TO YIELD RIGHT OF WAY,RIGHT ANGLE,SWASHINGTONSTE1STST,,2022-04-08 17:00:00
761,MONROE SD,BLOOMINGTON,2,,0,0,0,,,,SERVICE RD,E MAIN FOREST RD,,50.0,,39.17029251,-86.53917176,LOCAL/CITY ROAD,,RURAL,N,N,N,,DARK (NOT LIGHTED),CLEAR,DRY,,NO JUNCTION INVOLVED,,ASPHALT,FAILURE TO MAINTAIN LANE,RAN OFF ROAD,SERVICERDEMAINFORESTRD,,2022-03-18 00:41:00
762,MONROE SD,BLOOMINGTON,1,,0,0,0,,,,I69 SOUTH BOUND,,,500.0,,0.0,0.0,STATE ROAD,,URBAN,N,Y,N,,DARK (LIGHTED),CLEAR,DRY,,NO JUNCTION INVOLVED,,ASPHALT,DRIVER ASLEEP OR FATIGUED,SAME DIRECTION SIDESWIPE,I69SOUTHBOUND125,,2022-04-25 23:10:00
763,BLOOMINGTON PD,BLOOMINGTON,1,,1,0,0,,,,N HEADLEY RD,E TREADWELL LN,,0.0,,39.19054265,-86.51339598,,,URBAN,N,N,N,,DARK (NOT LIGHTED),CLEAR,DRY,,NO JUNCTION INVOLVED,,ASPHALT,ANIMAL/OBJECT IN ROADWAY,RAN OFF ROAD,NHEADLEYRDETREADWELLLN,,2022-05-14 06:15:00
764,INDIANA UNIV BLOOMINGTON PD,BLOOMINGTON,2,,0,0,0,,,,E 10TH ST,,,0.0,,39.17210851,-86.51272006,PRIVATE DRIVE,,URBAN,N,N,N,,DARK (NOT LIGHTED),CLEAR,DRY,,NO JUNCTION INVOLVED,,ASPHALT,IMPROPER TURNING,SAME DIRECTION SIDESWIPE,E10THST,,2022-03-21 20:00:00
765,INDIANA UNIV BLOOMINGTON PD,BLOOMINGTON,2,,0,0,0,,,,E 3RD ST,S HAWTHORNE DR,,106.0,,39.16422303,-86.51988625,LOCAL/CITY ROAD,,URBAN,N,N,N,,DAYLIGHT,CLEAR,DRY,,NO JUNCTION INVOLVED,,ASPHALT,UNSAFE LANE MOVEMENT,SAME DIRECTION SIDESWIPE,SHAWTHORNEDRE3RDST,,2022-03-09 18:23:00
766,BLOOMINGTON PD,BLOOMINGTON,1,,1,0,0,,,,E COVENANTER DR,S CLARIZZ BLVD,,250.0,,39.15372779,-86.49232812,LOCAL/CITY ROAD,,URBAN,N,N,N,,DAYLIGHT,RAIN,WET,,NO JUNCTION INVOLVED,,ASPHALT,OTHER (DRIVER) - EXPLAIN IN NARRATIVE,RAN OFF ROAD,SCLARIZZBLVDECOVENANTERDR,,2022-04-25 10:39:00
767,INDIANA UNIV BLOOMINGTON PD,BLOOMINGTON,2,,0,0,0,600,,,N EAGLESON AVE.,,,0.0,,39.17243922,-86.51456345,PRIVATE DRIVE,,RURAL,N,N,N,,DAYLIGHT,CLEAR,DRY,,NO JUNCTION INVOLVED,,ASPHALT,UNSAFE BACKING,BACKING CRASH,NEAGLESONAVE.,,2022-04-26 09:30:00
768,INDIANA UNIV BLOOMINGTON PD,BLOOMINGTON,2,,0,0,0,,,,STATE RD 45,WALKWAY,,0.0,,39.17352872,-86.50332159,STATE ROAD,,URBAN,N,N,N,,DARK (LIGHTED),RAIN,WET,,NO JUNCTION INVOLVED,,ASPHALT,FOLLOWING TOO CLOSELY,REAR END,WALKWAYSTATERD45,,2022-04-13 13:27:00
769,INDIANA UNIV BLOOMINGTON PD,BLOOMINGTON,2,,1,0,0,,,,STATE RD 45,E 17TH ST,,0.0,,39.17984965,-86.50731272,STATE ROAD,,URBAN,N,N,N,,DAYLIGHT,CLEAR,DRY,,T-INTERSECTION,,ASPHALT,FAILURE TO YIELD RIGHT OF WAY,RIGHT ANGLE,STATERD45E17THST,,2022-05-23 18:05:00
770,MONROE SD,BLOOMINGTON,1,,1,0,0,,,,E RHORER RD,S SARE RD,,0.0,,39.12141995,-86.51376246,,,RURAL,Y,N,N,,DAWN/DUSK,CLOUDY,DRY,,NO JUNCTION INVOLVED,,ASPHALT,FAILURE TO MAINTAIN LANE,RAN OFF ROAD,SSARERDERHORERRD,,2022-02-23 07:24:00
771,BLOOMINGTON PD,BLOOMINGTON,1,,0,0,0,300,,,N WALNUT ST,,,0.0,,39.16900065,-86.53358004,,,URBAN,N,N,N,,DARK (LIGHTED),CLEAR,DRY,,NO JUNCTION INVOLVED,,CONCRETE,OTHER (DRIVER) - EXPLAIN IN NARRATIVE,OTHER - EXPLAIN IN NARRATIVE,NWALNUTST,,2022-02-26 03:10:00
772,MONROE SD,BLOOMINGTON,1,,1,0,0,751,,,E SAMPLE RD,,,0.0,,39.26116893,-86.51415266,COUNTY ROAD,,RURAL,N,N,N,,DAYLIGHT,CLEAR,DRY,,NO JUNCTION INVOLVED,,ASPHALT,OVERCORRECTING/OVERSTEERING,RAN OFF ROAD,ESAMPLERD,,2022-03-04 14:03:00
773,BLOOMINGTON PD,BLOOMINGTON,1,,0,0,0,,,,S COLLEGE MALL RD,E COVENANTER DR,,528.0,,39.15610996,-86.49780697,LOCAL/CITY ROAD,,URBAN,N,N,N,,DARK (NOT LIGHTED),RAIN,WET,,NO JUNCTION INVOLVED,,ASPHALT,OTHER (DRIVER) - EXPLAIN IN NARRATIVE,OTHER - EXPLAIN IN NARRATIVE,SCOLLEGEMALLRDECOVENANTERDR,,2022-04-13 21:45:00
774,BLOOMINGTON PD,BLOOMINGTON,2,,1,0,0,,,,S COLLEGE MALL RD,E 2ND ST,,792.0,,39.15960798,-86.49780078,LOCAL/CITY ROAD,,URBAN,N,N,N,,DARK (LIGHTED),CLEAR,DRY,,NO JUNCTION INVOLVED,,ASPHALT,FOLLOWING TOO CLOSELY,REAR END,SCOLLEGEMALLRDE2NDST,,2022-02-01 06:52:00
775,DNR LAW ENFORCEMENT,BLOOMINGTON,1,,0,0,0,,,,FOREST RD,,,0.0,,39.32397649,-86.46786279,COUNTY ROAD,,RURAL,N,N,N,,DAYLIGHT,CLEAR,SNOW/SLUSH,,NO JUNCTION INVOLVED,,ASPHALT,SPEED TOO FAST FOR WEATHER CONDITIONS,RAN OFF ROAD,FORESTRD,,2022-02-07 14:59:00
776,BLOOMINGTON PD,BLOOMINGTON,2,,1,0,0,,,,S LINCOLN ST,E 2ND ST,,0.0,,39.1613427,-86.53125233,LOCAL/CITY ROAD,,URBAN,N,N,N,,DAYLIGHT,RAIN,WET,,FOUR-WAY INTERSECTION,,ASPHALT,FAILURE TO YIELD RIGHT OF WAY,RIGHT ANGLE,SLINCOLNSTE2NDST,,2022-02-02 02:07:00
777,BLOOMINGTON PD,BLOOMINGTON,2,,0,0,0,,,,W PATTERSON DR,S ROGERS ST,,0.0,,39.15381653,-86.53862662,LOCAL/CITY ROAD,,URBAN,N,N,N,,DAYLIGHT,CLOUDY,DRY,,FOUR-WAY INTERSECTION,,ASPHALT,FOLLOWING TOO CLOSELY,REAR END,WPATTERSONDRSROGERSST,,2022-03-10 13:20:00
778,MONROE SD,BLOOMINGTON,1,,0,0,0,1415,,,DITTEMORE RD,,,0.0,,39.29312784,-86.55563559,,,RURAL,N,N,N,,DAYLIGHT,CLEAR,DRY,,NO JUNCTION INVOLVED,,GRAVEL,OTHER (ENVIRONMENTAL) - EXPLAIN IN NARR,BACKING CRASH,DITTEMORERD,,2022-05-14 11:00:00
779,MONROE SD,BLOOMINGTON,2,,2,0,0,,,,S OLD STATE ROAD 37,W DILLMAN RD,,0.0,,39.09295551,-86.54416744,COUNTY ROAD,,RURAL,N,N,N,,DAYLIGHT,RAIN,WET,,NO JUNCTION INVOLVED,,ASPHALT,FOLLOWING TOO CLOSELY,REAR END,WDILLMANRDSOLDSTATEROAD37,,2022-03-18 12:04:00
780,BLOOMINGTON PD,BLOOMINGTON,2,,2,0,0,,,,S LEONARD SPRINGS RD,W STATE RD 45,,0.0,,39.14195439,-86.58255762,LOCAL/CITY ROAD,,URBAN,N,N,N,,DARK (LIGHTED),CLEAR,DRY,,FOUR-WAY INTERSECTION,,ASPHALT,FAILURE TO YIELD RIGHT OF WAY,LEFT TURN,WSTATERD45SLEONARDSPRINGSRD,,2022-05-13 22:40:00
781,MONROE SD,BLOOMINGTON,1,,0,0,0,,,,W VERNAL PIKE,,,0.0,,39.1867438,-86.60202689,LOCAL/CITY ROAD,,URBAN,N,N,N,,DARK (NOT LIGHTED),SNOW,WET,,T-INTERSECTION,,ASPHALT,ANIMAL/OBJECT IN ROADWAY,COLLISION WITH ANIMAL OTHER,WVERNALPIKE,,2022-02-12 18:48:00
782,MONROE SD,BLOOMINGTON,2,,0,0,0,,,,W STATE RD 45,S DARRELL DR,,0.0,,39.11505973,-86.62837809,,,RURAL,N,N,B,,DAYLIGHT,CLEAR,DRY,,NO JUNCTION INVOLVED,,ASPHALT,FOLLOWING TOO CLOSELY,REAR END,WSTATERD45SDARRELLDR,,2022-05-17 10:51:00
783,MONROE SD,BLOOMINGTON,2,,0,0,0,,,,N MATTHEWS RD,W MAPLE GROVE RD,,0.0,,39.245321,-86.620498,LOCAL/CITY ROAD,,RURAL,N,N,N,,DAYLIGHT,CLOUDY,DRY,,FOUR-WAY INTERSECTION,,ASPHALT,FAILURE TO YIELD RIGHT OF WAY,RIGHT ANGLE,WMAPLEGROVERDNMATTHEWSRD,,2022-02-15 15:18:00
784,MONROE SD,BLOOMINGTON,1,,0,0,0,,,,N WALNUT ST,,,0.0,,39.2298069,-86.5409366,STATE ROAD,,URBAN,N,N,N,,DARK (LIGHTED),CLEAR,DRY,,NO JUNCTION INVOLVED,,ASPHALT,OVERCORRECTING/OVERSTEERING,RIGHT ANGLE,NWALNUTST,,2022-05-20 07:40:00
785,BLOOMINGTON PD,BLOOMINGTON,2,,1,0,0,,,,W 3RD ST,S LIBERTY DR,,0.0,,39.16474483,-86.57915392,LOCAL/CITY ROAD,,URBAN,N,N,N,,DAYLIGHT,CLOUDY,WET,,FOUR-WAY INTERSECTION,,ASPHALT,DISREGARD SIGNAL/REG SIGN,RIGHT ANGLE,W3RDSTSLIBERTYDR,,2022-04-05 15:10:00
786,BLOOMINGTON PD,BLOOMINGTON,2,,0,0,0,,,,EAST ATWATER,SOUTH EAGLESON,,0.0,,39.16311459,-86.51643223,LOCAL/CITY ROAD,,URBAN,N,N,N,,DAYLIGHT,CLEAR,DRY,,FOUR-WAY INTERSECTION,,ASPHALT,FOLLOWING TOO CLOSELY,REAR END,SOUTHEAGLESONEASTATWATER,,2022-04-24 02:41:00
787,INDIANA UNIV BLOOMINGTON PD,BLOOMINGTON,2,,1,0,0,,,,W 10TH ST,N COLLEGE AVE,,0.0,,39.17168224,-86.53486437,LOCAL/CITY ROAD,,URBAN,N,N,N,,DARK (NOT LIGHTED),CLEAR,DRY,,FOUR-WAY INTERSECTION,,ASPHALT,DISREGARD SIGNAL/REG SIGN,RIGHT ANGLE,W10THSTNCOLLEGEAVE,,2022-05-12 01:46:00
788,BLOOMINGTON PD,BLOOMINGTON,2,,1,0,0,,,,N INDIANA AVE,E 8TH ST,,0.0,,39.1694341,-86.52696284,LOCAL/CITY ROAD,,URBAN,N,N,N,,DARK (LIGHTED),CLOUDY,DRY,,FOUR-WAY INTERSECTION,,ASPHALT,FAILURE TO MAINTAIN LANE,SAME DIRECTION SIDESWIPE,NINDIANAAVEE8THST,,2022-03-29 23:03:00
789,BLOOMINGTON PD,BLOOMINGTON,1,,1,0,0,,,,W ALLEN ST,W ALLEN ST,,0.0,,39.15565739,-86.54425747,LOCAL/CITY ROAD,,URBAN,N,N,N,,DAYLIGHT,CLEAR,DRY,,NO JUNCTION INVOLVED,,ASPHALT,IMPROPER PASSING,OTHER - EXPLAIN IN NARRATIVE,WALLENSTWALLENST,,2022-04-04 17:05:00
790,MONROE SD,BLOOMINGTON,2,,1,0,0,,,,S OLD SR 37,S ORCHARD LN,,1500.0,,39.11894,-86.531309,LOCAL/CITY ROAD,,URBAN,N,N,N,,DAYLIGHT,CLEAR,DRY,,NO JUNCTION INVOLVED,,ASPHALT,FOLLOWING TOO CLOSELY,REAR END,SORCHARDLNSOLDSR37,,2022-03-15 14:12:00
791,BLOOMINGTON PD,BLOOMINGTON,1,,1,0,0,,,,E MILLER DR,,,0.0,,39.14750029,-86.5305293,,,URBAN,N,N,N,,DAYLIGHT,CLEAR,DRY,,NO JUNCTION INVOLVED,,ASPHALT,UNSAFE BACKING,BACKING CRASH,EMILLERDR,,2022-05-24 13:50:00
792,BLOOMINGTON PD,BLOOMINGTON,2,,0,0,0,1300,,,S PATTERSON DR: CATALENT PHARMA SOLUTIONS,,,0.0,,39.15071024,-86.54551841,PRIVATE DRIVE,,URBAN,N,N,N,,DARK (LIGHTED),RAIN,WET,,NO JUNCTION INVOLVED,,GRAVEL,ROADWAY SURFACE CONDITION,SAME DIRECTION SIDESWIPE,SPATTERSONDR:CATALENTPHARMASOLUTIONS,,2022-03-22 18:12:00
793,BLOOMINGTON PD,BLOOMINGTON,2,,1,0,0,,,,N KINSER PIKE,W 17TH ST,,0.0,,39.178997,-86.53773,LOCAL/CITY ROAD,,URBAN,N,N,N,,DAYLIGHT,CLEAR,DRY,,NO JUNCTION INVOLVED,,ASPHALT,FOLLOWING TOO CLOSELY,REAR END,W17THSTNKINSERPIKE,,2022-02-08 14:58:00
794,BLOOMINGTON PD,BLOOMINGTON,2,,0,0,0,,,,S. COLLEGE MALL RD,E. 2ND ST,,0.0,,39.1609319,-86.4977835,LOCAL/CITY ROAD,,URBAN,N,N,N,,DAYLIGHT,CLEAR,DRY,,FOUR-WAY INTERSECTION,,ASPHALT,UNSAFE LANE MOVEMENT,SAME DIRECTION SIDESWIPE,S.COLLEGEMALLRDE.2NDST,,2022-05-31 14:29:00
795,BLOOMINGTON PD,BLOOMINGTON,2,,0,0,0,,,,E 3RD ST,STATE RD 46,,0.0,,39.164257,-86.49826116,LOCAL/CITY ROAD,,URBAN,N,N,N,,DAYLIGHT,CLEAR,DRY,,FOUR-WAY INTERSECTION,,ASPHALT,FAILURE TO YIELD RIGHT OF WAY,SAME DIRECTION SIDESWIPE,STATERD46E3RDST,,2022-04-21 18:15:00
796,BLOOMINGTON PD,BLOOMINGTON,3,,0,0,0,,,,2700 BLK E. 3RD ST,S. COLLEGE MALL RD,,300.0,,39.164001,-86.498742,LOCAL/CITY ROAD,,URBAN,N,N,N,,DAYLIGHT,CLEAR,WET,,NO JUNCTION INVOLVED,,ASPHALT,FOLLOWING TOO CLOSELY,REAR END,S.COLLEGEMALLRD2700BLKE.3RDST,,2022-02-05 12:57:00
797,MONROE SD,BLOOMINGTON,1,,1,1,0,3775,,,W LOST MANS LN,,,0.0,,39.22271356,-86.57663641,LOCAL/CITY ROAD,,RURAL,N,N,N,,DARK (NOT LIGHTED),CLEAR,DRY,,NO JUNCTION INVOLVED,,ASPHALT,UNSAFE SPEED,RAN OFF ROAD,WLOSTMANSLN,,2022-02-25 22:02:00
798,BLOOMINGTON PD,BLOOMINGTON,2,,1,0,0,,,,S COLLEGE AVE,W 3RD ST,,0.0,,39.1646718,-86.53493669,LOCAL/CITY ROAD,,URBAN,N,N,N,,DARK (LIGHTED),CLEAR,DRY,,FOUR-WAY INTERSECTION,,ASPHALT,DISREGARD SIGNAL/REG SIGN,OTHER - EXPLAIN IN NARRATIVE,W3RDSTSCOLLEGEAVE,,2022-05-12 05:09:00
799,BLOOMINGTON PD,BLOOMINGTON,2,,0,0,0,,,,2000 S ROGERS ST,S ROCKPORT RD,,300.0,,39.146198,-86.539337,LOCAL/CITY ROAD,,URBAN,N,N,N,,DAYLIGHT,CLEAR,WET,,NO JUNCTION INVOLVED,,ASPHALT,FOLLOWING TOO CLOSELY,REAR END,SROCKPORTRD2000SROGERSST,,2022-02-08 14:51:00
800,MONROE SD,BLOOMINGTON,2,,0,0,0,,,,S FAIRFAX RD,S WALNUT ST PIKE,,50.0,,39.107177,-86.526485,LOCAL/CITY ROAD,,URBAN,N,N,N,,DARK (NOT LIGHTED),CLEAR,DRY,,NO JUNCTION INVOLVED,,ASPHALT,ANIMAL/OBJECT IN ROADWAY,REAR END,SWALNUTSTPIKESFAIRFAXRD,,2022-05-01 03:21:00
801,BLOOMINGTON PD,BLOOMINGTON,2,,0,0,0,,,,2966 E. 3RD ST,,,0.0,,0.0,0.0,PRIVATE DRIVE,,URBAN,N,N,N,,DAYLIGHT,CLEAR,DRY,,NO JUNCTION INVOLVED,,ASPHALT,OTHER (VEHICLE) - EXPLAIN IN NARRATIVE,BACKING CRASH,2966E.3RDST,,2022-03-09 11:18:00
802,BLOOMINGTON PD,BLOOMINGTON,2,,0,0,0,,,,S HENDERSON ST,E HILLSIDE DR,,0.0,,39.15058968,-86.52697468,LOCAL/CITY ROAD,,URBAN,N,N,N,,DAYLIGHT,CLEAR,DRY,,FOUR-WAY INTERSECTION,,ASPHALT,FOLLOWING TOO CLOSELY,REAR END,SHENDERSONSTEHILLSIDEDR,,2022-03-02 15:21:00
803,BLOOMINGTON PD,BLOOMINGTON,2,,0,0,0,,,,E 3RD ST,S WALNUT ST,,0.0,,39.16458696,-86.53322644,LOCAL/CITY ROAD,,URBAN,N,N,N,,DAYLIGHT,CLOUDY,WET,,NO JUNCTION INVOLVED,,ASPHALT,FAILURE TO YIELD RIGHT OF WAY,SAME DIRECTION SIDESWIPE,SWALNUTSTE3RDST,,2022-02-11 05:06:00
804,INDIANA UNIV BLOOMINGTON PD,BLOOMINGTON,2,,0,0,0,,,,E 17TH ST,N FEE LN,,0.0,,39.17900967,-86.51900715,LOCAL/CITY ROAD,,URBAN,N,N,N,,DAYLIGHT,CLEAR,DRY,,FOUR-WAY INTERSECTION,,ASPHALT,DISREGARD SIGNAL/REG SIGN,RIGHT ANGLE,NFEELNE17THST,,2022-04-22 19:30:00
805,BLOOMINGTON PD,BLOOMINGTON,3,,2,0,0,,,,N GATES DR,W 3RD ST,,0.0,,39.16459043,-86.576199,LOCAL/CITY ROAD,,URBAN,N,N,N,,DAYLIGHT,CLEAR,DRY,,FOUR-WAY INTERSECTION,,CONCRETE,FAILURE TO YIELD RIGHT OF WAY,LEFT TURN,W3RDSTNGATESDR,,2022-04-22 05:35:00
806,BLOOMINGTON PD,BLOOMINGTON,2,,0,0,0,,,,W KIRKWOOD AVE,N WALNUT ST,,264.0,,39.16663119,-86.53419919,LOCAL/CITY ROAD,,URBAN,N,N,N,,DAYLIGHT,CLEAR,DRY,,NO JUNCTION INVOLVED,,ASPHALT,UNSAFE BACKING,BACKING CRASH,WKIRKWOODAVENWALNUTST,,2022-04-19 15:28:00
807,BLOOMINGTON PD,BLOOMINGTON,2,,0,0,0,,,,E SOUTHERN DR,S GRANT ST,,0.0,,39.14969538,-86.53020269,LOCAL/CITY ROAD,,URBAN,N,N,N,,DARK (NOT LIGHTED),CLEAR,DRY,,T-INTERSECTION,,ASPHALT,FAILURE TO MAINTAIN LANE,SAME DIRECTION SIDESWIPE,SGRANTSTESOUTHERNDR,,2022-04-23 00:10:00
808,BLOOMINGTON PD,BLOOMINGTON,1,,0,0,0,,,,E GOODNIGHT WAY,S CLARIZZ BLVD,,100.0,,39.156827,-86.4903593,PRIVATE DRIVE,,URBAN,N,N,N,,DAYLIGHT,CLOUDY,DRY,,TRAFFIC CIRCLE/ROUNDABOUT,,ASPHALT,UNSAFE SPEED,RAN OFF ROAD,SCLARIZZBLVDEGOODNIGHTWAY,,2022-03-24 17:00:00
809,BLOOMINGTON PD,BLOOMINGTON,1,,0,0,0,,,,S FESS AVE,E BRENDA LN,,0.0,,39.15183772,-86.52593236,LOCAL/CITY ROAD,,URBAN,Y,N,N,,DARK (LIGHTED),CLOUDY,DRY,,FOUR-WAY INTERSECTION,,ASPHALT,OVERCORRECTING/OVERSTEERING,RAN OFF ROAD,SFESSAVEEBRENDALN,,2022-03-13 04:15:00
810,BLOOMINGTON PD,BLOOMINGTON,2,,0,0,0,,,,7TH ST,N. WALNUT ST,,0.0,,39.168539,-86.533599,LOCAL/CITY ROAD,,URBAN,N,N,N,,DAYLIGHT,CLEAR,DRY,,FOUR-WAY INTERSECTION,,ASPHALT,DISREGARD SIGNAL/REG SIGN,RIGHT ANGLE,N.WALNUTST7THST,,2022-04-27 08:20:00
811,BLOOMINGTON PD,BLOOMINGTON,2,,0,0,0,,,,PETE ELLIS DR,E 3RD ST,,0.0,,39.164236,-86.494902,LOCAL/CITY ROAD,,URBAN,N,N,N,,DAYLIGHT,CLEAR,DRY,,FOUR-WAY INTERSECTION,,ASPHALT,FOLLOWING TOO CLOSELY,REAR END,PETEELLISDRE3RDST,,2022-02-07 14:06:00
812,INDIANA UNIV BLOOMINGTON PD,BLOOMINGTON,2,,0,0,0,509,,,E. 3RD ST.,,,0.0,,39.16469019,-86.52793237,LOCAL/CITY ROAD,,URBAN,N,N,N,,DAYLIGHT,CLEAR,ICE,,NO JUNCTION INVOLVED,,ASPHALT,ROADWAY SURFACE CONDITION,SAME DIRECTION SIDESWIPE,E.3RDST.,,2022-02-09 14:19:00
813,BLOOMINGTON PD,BLOOMINGTON,2,,0,0,0,,,,I 69,W 3RD ST,,0.0,,39.164522,-86.573015,,,URBAN,N,N,N,,DAYLIGHT,CLEAR,DRY,,FOUR-WAY INTERSECTION,,ASPHALT,DISREGARD SIGNAL/REG SIGN,RIGHT ANGLE,W3RDSTI69,,2022-02-28 11:53:00
814,ELLETTSVILLE PD,ELLETTSVILLE,2,,0,0,0,,,,STATE ROAD 46 WEST,MAPLE GROVE RD,,0.0,,39.24504,-86.63522,STATE ROAD,,URBAN,N,N,N,,DAYLIGHT,CLOUDY,DRY,,NO JUNCTION INVOLVED,,ASPHALT,FAILURE TO YIELD RIGHT OF WAY,RIGHT ANGLE,STATEROAD46WESTMAPLEGROVERD,,2022-05-18 19:25:00
815,BLOOMINGTON PD,BLOOMINGTON,1,,1,0,0,,,,W 1ST ST,S ROGERS ST,,0.0,,39.15942611,-86.53868624,LOCAL/CITY ROAD,,URBAN,N,N,N,,DARK (LIGHTED),CLOUDY,DRY,,FOUR-WAY INTERSECTION,,ASPHALT,PEDESTRIAN ACTION,RIGHT ANGLE,W1STSTSROGERSST,,2022-05-22 22:29:00
816,MONROE SD,ARLINGTON(MONROE),2,,0,0,0,,,,S LIBERTY DR,,,0.0,,39.15497878,-86.5755847,PRIVATE DRIVE,,URBAN,N,N,N,,DAYLIGHT,CLOUDY,DRY,,NO JUNCTION INVOLVED,,ASPHALT,UNSAFE BACKING,REAR TO REAR,SLIBERTYDR,,2022-05-09 13:00:00
817,BLOOMINGTON PD,BLOOMINGTON,2,,0,0,0,,,,1150 S CLARIZZ BLVD,,,0.0,,39.1539441,-86.4933259,PRIVATE DRIVE,,URBAN,N,N,N,,DARK (NOT LIGHTED),CLOUDY,DRY,,NO JUNCTION INVOLVED,,ASPHALT,IMPROPER TURNING,RIGHT TURN,1150SCLARIZZBLVD,,2022-05-05 12:25:00
818,BLOOMINGTON PD,BLOOMINGTON,2,,0,0,0,,,,S WALNUT ST,W KIRKWOOD AVE,,0.0,,39.16655372,-86.5336278,LOCAL/CITY ROAD,,URBAN,N,N,N,,DAYLIGHT,CLEAR,DRY,,NO JUNCTION INVOLVED,,ASPHALT,FAILURE TO YIELD RIGHT OF WAY,OTHER - EXPLAIN IN NARRATIVE,WKIRKWOODAVESWALNUTST,,2022-05-25 13:30:00