_id,Agency,City,Vehicles Involved,Trailers Involved,Number Injured,Number Dead,Number Deer,House Number,Roadway Interchange,Roadway Ramp,Roadway Id,Intersecting Road,Interchange,Feet From,Direction,Latitude,Longitude,Roadway Class,Hit and Run?,Locality,School Zone?,Rumble Strips?,Construction?,Construction Type,Light Condition,Weather Conditions,Surface Condition,Type of Median,Roadway Junction Type,Road Character,Roadway Surface,Primary Factor,Manner of Collision,Unique Location Id,Traffic Control,DateTime
819,MONROE SD,BLOOMINGTON,2,,0,0,0,,,,S. ST. RD. 37,S. OLD IN 37,,0.0,,39.1303269,-86.53142089,STATE ROAD,,RURAL,N,N,N,,DAYLIGHT,CLOUDY,WET,,FOUR-WAY INTERSECTION,,ASPHALT,FOLLOWING TOO CLOSELY,REAR END,S.ST.RD.37S.OLDIN37,,2022-03-23 07:52:00
820,BLOOMINGTON PD,BLOOMINGTON,2,,0,0,0,,,,S SMITH RD,E MOORES PIKE,,0.0,,39.15023682,-86.48045636,LOCAL/CITY ROAD,,URBAN,N,N,N,,DAYLIGHT,SNOW,DRY,,FOUR-WAY INTERSECTION,,ASPHALT,FAILURE TO YIELD RIGHT OF WAY,RIGHT ANGLE,SSMITHRDEMOORESPIKE,,2022-02-12 14:05:00
821,BLOOMINGTON PD,BLOOMINGTON,2,,0,0,0,,,,N WALNUT ST,E 8TH ST,,0.0,,39.16942813,-86.53351254,LOCAL/CITY ROAD,,URBAN,N,N,N,,DARK (LIGHTED),CLEAR,DRY,,FOUR-WAY INTERSECTION,,ASPHALT,IMPROPER TURNING,LEFT TURN,NWALNUTSTE8THST,,2022-03-06 07:36:00
822,INDIANA UNIV BLOOMINGTON PD,BLOOMINGTON,1,,0,0,0,,,,E 17TH ST,,,0.0,,39.18012037,-86.52554726,,,URBAN,N,N,N,,DARK (LIGHTED),RAIN,WET,,NO JUNCTION INVOLVED,,ASPHALT,OTHER (DRIVER) - EXPLAIN IN NARRATIVE,OTHER - EXPLAIN IN NARRATIVE,E17THST,,2022-02-02 06:50:00
823,INDIANA UNIV BLOOMINGTON PD,BLOOMINGTON,2,,0,0,0,,,,N SUNRISE DR,E 7TH ST,,634.0,,39.16965271,-86.51242769,LOCAL/CITY ROAD,,URBAN,N,N,N,,DAYLIGHT,CLOUDY,DRY,,NO JUNCTION INVOLVED,,ASPHALT,FAILURE TO YIELD RIGHT OF WAY,SAME DIRECTION SIDESWIPE,NSUNRISEDRE7THST,,2022-04-10 16:45:00
824,BLOOMINGTON PD,BLOOMINGTON,2,,0,0,0,,,,PINEMEADOW DR,W GRAHAM DR,,0.0,,39.14048847,-86.54862142,,,URBAN,N,N,N,,DAYLIGHT,CLEAR,ICE,,NO JUNCTION INVOLVED,,ASPHALT,OTHER (DRIVER) - EXPLAIN IN NARRATIVE,RIGHT ANGLE,WGRAHAMDRPINEMEADOWDR,,2022-02-06 16:00:00
825,BLOOMINGTON PD,BLOOMINGTON,2,,0,0,0,,,,N COLLEGE AVE,SR 46 BYPASS,,0.0,,39.18635151,-86.53446454,LOCAL/CITY ROAD,,URBAN,N,N,N,,DAYLIGHT,CLEAR,SNOW/SLUSH,,FOUR-WAY INTERSECTION,,ASPHALT,FAILURE TO YIELD RIGHT OF WAY,RIGHT ANGLE,SR46BYPASSNCOLLEGEAVE,,2022-02-04 17:08:00
826,BLOOMINGTON PD,BLOOMINGTON,2,,0,0,0,,,,W JACOB DR,N JACOB DR,,0.0,,39.16559342,-86.57470245,LOCAL/CITY ROAD,,RURAL,N,N,N,,DARK (LIGHTED),CLEAR,WET,,FOUR-WAY INTERSECTION,,CONCRETE,FAILURE TO YIELD RIGHT OF WAY,HEAD ON BETWEEN TWO MOTOR VEHICLES,WJACOBDRNJACOBDR,,2022-02-05 06:30:00
827,MONROE SD,BLOOMINGTON,1,,0,0,0,3625,,,S SIMS LN,,,0.0,,39.12651711,-86.57871942,LOCAL/CITY ROAD,,URBAN,N,N,N,,DARK (NOT LIGHTED),CLEAR,SNOW/SLUSH,,NO JUNCTION INVOLVED,,ASPHALT,ROADWAY SURFACE CONDITION,RAN OFF ROAD,SSIMSLN,,2022-02-06 05:30:00
828,BLOOMINGTON PD,BLOOMINGTON,2,,0,0,0,,,,S. WALNUT ST,E. MILLER DR,,0.0,,39.146897,-86.532597,LOCAL/CITY ROAD,,URBAN,N,N,N,,DAYLIGHT,CLOUDY,DRY,,T-INTERSECTION,,ASPHALT,FAILURE TO YIELD RIGHT OF WAY,LEFT TURN,S.WALNUTSTE.MILLERDR,,2022-04-20 10:37:00
829,MONROE SD,BLOOMINGTON,2,,2,0,0,,,,S CURRY PIKE,W DOYLE AVE,,0.0,,39.15803452,-86.58261641,,,RURAL,N,N,N,,DAYLIGHT,CLEAR,DRY,,FOUR-WAY INTERSECTION,,ASPHALT,IMPROPER TURNING,OPPOSITE DIRECTION SIDESWIPE,WDOYLEAVESCURRYPIKE,,2022-04-12 03:41:00
830,BLOOMINGTON PD,BLOOMINGTON,2,,0,0,0,,,,W 6TH ST,N MORTON ST,,0.0,,39.16761759,-86.53549738,LOCAL/CITY ROAD,,URBAN,N,N,Y,WORK ON SHOULDER,DAYLIGHT,CLOUDY,WET,,NO JUNCTION INVOLVED,,ASPHALT,OTHER (DRIVER) - EXPLAIN IN NARRATIVE,RIGHT ANGLE,W6THSTNMORTONST,,2022-04-18 16:17:00
831,ISP BLOOMINGTON 33,BLOOMINGTON,1,,1,0,0,,,,I-69,,,898.0,,39.23437933,-86.54153612,INTERSTATE,,RURAL,N,N,N,,DAYLIGHT,RAIN,WET,,RAMP,,ASPHALT,TIRE FAILURE OR DEFECTIVE,RAN OFF ROAD,I-69,,2022-05-19 19:05:00
832,MONROE SD,BLOOMINGTON,1,,0,0,0,,,,S OLD STATE ROAD 37,W HOBART RD,,800.0,,39.00602565,-86.54343209,LOCAL/CITY ROAD,,RURAL,N,N,N,,DARK (NOT LIGHTED),CLEAR,DRY,,T-INTERSECTION,,ASPHALT,OTHER (VEHICLE) - EXPLAIN IN NARRATIVE,RAN OFF ROAD,WHOBARTRDSOLDSTATEROAD37,,2022-02-16 19:34:00
833,BLOOMINGTON PD,BLOOMINGTON,1,,0,0,0,,,,W SOUTHERN DR,S WALNUT ST,,0.0,,39.14978967,-86.53352684,LOCAL/CITY ROAD,,URBAN,N,N,N,,DAYLIGHT,RAIN,WET,,FOUR-WAY INTERSECTION,,ASPHALT,OTHER (DRIVER) - EXPLAIN IN NARRATIVE,RAN OFF ROAD,WSOUTHERNDRSWALNUTST,,2022-05-27 10:30:00
834,BLOOMINGTON PD,BLOOMINGTON,2,,0,0,0,,,,W KIRKWOOD AVE,S WALNUT ST,,0.0,,39.16653553,-86.53395957,LOCAL/CITY ROAD,,URBAN,N,N,N,,UNKNOWN,CLOUDY,DRY,,NO JUNCTION INVOLVED,,ASPHALT,UNSAFE BACKING,BACKING CRASH,WKIRKWOODAVESWALNUTST,,2022-04-29 19:12:00
835,ISP BLOOMINGTON 33,BLOOMINGTON,2,,0,0,0,,,0,STATE RD 45,,,0.0,,39.14684416,-86.57497978,INTERSTATE,,URBAN,N,N,N,,DAYLIGHT,CLEAR,DRY,,RAMP,,ASPHALT,FOLLOWING TOO CLOSELY,REAR END,STATERD45099C,,2022-04-23 15:43:00
836,MONROE SD,BLOOMINGTON,1,0.0,0,0,1,,,,BAYLES,N ST BUSINESS 37,,,,39.215475,-86.537022,LOCAL/CITY ROAD,N,URBAN,N,N,N,,DAYLIGHT,CLEAR,DRY,,T-INTERSECTION,STRAIGHT/LEVEL,ASPHALT,ANIMAL/OBJECT IN ROADWAY,COLLISION WITH DEER,BAYLESRDNSTBUSINESS37RD,NONE,2022-01-10 12:43:00
837,BLOOMINGTON PD,BLOOMINGTON,1,0.0,0,0,0,,,,SR46W,KINSER PIKE,,,,39.186544,-86.537888,STATE ROAD,N,URBAN,N,N,N,,DARK (NOT LIGHTED),RAIN,WET,,FOUR-WAY INTERSECTION,STRAIGHT/LEVEL,ASPHALT,PEDESTRIAN ACTION,OTHER - EXPLAIN IN NARRATIVE,KINSERPIKERDSR46W,NONE,2022-01-01 18:38:00
838,ELLETTSVILLE PD,ELLETTSVILLE,2,0.0,0,0,0,,,,SR46W,UNION VALLEY,,,,39.215152,-86.5928,STATE ROAD,N,URBAN,N,Y,N,,DAYLIGHT,CLOUDY,WET,,NO JUNCTION INVOLVED,STRAIGHT/LEVEL,ASPHALT,IMPROPER TURNING,OPPOSITE DIRECTION SIDESWIPE,SR46WUNIONVALLEYDR,TRAFFIC CONTROL SIGNAL,2022-01-23 12:11:00
839,MONROE SD,BLOOMINGTON,1,0.0,0,0,0,,,,N MT GILEAD,N GETTYS CREEK,,,,39.19344,-86.436288,COUNTY ROAD,N,RURAL,N,N,N,,DAYLIGHT,SNOW,ICE,,NO JUNCTION INVOLVED,CURVE/GRADE,ASPHALT,RAN OFF ROAD RIGHT,RAN OFF ROAD,NGETTYSCREEKRDNMTGILEADRD,LANE CONTROL,2022-01-15 09:14:00
840,ELLETTSVILLE PD,ELLETTSVILLE,1,0.0,0,0,0,,,,MCNEELY,MATTHEWS,,300.0,E,39.2382122,-86.62391288,LOCAL/CITY ROAD,N,RURAL,N,N,N,,DARK (NOT LIGHTED),SLEET/HAIL/FREEZING RAIN,ICE,,T-INTERSECTION,STRAIGHT/GRADE,ASPHALT,ROADWAY SURFACE CONDITION,RAN OFF ROAD,MATTHEWSDRMCNEELYST,LANE CONTROL,2022-01-08 17:50:00
841,MONROE SD,BLOOMINGTON,1,1.0,0,0,0,6565,,,N SHOWERS,,,,,39.24638316,-86.52910063,COUNTY ROAD,N,RURAL,N,N,N,,DARK (NOT LIGHTED),CLEAR,DRY,,NO JUNCTION INVOLVED,STRAIGHT/LEVEL,ASPHALT,RAN OFF ROAD RIGHT,RAN OFF ROAD,NSHOWERSRD,STOP SIGN,2022-01-03 07:47:00
842,ELLETTSVILLE PD,ELLETTSVILLE,1,0.0,0,0,0,,,,HARTSTRAIT,TEMPERANCE,,50.0,S,39.22232827,-86.615919,LOCAL/CITY ROAD,N,URBAN,N,N,N,,DARK (NOT LIGHTED),SLEET/HAIL/FREEZING RAIN,ICE,,T-INTERSECTION,CURVE/GRADE,ASPHALT,ROADWAY SURFACE CONDITION,RAN OFF ROAD,HARTSTRAITRDTEMPERANCEST,LANE CONTROL,2022-01-08 18:40:00
843,ELLETTSVILLE PD,ELLETTSVILLE,2,0.0,0,0,0,,,,SR46W,DEPOT,,300.0,E,39.232376,-86.62008998,STATE ROAD,N,URBAN,N,N,N,,DAYLIGHT,CLOUDY,DRY,,NO JUNCTION INVOLVED,CURVE/LEVEL,ASPHALT,UNSAFE LANE MOVEMENT,SAME DIRECTION SIDESWIPE,DEPOTRDSR46W,NONE,2022-05-11 17:41:00
844,ELLETTSVILLE PD,ELLETTSVILLE,2,0.0,0,0,0,,,,SR46W,POPLAR,,100.0,W,39.23750196,-86.62943021,STATE ROAD,N,URBAN,Y,N,N,,DAWN/DUSK,CLEAR,DRY,,NO JUNCTION INVOLVED,CURVE/GRADE,ASPHALT,FOLLOWING TOO CLOSELY,REAR END,POPLARDRSR46W,STOP SIGN,2022-02-15 06:53:00
845,ELLETTSVILLE PD,ELLETTSVILLE,2,0.0,0,0,0,,,,SR46W,SMITH,,250.0,W,39.21055646,-86.58390563,STATE ROAD,N,URBAN,N,N,N,,DARK (LIGHTED),CLEAR,DRY,,T-INTERSECTION,STRAIGHT/LEVEL,CONCRETE,OTHER (DRIVER) - EXPLAIN IN NARRATIVE,BACKING CRASH,SMITHPIKESR46W,STOP SIGN,2022-03-03 19:27:00
846,BLOOMINGTON PD,BLOOMINGTON,2,,1,0,0,,,,E 2ND ST,S COLLEGE MALL RD,,0.0,,39.1609319,-86.4977835,LOCAL/CITY ROAD,,URBAN,N,N,N,,DARK (LIGHTED),CLEAR,DRY,,FOUR-WAY INTERSECTION,,ASPHALT,FAILURE TO YIELD RIGHT OF WAY,LEFT TURN,SCOLLEGEMALLRDE2NDST,,2022-01-11 20:49:00
847,MONROE SD,BLOOMINGTON,1,,0,0,0,,,,S FAIRFAX RD,,,0.0,,39.07866551,-86.51229913,COUNTY ROAD,,RURAL,N,N,N,,DARK (NOT LIGHTED),SNOW,DRY,,NO JUNCTION INVOLVED,,ASPHALT,DRIVER DISTRACTED - EXPLAIN IN NARRATIVE,RAN OFF ROAD,SFAIRFAXRD,,2022-01-15 03:51:00
848,BLOOMINGTON PD,BLOOMINGTON,1,,0,0,0,,,,E GLENDORA DR,N WALNUT ST,,0.0,,39.19030289,-86.53309948,LOCAL/CITY ROAD,,URBAN,N,N,N,,DARK (LIGHTED),CLEAR,DRY,,T-INTERSECTION,,ASPHALT,UNSAFE SPEED,RAN OFF ROAD,NWALNUTSTEGLENDORADR,,2022-01-15 23:30:00
849,BLOOMINGTON PD,BLOOMINGTON,2,,0,0,0,2966,,,E 3RD ST.,,,0.0,,39.16224585,-86.49178911,LOCAL/CITY ROAD,,URBAN,N,N,N,,DAYLIGHT,CLEAR,DRY,,NO JUNCTION INVOLVED,,ASPHALT,UNSAFE SPEED,RIGHT TURN,E3RDST.,,2022-01-11 14:00:00
850,BLOOMINGTON PD,BLOOMINGTON,2,,0,0,0,,,,N PETE ELLIS DR,E 10TH ST,,0.0,,39.1713237,-86.49541208,,,URBAN,N,N,N,,DAYLIGHT,CLEAR,WET,,NO JUNCTION INVOLVED,,ASPHALT,SPEED TOO FAST FOR WEATHER CONDITIONS,LEFT/RIGHT TURN,NPETEELLISDRE10THST,,2022-01-17 15:14:00
851,BLOOMINGTON PD,BLOOMINGTON,2,,2,0,0,,,,S ROGERS ST,W COUNTRY CLUB DR,,0.0,,39.13604754,-86.53825825,,,RURAL,N,N,N,,DAWN/DUSK,CLEAR,DRY,,FOUR-WAY INTERSECTION,,ASPHALT,FAILURE TO YIELD RIGHT OF WAY,RIGHT ANGLE,WCOUNTRYCLUBDRSROGERSST,,2022-01-22 05:40:00
852,BLOOMINGTON PD,BLOOMINGTON,1,,0,0,0,,,,W. KIRWOOD AVE,S. MAPLE ST,,200.0,,39.166628,-86.542194,LOCAL/CITY ROAD,,URBAN,Y,N,N,,DAYLIGHT,RAIN,WET,,NO JUNCTION INVOLVED,,ASPHALT,FOLLOWING TOO CLOSELY,RAN OFF ROAD,W.KIRWOODAVES.MAPLEST,,2022-01-01 14:45:00
853,BLOOMINGTON PD,BLOOMINGTON,1,,1,0,0,,,,W 3RD ST,I-69,,0.0,,39.16469095,-86.57383151,LOCAL/CITY ROAD,,URBAN,N,N,N,,DAYLIGHT,CLEAR,DRY,,FOUR-WAY INTERSECTION,,ASPHALT,FAILURE TO YIELD RIGHT OF WAY,LEFT TURN,W3RDSTI-69,,2022-04-16 15:41:00
854,BLOOMINGTON PD,BLOOMINGTON,2,,0,0,0,,,,N WALNUT ST,SR 45/46 BYPASS,,0.0,,39.18639731,-86.53442806,STATE ROAD,,URBAN,N,N,N,,DAYLIGHT,CLOUDY,WET,,FOUR-WAY INTERSECTION,,ASPHALT,FOLLOWING TOO CLOSELY,REAR END,SR45/46BYPASSNWALNUTST,,2022-01-24 03:22:00
855,BLOOMINGTON PD,BLOOMINGTON,3,,0,0,0,,,,STATE RD 46,E 3RD ST,,0.0,,39.16440834,-86.49834175,LOCAL/CITY ROAD,,URBAN,N,N,N,,DAYLIGHT,CLEAR,DRY,,FOUR-WAY INTERSECTION,,ASPHALT,FOLLOWING TOO CLOSELY,REAR END,STATERD46E3RDST,,2022-01-26 14:58:00
856,BLOOMINGTON PD,BLOOMINGTON,3,,0,0,0,,,,W TAPP RD,KEGG RD,,0.0,,39.13651,-86.560361,LOCAL/CITY ROAD,,URBAN,N,N,N,,DAYLIGHT,CLOUDY,DRY,,T-INTERSECTION,,ASPHALT,FOLLOWING TOO CLOSELY,REAR END,WTAPPRDKEGGRD,,2022-01-06 08:42:00
857,MONROE SD,BLOOMINGTON,1,,0,0,0,,,,W FLUCK MILL RD,S MAMIE EADS RD,,50.0,,39.07193337,-86.56631229,LOCAL/CITY ROAD,,RURAL,N,N,N,,DAYLIGHT,CLOUDY,ICE,,NO JUNCTION INVOLVED,,ASPHALT,ROADWAY SURFACE CONDITION,RAN OFF ROAD,WFLUCKMILLRDSMAMIEEADSRD,,2022-01-17 13:32:00
858,MONROE SD,BLOOMINGTON,2,,0,0,0,,,,W SR 45,ISON ROAD,,0.0,,0.0,0.0,STATE ROAD,,RURAL,N,N,N,,DAYLIGHT,CLEAR,DRY,,T-INTERSECTION,,ASPHALT,FOLLOWING TOO CLOSELY,REAR END,WSR45ISONROAD,,2022-01-16 16:24:00
859,BLOOMINGTON PD,BLOOMINGTON,2,,0,0,0,,,,S LIBERTY DR,W 3RD ST,,0.0,,39.16306122,-86.57912827,LOCAL/CITY ROAD,,URBAN,N,N,N,,DAYLIGHT,CLEAR,DRY,,T-INTERSECTION,,ASPHALT,FAILURE TO YIELD RIGHT OF WAY,SAME DIRECTION SIDESWIPE,W3RDSTSLIBERTYDR,,2022-01-18 14:27:00
860,BLOOMINGTON PD,BLOOMINGTON,2,,0,0,0,,,,S SWAIN AVE,E ATWATER AVE,,0.0,,39.16330753,-86.51525819,LOCAL/CITY ROAD,,URBAN,N,N,N,,DAYLIGHT,CLOUDY,WET,,T-INTERSECTION,,ASPHALT,UNSAFE LANE MOVEMENT,SAME DIRECTION SIDESWIPE,SSWAINAVEEATWATERAVE,,2022-05-06 18:47:00
861,INDIANA UNIV BLOOMINGTON PD,BLOOMINGTON,2,,0,0,0,,,,E 3RD ST,,,0.0,,39.16457176,-86.5135122,OTHER,,URBAN,N,N,N,,DARK (LIGHTED),CLEAR,DRY,,NO JUNCTION INVOLVED,,ASPHALT,IMPROPER TURNING,SAME DIRECTION SIDESWIPE,E3RDST,,2022-01-23 06:00:00
862,BLOOMINGTON PD,BLOOMINGTON,1,,1,0,0,,,,N INDIANA AVE,E 10TH ST,,0.0,,39.17168259,-86.52697912,,,URBAN,N,N,N,,DARK (LIGHTED),CLEAR,DRY,,NO JUNCTION INVOLVED,,ASPHALT,FAILURE TO YIELD RIGHT OF WAY,LEFT TURN,NINDIANAAVEE10THST,,2022-01-26 18:20:00
863,INDIANA UNIV BLOOMINGTON PD,BLOOMINGTON,3,,0,0,0,,,,E 3RD ST,S ARBUTUS DR,,106.0,,39.1642771,-86.51200659,LOCAL/CITY ROAD,,URBAN,N,N,N,,DARK (LIGHTED),RAIN,WET,,T-INTERSECTION,,ASPHALT,FOLLOWING TOO CLOSELY,REAR END,SARBUTUSDRE3RDST,,2022-01-01 19:55:00
864,ISP BLOOMINGTON 33,BLOOMINGTON,1,,0,0,0,,,,I-69,,,0.0,,39.05742423,-86.6815579,INTERSTATE,,RURAL,N,N,N,,DAYLIGHT,SLEET/HAIL/FREEZING RAIN,ICE,,NO JUNCTION INVOLVED,,CONCRETE,FAILURE TO MAINTAIN LANE,RAN OFF ROAD,I-69105.5,,2022-01-08 14:35:00
865,BLOOMINGTON PD,BLOOMINGTON,2,,1,0,0,,,,E. 3RD STREET,S. CLARIZZ BLVD,,0.0,,39.164223,-86.4906498,LOCAL/CITY ROAD,,URBAN,N,N,N,,DAYLIGHT,CLEAR,DRY,,FOUR-WAY INTERSECTION,,ASPHALT,FAILURE TO YIELD RIGHT OF WAY,RIGHT ANGLE,S.CLARIZZBLVDE.3RDSTREET,,2022-01-04 13:06:00
866,BLOOMINGTON PD,BLOOMINGTON,2,,0,0,0,,,,310 W 12TH ST,,,0.0,,0.0,0.0,LOCAL/CITY ROAD,,URBAN,N,N,N,,DAYLIGHT,CLEAR,DRY,,NO JUNCTION INVOLVED,,CONCRETE,LEFT OF CENTER,OPPOSITE DIRECTION SIDESWIPE,310W12THST,,2022-01-10 17:21:00
867,MONROE SD,BLOOMINGTON,2,,0,0,0,,,,W STATE RD 45,S LEONARD SPRINGS RD,,475.0,,39.14148863,-86.58358077,STATE ROAD,,URBAN,N,N,N,,DAYLIGHT,CLEAR,DRY,,T-INTERSECTION,,ASPHALT,UNSAFE LANE MOVEMENT,SAME DIRECTION SIDESWIPE,WSTATERD45SLEONARDSPRINGSRD,,2022-04-17 08:13:00
868,INDIANA UNIV BLOOMINGTON PD,BLOOMINGTON,2,,0,0,0,,,,S FESS AVE,E 3RD ST,,0.0,,39.16426671,-86.52587361,LOCAL/CITY ROAD,,URBAN,N,N,N,,DARK (LIGHTED),CLEAR,DRY,,T-INTERSECTION,,ASPHALT,UNSAFE LANE MOVEMENT,LEFT TURN,SFESSAVEE3RDST,,2022-01-31 20:00:00
869,BLOOMINGTON PD,BLOOMINGTON,2,,0,0,0,,,,N WASHINGTON ST,E 10TH ST,,0.0,,39.17167669,-86.53233952,LOCAL/CITY ROAD,,URBAN,N,N,N,,DAYLIGHT,CLOUDY,DRY,,FOUR-WAY INTERSECTION,,ASPHALT,DISREGARD SIGNAL/REG SIGN,RIGHT ANGLE,NWASHINGTONSTE10THST,,2022-03-26 11:59:00
870,BLOOMINGTON PD,BLOOMINGTON,2,,0,0,0,,,,E MOORES PIKE,S COLLEGE MALL RD,,0.0,,39.15048149,-86.49826215,LOCAL/CITY ROAD,,URBAN,N,N,N,,DAYLIGHT,CLEAR,DRY,,FOUR-WAY INTERSECTION,,ASPHALT,DISREGARD SIGNAL/REG SIGN,RIGHT ANGLE,SCOLLEGEMALLRDEMOORESPIKE,,2022-04-05 15:17:00
871,BLOOMINGTON PD,BLOOMINGTON,2,,0,0,0,,,,S DEBORAH DR,W COTA DR,,0.0,,39.13591993,-86.56778044,LOCAL/CITY ROAD,,URBAN,N,N,N,,DAYLIGHT,SNOW,SNOW/SLUSH,,T-INTERSECTION,,ASPHALT,ROADWAY SURFACE CONDITION,HEAD ON BETWEEN TWO MOTOR VEHICLES,WCOTADRSDEBORAHDR,,2022-01-28 02:31:00
872,BLOOMINGTON PD,BLOOMINGTON,2,,0,0,0,,,,E MILLER DR,S WALNUT ST,,0.0,,39.1469247,-86.53261132,LOCAL/CITY ROAD,,URBAN,N,N,N,,DAYLIGHT,RAIN,WET,,T-INTERSECTION,,ASPHALT,DISREGARD SIGNAL/REG SIGN,RIGHT ANGLE,SWALNUTSTEMILLERDR,,2022-04-13 16:09:00
873,MONROE SD,BLOOMINGTON,1,,0,0,0,,,,S GARRISON CHAPEL RD,W HENDRICKS RD,,1000.0,,39.16034187,-86.64847591,COUNTY ROAD,,RURAL,N,N,N,,DAYLIGHT,RAIN,WATER (STANDING OR MOVING),,NO JUNCTION INVOLVED,,ASPHALT,SPEED TOO FAST FOR WEATHER CONDITIONS,RAN OFF ROAD,WHENDRICKSRDSGARRISONCHAPELRD,,2022-05-27 09:43:00
874,INDIANA UNIV BLOOMINGTON PD,BLOOMINGTON,2,,0,0,0,,,,E 4TH ST,,,0.0,,39.1652332,-86.52762442,PRIVATE DRIVE,,URBAN,N,N,N,,DAYLIGHT,CLEAR,DRY,,NO JUNCTION INVOLVED,,ASPHALT,UNSAFE BACKING,OPPOSITE DIRECTION SIDESWIPE,E4THST,,2022-03-28 16:20:00
875,BLOOMINGTON PD,BLOOMINGTON,4,,1,0,0,,,,E MATTLOCK RD,N DUNN ST,,0.0,,39.18629475,-86.52871943,LOCAL/CITY ROAD,,URBAN,N,N,N,,DAYLIGHT,CLEAR,DRY,,FOUR-WAY INTERSECTION,,ASPHALT,OTHER (DRIVER) - EXPLAIN IN NARRATIVE,REAR END,NDUNNSTEMATTLOCKRD,,2022-05-09 17:08:00
876,BLOOMINGTON PD,BLOOMINGTON,2,,0,0,0,,,,E MOORES PIKE,S SARE RD,,0.0,,39.15045251,-86.49833269,,,URBAN,N,N,N,,DAYLIGHT,RAIN,WET,,FOUR-WAY INTERSECTION,,ASPHALT,IMPROPER LANE USAGE,SAME DIRECTION SIDESWIPE,SSARERDEMOORESPIKE,,2022-05-05 13:00:00
877,ISP BLOOMINGTON 33,BLOOMINGTON,1,,0,0,1,,,,I-69,,,0.0,,39.08896002,-86.56952708,INTERSTATE,,RURAL,N,N,N,,DAYLIGHT,CLEAR,DRY,,NO JUNCTION INVOLVED,,ASPHALT,ANIMAL/OBJECT IN ROADWAY,COLLISION WITH DEER,I-69,,2022-05-25 09:57:00
878,INDIANA UNIV BLOOMINGTON PD,BLOOMINGTON,2,,0,0,0,,,,STATE RD 45,E 10TH ST,,50.0,,39.17182364,-86.5025062,STATE ROAD,,URBAN,N,N,N,,DAYLIGHT,CLEAR,ICE,,FOUR-WAY INTERSECTION,,ASPHALT,FOLLOWING TOO CLOSELY,REAR END,STATERD45E10THST,,2022-02-18 07:40:00
879,BLOOMINGTON PD,BLOOMINGTON,2,,0,0,0,,,,BLOOMFIELD RD,I69 SB RAMP,,0.0,,39.14973698,-86.57164283,STATE ROAD,,URBAN,N,N,N,,DAYLIGHT,CLOUDY,DRY,,FOUR-WAY INTERSECTION,,ASPHALT,FAILURE TO YIELD RIGHT OF WAY,RIGHT ANGLE,I69SBRAMPBLOOMFIELDRD,,2022-05-21 09:37:00
880,MONROE SD,BLOOMINGTON,2,,0,0,0,3585,,,W STATE RD 45,,,0.0,,39.14347573,-86.58053686,STATE ROAD,,URBAN,N,N,N,,DAYLIGHT,CLOUDY,DRY,,NO JUNCTION INVOLVED,,ASPHALT,OTHER (DRIVER) - EXPLAIN IN NARRATIVE,OTHER - EXPLAIN IN NARRATIVE,WSTATERD45,,2022-02-12 12:47:00
881,BLOOMINGTON PD,BLOOMINGTON,2,,1,0,0,,,,W 3RD ST,S WALNUT ST,,0.0,,39.16459528,-86.53363056,LOCAL/CITY ROAD,,URBAN,N,N,N,,DARK (LIGHTED),RAIN,WET,,FOUR-WAY INTERSECTION,,ASPHALT,DISREGARD SIGNAL/REG SIGN,RIGHT ANGLE,W3RDSTSWALNUTST,,2022-03-23 07:15:00
882,ISP BLOOMINGTON 33,BLOOMINGTON,1,,0,0,0,,,,W SR 48,N OARD RD,,0.0,,39.16487559,-86.62002326,STATE ROAD,,RURAL,N,N,N,,DAYLIGHT,CLOUDY,DRY,,T-INTERSECTION,,ASPHALT,,,WSR48NOARDRD,,2022-01-27 13:20:00
883,ISP BLOOMINGTON 33,BLOOMINGTON,1,,1,0,0,,,,I69,,,0.0,,39.05725945,-86.68119317,INTERSTATE,,RURAL,N,N,N,,DAYLIGHT,CLOUDY,DRY,,NO JUNCTION INVOLVED,,CONCRETE,,RAN OFF ROAD,I69105.5,,2022-04-16 10:31:00
884,ISP BLOOMINGTON 33,BLOOMINGTON,1,,0,0,0,,,,I69,,,0.0,,39.32633393,-86.51495595,INTERSTATE,,RURAL,N,N,N,,DAWN/DUSK,CLOUDY,WET,,NO JUNCTION INVOLVED,,ASPHALT,,RAN OFF ROAD,I69129.5,,2022-04-16 07:03:00
885,INDIANA UNIV BLOOMINGTON PD,BLOOMINGTON,2,,0,0,0,,,,N INDIANA AVE,E 17TH ST,,0.0,,39.17873937,-86.52705378,LOCAL/CITY ROAD,,URBAN,N,N,N,,DARK (LIGHTED),RAIN,WET,,NO JUNCTION INVOLVED,,ASPHALT,UNSAFE BACKING,BACKING CRASH,NINDIANAAVEE17THST,,2022-02-24 18:58:00
886,BLOOMINGTON PD,BLOOMINGTON,2,,0,0,0,,,,E 2ND ST,S HENDERSON ST,,0.0,,39.16136003,-86.52757592,LOCAL/CITY ROAD,,URBAN,N,N,N,,DAYLIGHT,CLOUDY,DRY,,NO JUNCTION INVOLVED,,ASPHALT,IMPROPER TURNING,SAME DIRECTION SIDESWIPE,SHENDERSONSTE2NDST,,2022-02-25 16:52:00