_id,Agency,City,Vehicles Involved,Trailers Involved,Number Injured,Number Dead,Number Deer,House Number,Roadway Interchange,Roadway Ramp,Roadway Id,Intersecting Road,Interchange,Feet From,Direction,Latitude,Longitude,Roadway Class,Hit and Run?,Locality,School Zone?,Rumble Strips?,Construction?,Construction Type,Light Condition,Weather Conditions,Surface Condition,Type of Median,Roadway Junction Type,Road Character,Roadway Surface,Primary Factor,Manner of Collision,Unique Location Id,Traffic Control,DateTime
1159,BLOOMINGTON PD,BLOOMINGTON,2,,0,0,0,,,,N MORTON ST,W 7TH ST,,0.0,,39.16849731,-86.53613604,LOCAL/CITY ROAD,,URBAN,N,N,N,,DAYLIGHT,CLEAR,DRY,,FOUR-WAY INTERSECTION,,ASPHALT,UNSAFE BACKING,REAR TO REAR,W7THSTNMORTONST,,2022-04-22 19:15:00
1160,MONROE SD,ELLETTSVILLE,2,,0,0,0,,,,W MAPLE GROVE RD,N MATHEWS DR,,0.0,,39.24532268,-86.62055952,,,RURAL,N,N,N,,DAYLIGHT,CLEAR,ICE,,FOUR-WAY INTERSECTION,,ASPHALT,DISREGARD SIGNAL/REG SIGN,RIGHT ANGLE,WMAPLEGROVERDNMATHEWSDR,,2022-02-18 09:15:00
1161,MONROE SD,BLOOMINGTON,1,,0,0,0,,,,S CURRY PIKE,,,0.0,,39.16271113,-86.5827418,COUNTY ROAD,,URBAN,N,N,N,,DARK (NOT LIGHTED),CLEAR,DRY,,NO JUNCTION INVOLVED,,ASPHALT,DRIVER DISTRACTED - EXPLAIN IN NARRATIVE,RAN OFF ROAD,SCURRYPIKE,,2022-02-09 10:03:00
1162,BLOOMINGTON PD,BLOOMINGTON,2,,0,0,0,,,,1825 N. KINSER PK,,,0.0,,0.0,0.0,LOCAL/CITY ROAD,,URBAN,N,N,N,,DAYLIGHT,RAIN,WET,,NO JUNCTION INVOLVED,,ASPHALT,OVERCORRECTING/OVERSTEERING,SAME DIRECTION SIDESWIPE,1825N.KINSERPK,,2022-03-07 13:15:00
1163,BLOOMINGTON PD,BLOOMINGTON,2,,0,0,0,,,,E HUNTER AVE,S PARK AVE,,317.0,,39.16225083,-86.52476496,LOCAL/CITY ROAD,,URBAN,N,N,N,,DAYLIGHT,RAIN,WET,,NO JUNCTION INVOLVED,,ASPHALT,FAILURE TO YIELD RIGHT OF WAY,RIGHT ANGLE,SPARKAVEEHUNTERAVE,,2022-03-22 14:50:00
1164,BLOOMINGTON PD,BLOOMINGTON,3,,0,0,0,,,,STATE RD 46,N. COLLEGE AVE,,475.0,,39.18637791,-86.53617061,STATE ROAD,,URBAN,N,N,N,,DARK (LIGHTED),SLEET/HAIL/FREEZING RAIN,ICE,,NO JUNCTION INVOLVED,,ASPHALT,FOLLOWING TOO CLOSELY,REAR END,STATERD46N.COLLEGEAVE,,2022-01-08 18:36:00
1165,ISP BLOOMINGTON 33,BLOOMINGTON,2,,0,0,0,,,,N OLD STATE ROAD 37,E BETHEL LN,,0.0,,39.21541922,-86.52156419,COUNTY ROAD,,RURAL,N,N,N,,DAYLIGHT,CLEAR,DRY,,T-INTERSECTION,,ASPHALT,FAILURE TO YIELD RIGHT OF WAY,RIGHT ANGLE,NOLDSTATEROAD37EBETHELLN,,2022-04-27 07:00:00
1166,INDIANA UNIV BLOOMINGTON PD,BLOOMINGTON,1,,1,0,0,,,,17TH ST.,FESS AVE.,,0.0,,39.1790229,-86.526068,LOCAL/CITY ROAD,,URBAN,N,N,N,,DAYLIGHT,CLOUDY,WET,,T-INTERSECTION,,ASPHALT,FAILURE TO YIELD RIGHT OF WAY,OTHER - EXPLAIN IN NARRATIVE,FESSAVE.17THST.,,2022-03-23 16:10:00
1167,MONROE SD,BLOOMINGTON,2,,0,0,0,,,,WESTERN DRIVE,GRAND AVE,,0.0,,39.166519,-86.586451,LOCAL/CITY ROAD,,URBAN,N,N,N,,DAYLIGHT,CLOUDY,DRY,,NO JUNCTION INVOLVED,,ASPHALT,IMPROPER PASSING,LEFT/RIGHT TURN,WESTERNDRIVEGRANDAVE,,2022-04-30 17:47:00
1168,INDIANA UNIV BLOOMINGTON PD,BLOOMINGTON,2,,1,0,0,,,,STATE RD 45,E 10TH ST,,0.0,,39.17292152,-86.5030621,STATE ROAD,,URBAN,N,N,N,,DAYLIGHT,RAIN,WET,,NO JUNCTION INVOLVED,,ASPHALT,FOLLOWING TOO CLOSELY,REAR END,STATERD45E10THST,,2022-03-22 15:25:00
1169,MONROE SD,ELLETTSVILLE,1,,1,0,0,,,,N MT TABOR,N JENNER DR,,0.0,,0.0,0.0,LOCAL/CITY ROAD,,RURAL,N,N,N,,DAYLIGHT,CLEAR,SNOW/SLUSH,,NO JUNCTION INVOLVED,,ASPHALT,SPEED TOO FAST FOR WEATHER CONDITIONS,RAN OFF ROAD,NMTTABORNJENNERDR,,2022-02-06 14:20:00
1170,MONROE SD,BLOOMINGTON,2,,0,0,0,,,,W STATE RD 45,S DUNLAP RD,,0.0,,39.12010407,-86.61760634,STATE ROAD,,RURAL,N,N,N,,DAYLIGHT,CLEAR,DRY,,NO JUNCTION INVOLVED,,ASPHALT,FOLLOWING TOO CLOSELY,REAR END,WSTATERD45SDUNLAPRD,,2022-05-11 14:37:00
1171,BLOOMINGTON PD,BLOOMINGTON,2,,1,0,0,,,,"N KINSER PIKE BLOOMINGTON, IN",SKYLINE DR,,0.0,,,,LOCAL/CITY ROAD,,URBAN,N,N,N,,DAYLIGHT,CLEAR,DRY,,T-INTERSECTION,,ASPHALT,UNSAFE SPEED,REAR END,"SKYLINEDRNKINSERPIKEBLOOMINGTON,IN",,2022-02-10 13:12:00
1172,BLOOMINGTON PD,BLOOMINGTON,2,,0,0,0,2966,,,E. 3RD STREET,,,0.0,,39.161776,-86.494241,PRIVATE DRIVE,,URBAN,N,N,N,,DAYLIGHT,CLEAR,DRY,,NO JUNCTION INVOLVED,,ASPHALT,UNSAFE BACKING,BACKING CRASH,E.3RDSTREET,,2022-05-30 13:07:00
1173,ISP BLOOMINGTON 33,BLOOMINGTON,1,,1,0,1,,,,I-69,,,0.0,,39.09451745,-86.56580722,INTERSTATE,,RURAL,N,N,N,,DARK (NOT LIGHTED),CLEAR,DRY,,NO JUNCTION INVOLVED,,ASPHALT,ANIMAL/OBJECT IN ROADWAY,COLLISION WITH DEER,I-69113,,2022-05-20 22:18:00
1174,INDIANA UNIV BLOOMINGTON PD,BLOOMINGTON,2,,0,0,0,1110,,,N EAGLESON AVE,,,0.0,,39.17694504,-86.51220605,LOCAL/CITY ROAD,,URBAN,N,N,N,,DAYLIGHT,CLEAR,DRY,,NO JUNCTION INVOLVED,,ASPHALT,UNSAFE BACKING,BACKING CRASH,NEAGLESONAVE,,2022-02-21 14:05:00
1175,BLOOMINGTON PD,BLOOMINGTON,2,,0,0,0,935,,,S COPPER BEECH WAY,,,0.0,,39.1556887,-86.5699753,PRIVATE DRIVE,,URBAN,N,N,N,,DARK (LIGHTED),CLEAR,DRY,,NO JUNCTION INVOLVED,,ASPHALT,UNSAFE BACKING,SAME DIRECTION SIDESWIPE,SCOPPERBEECHWAY,,2022-05-13 10:50:00
1176,ISP BLOOMINGTON 33,BLOOMINGTON,1,,0,0,0,,,,I69,,,0.0,,39.11415829,-86.56330635,INTERSTATE,,URBAN,N,N,N,,DAYLIGHT,CLEAR,DRY,,NO JUNCTION INVOLVED,,ASPHALT,ANIMAL/OBJECT IN ROADWAY,COLLISION WITH OBJECT IN ROAD,I69114,,2022-03-17 13:50:00
1177,MONROE SD,ELLETTSVILLE,1,,0,0,0,,,,N HARTSTRAIT RD,W HARBISON RD,,0.0,,39.2230127,-86.61417408,,,RURAL,N,N,N,,DAYLIGHT,CLEAR,DRY,,NO JUNCTION INVOLVED,,ASPHALT,UNSAFE LANE MOVEMENT,RAN OFF ROAD,WHARBISONRDNHARTSTRAITRD,,2022-03-25 12:33:00
1178,BLOOMINGTON PD,BLOOMINGTON,2,,0,0,0,,,,W 3RD ST,STATE RD 37,,0.0,,39.16467113,-86.57350345,LOCAL/CITY ROAD,,URBAN,N,N,N,,DAYLIGHT,CLEAR,DRY,,FOUR-WAY INTERSECTION,,ASPHALT,FAILURE TO YIELD RIGHT OF WAY,RIGHT ANGLE,W3RDSTSTATERD37,,2022-04-27 17:15:00
1179,BLOOMINGTON PD,BLOOMINGTON,1,,0,0,1,,,,N MAPLE ST,W 7TH ST,,317.0,,39.16907346,-86.54261433,LOCAL/CITY ROAD,,URBAN,N,N,N,,DARK (LIGHTED),SNOW,WET,,NO JUNCTION INVOLVED,,ASPHALT,ANIMAL/OBJECT IN ROADWAY,COLLISION WITH DEER,W7THSTNMAPLEST,,2022-04-01 05:55:00
1180,BLOOMINGTON PD,BLOOMINGTON,2,,0,0,0,,,,W 17TH ST,N KINSER PIKE,,0.0,,39.17908001,-86.53841898,LOCAL/CITY ROAD,,URBAN,N,N,N,,DAYLIGHT,CLEAR,DRY,,FOUR-WAY INTERSECTION,,ASPHALT,FAILURE TO YIELD RIGHT OF WAY,SAME DIRECTION SIDESWIPE,W17THSTNKINSERPIKE,,2022-01-26 17:06:00
1181,MONROE SD,BLOOMINGTON,2,,0,0,0,,,,W SR 48,N OARD RD,,0.0,,39.16489894,-86.62011223,STATE ROAD,,RURAL,N,N,N,,DAYLIGHT,CLEAR,DRY,,T-INTERSECTION,,ASPHALT,UNSAFE SPEED,REAR END,WSR48NOARDRD,,2022-02-28 07:42:00
1182,INDIANA UNIV BLOOMINGTON PD,BLOOMINGTON,2,,0,0,0,,,,E 7TH ST,,,0.0,,39.16797957,-86.5218607,,,URBAN,N,N,N,,DAYLIGHT,CLEAR,DRY,,NO JUNCTION INVOLVED,,ASPHALT,IMPROPER TURNING,REAR END,E7THST,,2022-02-20 15:30:00
1183,INDIANA UNIV BLOOMINGTON PD,BLOOMINGTON,2,,1,0,0,,,,E 3RD ST,S FESS AVE,,317.0,,39.16427086,-86.52517623,LOCAL/CITY ROAD,,URBAN,N,N,N,,DAYLIGHT,CLOUDY,DRY,,NO JUNCTION INVOLVED,,ASPHALT,UNSAFE LANE MOVEMENT,SAME DIRECTION SIDESWIPE,SFESSAVEE3RDST,,2022-04-15 14:04:00
1184,BLOOMINGTON PD,BLOOMINGTON,2,,1,0,0,,,,E 3RD ST,S CLARIZZ BLVD,,0.0,,39.16412316,-86.49073383,LOCAL/CITY ROAD,,URBAN,N,N,N,,DAYLIGHT,CLEAR,DRY,,FOUR-WAY INTERSECTION,,ASPHALT,DISREGARD SIGNAL/REG SIGN,RIGHT ANGLE,SCLARIZZBLVDE3RDST,,2022-05-26 15:56:00
1185,BLOOMINGTON PD,BLOOMINGTON,2,,0,0,0,,,,W 3RD ST,S CURRY PIKE,,0.0,,39.16461868,-86.58299799,LOCAL/CITY ROAD,,URBAN,N,N,N,,DARK (LIGHTED),RAIN,WET,,FOUR-WAY INTERSECTION,,ASPHALT,DISREGARD SIGNAL/REG SIGN,RIGHT ANGLE,W3RDSTSCURRYPIKE,,2022-05-19 17:12:00
1186,BLOOMINGTON PD,BLOOMINGTON,2,,0,0,0,3207,,,E 3RD ST,,,0.0,,39.1644581,-86.49301468,PRIVATE DRIVE,,URBAN,N,N,N,,DAYLIGHT,CLEAR,DRY,,NO JUNCTION INVOLVED,,ASPHALT,IMPROPER PASSING,SAME DIRECTION SIDESWIPE,E3RDST,,2022-05-19 13:37:00
1187,INDIANA UNIV BLOOMINGTON PD,BLOOMINGTON,1,,1,0,0,,,,STATE RD 45,,,0.0,,39.18449497,-86.51413648,STATE ROAD,,URBAN,N,N,N,,DARK (NOT LIGHTED),RAIN,WET,,NO JUNCTION INVOLVED,,ASPHALT,SPEED TOO FAST FOR WEATHER CONDITIONS,RAN OFF ROAD,STATERD45,,2022-04-09 00:00:00
1188,BLOOMINGTON PD,BLOOMINGTON,2,,0,0,0,500,,,S LIBERTY DR,,,0.0,,39.16409697,-86.57747647,,,URBAN,N,N,N,,DAYLIGHT,CLOUDY,DRY,,NO JUNCTION INVOLVED,,ASPHALT,FAILURE TO YIELD RIGHT OF WAY,RIGHT TURN,SLIBERTYDR,,2022-02-13 04:59:00
1189,INDIANA UNIV BLOOMINGTON PD,BLOOMINGTON,2,,0,0,0,,,,S DUNN ST,E 4TH ST,,0.0,,39.16507775,-86.52823395,LOCAL/CITY ROAD,,URBAN,N,N,N,,DARK (LIGHTED),CLEAR,DRY,,NO JUNCTION INVOLVED,,ASPHALT,UNSAFE LANE MOVEMENT,SAME DIRECTION SIDESWIPE,SDUNNSTE4THST,,2022-04-26 23:32:00
1190,INDIANA UNIV BLOOMINGTON PD,BLOOMINGTON,2,,0,0,0,,,,E 17TH ST,,,0.0,,39.1788908,-86.51480355,,,URBAN,N,N,N,,DAYLIGHT,CLEAR,DRY,,NO JUNCTION INVOLVED,,ASPHALT,UNSAFE BACKING,BACKING CRASH,E17THST,,2022-02-15 07:20:00
1191,ELLETTSVILLE PD,ELLETTSVILLE,1,,1,0,0,,,,W STATE RD 46,ENWRIGHT LANE,,0.0,,39.2255153,-86.61281252,STATE ROAD,,URBAN,N,N,N,,DAYLIGHT,RAIN,WET,,NO JUNCTION INVOLVED,,ASPHALT,FAILURE TO MAINTAIN LANE,RAN OFF ROAD,WSTATERD46ENWRIGHTLANE,,2022-05-18 17:00:00
1192,INDIANA UNIV BLOOMINGTON PD,BLOOMINGTON,1,,1,0,0,,,,E 7TH ST,,,0.0,,39.16833017,-86.52174301,PRIVATE DRIVE,,URBAN,N,N,N,,DARK (LIGHTED),RAIN,WET,,NO JUNCTION INVOLVED,,ASPHALT,FAILURE TO YIELD RIGHT OF WAY,LEFT TURN,E7THST,,2022-02-24 21:50:00
1193,BLOOMINGTON PD,BLOOMINGTON,2,,0,0,0,,,,E HILLSIDE DR,S HIGH ST,,0.0,,39.15047808,-86.50854462,LOCAL/CITY ROAD,,URBAN,N,N,N,,DAYLIGHT,CLOUDY,WET,,FOUR-WAY INTERSECTION,,ASPHALT,FOLLOWING TOO CLOSELY,REAR END,SHIGHSTEHILLSIDEDR,,2022-05-05 15:50:00
1194,BLOOMINGTON PD,BLOOMINGTON,2,,0,0,0,,,,W 15TH ST,N COLLEGE AVE,,0.0,,39.17685034,-86.53476782,LOCAL/CITY ROAD,,URBAN,N,N,N,,DAWN/DUSK,CLEAR,DRY,,FOUR-WAY INTERSECTION,,ASPHALT,FAILURE TO YIELD RIGHT OF WAY,REAR END,W15THSTNCOLLEGEAVE,,2022-02-19 18:03:00
1195,BLOOMINGTON PD,BLOOMINGTON,2,,2,0,0,,,,E. 2ND ST,S. EAGLESON AVE,,0.0,,0.0,0.0,LOCAL/CITY ROAD,,URBAN,N,N,N,,DAYLIGHT,RAIN,WET,,FOUR-WAY INTERSECTION,,ASPHALT,FAILURE TO YIELD RIGHT OF WAY,RIGHT ANGLE,S.EAGLESONAVEE.2NDST,,2022-05-26 08:27:00
1196,BLOOMINGTON PD,BLOOMINGTON,2,,0,0,0,,,,S WASHINGTON ST,E 3RD ST,,0.0,,39.16461192,-86.53238601,,,URBAN,N,N,N,,DAYLIGHT,CLEAR,DRY,,T-INTERSECTION,,ASPHALT,DISREGARD SIGNAL/REG SIGN,RIGHT ANGLE,SWASHINGTONSTE3RDST,,2022-02-26 13:20:00
1197,INDIANA UNIV BLOOMINGTON PD,BLOOMINGTON,2,,0,0,0,,,,ACCESS DRIVE TO HILLTOP GARDENS,,,0.0,,39.17344742,-86.50445874,PRIVATE DRIVE,,URBAN,N,N,N,,DAYLIGHT,RAIN,WET,,NO JUNCTION INVOLVED,,ASPHALT,IMPROPER TURNING,RIGHT TURN,ACCESSDRIVETOHILLTOPGARDENS,,2022-05-06 15:30:00
1198,BLOOMINGTON PD,BLOOMINGTON,2,,0,0,0,,,,S ROGERS ST,W PATTERSON DR,,0.0,,39.15345462,-86.5387196,LOCAL/CITY ROAD,,URBAN,N,N,N,,DAYLIGHT,CLEAR,DRY,,NO JUNCTION INVOLVED,,ASPHALT,UNSAFE LANE MOVEMENT,REAR END,WPATTERSONDRSROGERSST,,2022-05-10 14:47:00
1199,BLOOMINGTON PD,BLOOMINGTON,1,,0,0,0,,,,S. WALNUT ST,,,0.0,,0.0,0.0,OTHER,,URBAN,N,N,N,,DAYLIGHT,CLEAR,DRY,,NO JUNCTION INVOLVED,,ASPHALT,OTHER (DRIVER) - EXPLAIN IN NARRATIVE,RAN OFF ROAD,S.WALNUTST,,2022-02-09 10:41:00
1200,BLOOMINGTON PD,BLOOMINGTON,2,,0,0,0,,,,W BLOOMFIELD RD,S STONE DR,,0.0,,39.150879,-86.567966,LOCAL/CITY ROAD,,URBAN,N,N,N,,DAYLIGHT,CLEAR,DRY,,NO JUNCTION INVOLVED,,ASPHALT,IMPROPER PASSING,SAME DIRECTION SIDESWIPE,WBLOOMFIELDRDSSTONEDR,,2022-03-03 07:52:00
1201,BLOOMINGTON PD,BLOOMINGTON,2,,0,0,0,,,,W 3RD ST,LIBERTY DR,,300.0,,39.164606,-86.579131,LOCAL/CITY ROAD,,URBAN,N,N,N,,DAYLIGHT,CLEAR,DRY,,NO JUNCTION INVOLVED,,ASPHALT,FOLLOWING TOO CLOSELY,REAR END,W3RDSTLIBERTYDR,,2022-02-14 12:28:00
1202,INDIANA UNIV BLOOMINGTON PD,BLOOMINGTON,2,,0,0,0,,,,E 17TH ST,E LINGELBACH LN,,0.0,,39.17925493,-86.50843365,LOCAL/CITY ROAD,,URBAN,N,N,N,,DAYLIGHT,SNOW,WET,,T-INTERSECTION,,ASPHALT,FOLLOWING TOO CLOSELY,REAR END,ELINGELBACHLNE17THST,,2022-02-12 17:20:00
1203,MONROE SD,BLOOMINGTON,1,,0,0,1,,,,STATE RD 37,OLD STATE RD 37,,0.0,,39.0877926,-86.54498531,STATE ROAD,,RURAL,N,N,N,,DARK (NOT LIGHTED),CLEAR,DRY,,NO JUNCTION INVOLVED,,ASPHALT,ANIMAL/OBJECT IN ROADWAY,COLLISION WITH DEER,STATERD37OLDSTATERD37,,2022-04-01 23:18:00
1204,BLOOMINGTON PD,BLOOMINGTON,4,,1,0,0,,,,W BLOOMFIELD RD,S WEIMER RD,,475.0,,39.15377118,-86.56508423,LOCAL/CITY ROAD,,URBAN,N,N,N,,DAYLIGHT,CLEAR,DRY,,NO JUNCTION INVOLVED,,ASPHALT,DRIVER DISTRACTED - EXPLAIN IN NARRATIVE,REAR END,WBLOOMFIELDRDSWEIMERRD,,2022-05-24 01:46:00
1205,BLOOMINGTON PD,BLOOMINGTON,2,,0,0,0,,,,S. PATTERSON DR,W. 3RD ST,,0.0,,39.16342,-86.551249,LOCAL/CITY ROAD,,URBAN,N,N,N,,DAYLIGHT,CLOUDY,DRY,,FOUR-WAY INTERSECTION,,ASPHALT,FOLLOWING TOO CLOSELY,REAR END,W.3RDSTS.PATTERSONDR,,2022-02-25 13:59:00
1206,INDIANA UNIV BLOOMINGTON PD,BLOOMINGTON,1,,1,0,0,,,,E 7TH ST,STADIUM DRIVE,,0.0,,39.16885212,-86.51708133,LOCAL/CITY ROAD,,URBAN,N,N,N,,DAYLIGHT,RAIN,WET,,T-INTERSECTION,,ASPHALT,FAILURE TO YIELD RIGHT OF WAY,LEFT TURN,STADIUMDRIVEE7THST,,2022-02-17 15:08:00
1207,MONROE SD,BLOOMINGTON,1,,0,0,1,,,,W GORDON PIKE,S ROGERS ST,,0.0,,39.12164975,-86.53907535,LOCAL/CITY ROAD,,URBAN,N,N,N,,DARK (LIGHTED),CLEAR,DRY,,TRAFFIC CIRCLE/ROUNDABOUT,,ASPHALT,ANIMAL/OBJECT IN ROADWAY,COLLISION WITH DEER,WGORDONPIKESROGERSST,,2022-03-14 07:03:00
1208,ELLETTSVILLE PD,ELLETTSVILLE,3,0.0,0,0,0,,,,MATTHEWS,MCNEELY,,,,39.2382122,-86.6238869,LOCAL/CITY ROAD,Y,,N,N,N,,DAWN/DUSK,CLOUDY,SNOW/SLUSH,,NO JUNCTION INVOLVED,STRAIGHT/LEVEL,ASPHALT,OTHER (VEHICLE) - EXPLAIN IN NARRATIVE,OPPOSITE DIRECTION SIDESWIPE,MATTHEWSDRMCNEELYST,STOP SIGN,2022-01-15 07:25:00
1209,MONROE SD,BLOOMINGTON,2,0.0,0,0,0,9592,,,S LAKE RIDGE,,,,,39.02981112,-86.50632627,OTHER,N,RURAL,N,N,N,,DARK (NOT LIGHTED),CLEAR,DRY,,NO JUNCTION INVOLVED,NON-ROADWAY CRASH,ASPHALT,UNSAFE BACKING,BACKING CRASH,SLAKERIDGEDR,NONE,2022-01-02 21:45:00
1210,MONROE SD,BLOOMINGTON,1,0.0,0,0,0,,,,S OLD STATE ROAD 37,W INGRAM,,,,38.997065,-86.545808,LOCAL/CITY ROAD,N,RURAL,N,N,N,,DAYLIGHT,RAIN,WET,,NO JUNCTION INVOLVED,STRAIGHT/GRADE,ASPHALT,ANIMAL/OBJECT IN ROADWAY,COLLISION WITH OBJECT IN ROAD,SOLDSTATEROAD37RDWINGRAMRD,NONE,2022-01-01 13:55:00
1211,MONROE SD,BLOOMINGTON,2,0.0,0,0,0,,,,VERNAL,HARTSTAIT,,,,39.186767,-86.611273,COUNTY ROAD,N,RURAL,N,N,N,,DARK (NOT LIGHTED),CLEAR,DRY,,FOUR-WAY INTERSECTION,STRAIGHT/LEVEL,ASPHALT,DISREGARD SIGNAL/REG SIGN,OTHER - EXPLAIN IN NARRATIVE,HARTSTAITRDVERNALPIKE,STOP SIGN,2022-01-02 18:25:00
1212,MONROE SD,BLOOMINGTON,1,0.0,0,0,0,3585,,,W STATE 46,,,,,39.208682,-86.582335,OTHER,N,RURAL,N,N,N,,DAYLIGHT,CLEAR,DRY,,NO JUNCTION INVOLVED,STRAIGHT/LEVEL,ASPHALT,OTHER (DRIVER) - EXPLAIN IN NARRATIVE,OTHER - EXPLAIN IN NARRATIVE,WSTATE46RD,NONE,2022-01-14 10:10:00
1213,ELLETTSVILLE PD,ELLETTSVILLE,2,0.0,0,0,0,602,,,WEST VINE,,,,,39.2345803,-86.6242855,OTHER,N,URBAN,N,N,N,,DARK (NOT LIGHTED),CLOUDY,DRY,,NO JUNCTION INVOLVED,STRAIGHT/LEVEL,ASPHALT,UNSAFE BACKING,BACKING CRASH,WESTVINEST,NONE,2022-04-30 22:09:00
1214,ELLETTSVILLE PD,ELLETTSVILLE,2,0.0,0,0,0,,,,SR46W,LOVE,,100.0,E,39.21898572,-86.60202298,STATE ROAD,N,URBAN,N,N,N,,DAYLIGHT,CLEAR,DRY,,NO JUNCTION INVOLVED,STRAIGHT/LEVEL,ASPHALT,FAILURE TO YIELD RIGHT OF WAY,RIGHT ANGLE,LOVELNSR46W,NONE,2022-05-09 14:32:00
1215,ELLETTSVILLE PD,ELLETTSVILLE,2,0.0,0,0,0,5621,,,W STATE ROAD 46,,,,,39.221555,-86.607133,OTHER,N,URBAN,N,N,N,,DAYLIGHT,CLOUDY,DRY,,NO JUNCTION INVOLVED,STRAIGHT/GRADE,CONCRETE,UNSAFE BACKING,BACKING CRASH,WSTATEROAD46HWY,NONE,2022-03-25 16:04:00
1216,ELLETTSVILLE PD,ELLETTSVILLE,3,0.0,0,0,0,,,,SR46W,UNION VALLEY,,250.0,E,39.21468205,-86.59215654,STATE ROAD,N,URBAN,N,N,N,,DAWN/DUSK,CLOUDY,WET,,FOUR-WAY INTERSECTION,STRAIGHT/LEVEL,ASPHALT,BRAKE FAILURE OR DEFECTIVE,REAR END,SR46WUNIONVALLEYRD,NONE,2022-02-11 17:12:00
1217,ELLETTSVILLE PD,ELLETTSVILLE,2,0.0,0,0,0,,,,SR46W,LOVE,,,,39.219152,-86.602304,STATE ROAD,N,URBAN,N,N,N,,DAYLIGHT,CLEAR,DRY,,NO JUNCTION INVOLVED,STRAIGHT/LEVEL,ASPHALT,UNSAFE LANE MOVEMENT,SAME DIRECTION SIDESWIPE,LOVELNSR46W,LANE CONTROL,2022-02-28 14:44:00
1218,BLOOMINGTON PD,BLOOMINGTON,1,,0,0,0,,,,1300 S. PATTERSON DR,,,0.0,,0.0,0.0,LOCAL/CITY ROAD,,URBAN,N,N,N,,DAYLIGHT,CLEAR,DRY,,NO JUNCTION INVOLVED,,ASPHALT,OVERCORRECTING/OVERSTEERING,RAN OFF ROAD,1300S.PATTERSONDR,,2022-01-07 11:36:00
1219,BLOOMINGTON PD,BLOOMINGTON,2,,0,0,0,,,,W. 17TH ST,N. MONROE ST,,0.0,,39.1789559,-86.5472088,LOCAL/CITY ROAD,,URBAN,Y,N,N,,DAYLIGHT,CLEAR,DRY,,TRAFFIC CIRCLE/ROUNDABOUT,,ASPHALT,FAILURE TO YIELD RIGHT OF WAY,RIGHT ANGLE,W.17THSTN.MONROEST,,2022-01-11 12:31:00
1220,BLOOMINGTON PD,BLOOMINGTON,2,,0,0,0,,,,W 3RD ST,S WALNUT ST,,0.0,,39.16459528,-86.53377003,LOCAL/CITY ROAD,,URBAN,N,N,N,,DARK (LIGHTED),CLOUDY,DRY,,FOUR-WAY INTERSECTION,,ASPHALT,OTHER (DRIVER) - EXPLAIN IN NARRATIVE,RIGHT ANGLE,W3RDSTSWALNUTST,,2022-01-05 07:10:00
1221,BLOOMINGTON PD,BLOOMINGTON,1,,1,0,0,,,,"1710 N KINSER PK BLOOMINGTON, IN",,,0.0,,39.185276,-86.536116,LOCAL/CITY ROAD,,URBAN,N,N,N,,DAYLIGHT,CLEAR,DRY,,NO JUNCTION INVOLVED,,ASPHALT,DRIVER DISTRACTED - EXPLAIN IN NARRATIVE,OTHER - EXPLAIN IN NARRATIVE,"1710NKINSERPKBLOOMINGTON,IN",,2022-01-19 00:00:00
1222,BLOOMINGTON PD,BLOOMINGTON,2,,0,0,0,,,,N DUNN ST,E KIRKWOOD AVE,,0.0,,39.16655009,-86.52824826,LOCAL/CITY ROAD,,URBAN,N,N,N,,DARK (LIGHTED),CLEAR,DRY,,FOUR-WAY INTERSECTION,,ASPHALT,FAILURE TO YIELD RIGHT OF WAY,RIGHT ANGLE,NDUNNSTEKIRKWOODAVE,,2022-01-12 08:01:00
1223,BLOOMINGTON PD,BLOOMINGTON,2,,0,0,0,,,,645 S. ROGERS ST,,,0.0,,0.0,0.0,LOCAL/CITY ROAD,,URBAN,N,N,N,,DAYLIGHT,CLOUDY,DRY,,NO JUNCTION INVOLVED,,ASPHALT,OTHER (VEHICLE) - EXPLAIN IN NARRATIVE,RIGHT ANGLE,645S.ROGERSST,,2022-01-19 10:16:00
1224,INDIANA UNIV BLOOMINGTON PD,BLOOMINGTON,2,,0,0,0,,,,E 3RD ST,S JORDAN AVE,,264.0,,39.16424721,-86.51587821,LOCAL/CITY ROAD,,URBAN,N,N,N,,DAYLIGHT,CLEAR,DRY,,FOUR-WAY INTERSECTION,,ASPHALT,IMPROPER TURNING,LEFT TURN,SJORDANAVEE3RDST,,2022-01-10 16:05:00
1225,BLOOMINGTON PD,BLOOMINGTON,2,,3,0,0,,,,S. COLLEGE AVE,E 1ST ST,,0.0,,0.0,0.0,LOCAL/CITY ROAD,,URBAN,N,N,N,,DAYLIGHT,CLEAR,DRY,,FOUR-WAY INTERSECTION,,ASPHALT,DISREGARD SIGNAL/REG SIGN,RIGHT ANGLE,S.COLLEGEAVEE1STST,,2022-01-08 09:25:00
1226,BLOOMINGTON PD,BLOOMINGTON,1,,0,0,0,,,,1308 E. 3RD ST,S. HIGHLAND AVE,,250.0,,39.16421628,-86.51716304,LOCAL/CITY ROAD,,URBAN,N,N,N,,DAYLIGHT,CLEAR,DRY,,NO JUNCTION INVOLVED,,ASPHALT,OVERCORRECTING/OVERSTEERING,LEFT/RIGHT TURN,S.HIGHLANDAVE1308E.3RDST,,2022-01-25 11:16:00