_id,Agency,City,Vehicles Involved,Trailers Involved,Number Injured,Number Dead,Number Deer,House Number,Roadway Interchange,Roadway Ramp,Roadway Id,Intersecting Road,Interchange,Feet From,Direction,Latitude,Longitude,Roadway Class,Hit and Run?,Locality,School Zone?,Rumble Strips?,Construction?,Construction Type,Light Condition,Weather Conditions,Surface Condition,Type of Median,Roadway Junction Type,Road Character,Roadway Surface,Primary Factor,Manner of Collision,Unique Location Id,Traffic Control,DateTime
1363,BLOOMINGTON PD,BLOOMINGTON,2,,0,0,0,,,,N. WALNUT ST,E. 14TH ST,,150.0,,39.175954,-86.533541,LOCAL/CITY ROAD,,URBAN,N,N,Y,LANE CLOSURE,DAYLIGHT,CLEAR,DRY,,NO JUNCTION INVOLVED,,ASPHALT,FAILURE TO YIELD RIGHT OF WAY,RIGHT ANGLE,N.WALNUTSTE.14THST,,2022-05-20 08:42:00
1364,INDIANA UNIV BLOOMINGTON PD,BLOOMINGTON,2,,1,0,0,,,,N EAGLESON AVE,E LINGELBACH LN,,370.0,,39.17780581,-86.5123821,LOCAL/CITY ROAD,,URBAN,N,N,N,,DARK (LIGHTED),CLOUDY,DRY,,NO JUNCTION INVOLVED,,ASPHALT,IMPROPER TURNING,LEFT TURN,NEAGLESONAVEELINGELBACHLN,,2022-04-19 00:30:00
1365,MONROE SD,BLOOMINGTON,1,,0,0,1,,,,SOUTH HWY 446,SOUTH SWARTZ RIDGE RD,,0.0,,0.0,0.0,STATE ROAD,,RURAL,N,N,N,,DAWN/DUSK,CLOUDY,DRY,,NO JUNCTION INVOLVED,,ASPHALT,ANIMAL/OBJECT IN ROADWAY,SAME DIRECTION SIDESWIPE,SOUTHSWARTZRIDGERDSOUTHHWY446,,2022-03-03 07:15:00
1366,MONROE SD,BLOOMINGTON,2,,0,0,0,,,,S OLD STATE ROAD 37,STATE RD 37,,0.0,,39.0853106,-86.54264138,STATE ROAD,,RURAL,N,N,N,,DAYLIGHT,CLEAR,DRY,,FIVE POINT OR MORE,,ASPHALT,FOLLOWING TOO CLOSELY,REAR END,STATERD37SOLDSTATEROAD37,,2022-05-20 16:15:00
1367,BLOOMINGTON PD,BLOOMINGTON,2,,0,0,0,,,,GATES DR,W. 3RD ST,,1000.0,,39.16466,-86.576125,LOCAL/CITY ROAD,,URBAN,N,N,N,,DAYLIGHT,CLEAR,DRY,,T-INTERSECTION,,ASPHALT,FOLLOWING TOO CLOSELY,REAR END,W.3RDSTGATESDR,,2022-04-14 09:18:00
1368,BLOOMINGTON PD,BLOOMINGTON,2,,0,0,0,,,,E KIRKWOOD AVE,S GRANT ST,,0.0,,39.16653962,-86.52961503,LOCAL/CITY ROAD,,URBAN,N,N,N,,DAYLIGHT,CLOUDY,DRY,,NO JUNCTION INVOLVED,,ASPHALT,OTHER (DRIVER) - EXPLAIN IN NARRATIVE,OTHER - EXPLAIN IN NARRATIVE,SGRANTSTEKIRKWOODAVE,,2022-02-13 14:30:00
1369,INDIANA UNIV BLOOMINGTON PD,BLOOMINGTON,2,,0,0,0,,,,N INDIANA AVE,E 17TH ST,,264.0,,39.17857719,-86.52706451,LOCAL/CITY ROAD,,URBAN,N,N,N,,DARK (LIGHTED),RAIN,WET,,T-INTERSECTION,,ASPHALT,UNSAFE BACKING,BACKING CRASH,NINDIANAAVEE17THST,,2022-02-24 21:10:00
1370,INDIANA UNIV BLOOMINGTON PD,BLOOMINGTON,2,,0,0,0,,,,N PARK AVE,E 8TH ST,,0.0,,39.16989393,-86.52497239,PRIVATE DRIVE,,URBAN,N,N,N,,DAYLIGHT,CLOUDY,DRY,,NO JUNCTION INVOLVED,,CONCRETE,IMPROPER TURNING,LEFT TURN,NPARKAVEE8THST,,2022-03-08 00:00:00
1371,MONROE SD,BLOOMINGTON,2,,1,0,0,,,,ALLEN ST,RANSOM LN,,0.0,,39.1577862,-86.5500601,LOCAL/CITY ROAD,,URBAN,N,N,N,,DARK (NOT LIGHTED),RAIN,WET,,T-INTERSECTION,,ASPHALT,LEFT OF CENTER,SAME DIRECTION SIDESWIPE,RANSOMLNALLENST,,2022-04-25 05:42:00
1372,INDIANA UNIV BLOOMINGTON PD,BLOOMINGTON,2,,0,0,0,,,,E 3RD ST,,,0.0,,39.16468665,-86.51248542,,,URBAN,N,N,N,,DAYLIGHT,CLEAR,DRY,,NO JUNCTION INVOLVED,,ASPHALT,FAILURE TO YIELD RIGHT OF WAY,SAME DIRECTION SIDESWIPE,E3RDST,,2022-02-26 14:30:00
1373,MONROE SD,BLOOMINGTON,2,,0,0,0,,,,W STATE RD 45,,,0.0,,39.14231652,-86.58140725,PRIVATE DRIVE,,URBAN,N,N,N,,DAYLIGHT,CLOUDY,DRY,,NO JUNCTION INVOLVED,,ASPHALT,FAILURE TO YIELD RIGHT OF WAY,LEFT TURN,WSTATERD45,,2022-05-03 16:48:00
1374,MONROE SD,BLOOMINGTON,2,,1,0,0,,,,HARMONY RD,ROCKPORT RD,,0.0,,39.05018286,-86.60923189,COUNTY ROAD,,RURAL,N,N,N,,DAYLIGHT,CLEAR,DRY,,T-INTERSECTION,,ASPHALT,FAILURE TO YIELD RIGHT OF WAY,RIGHT ANGLE,ROCKPORTRDHARMONYRD,,2022-05-28 15:38:00
1375,BLOOMINGTON PD,BLOOMINGTON,1,,0,0,0,,,,528 S COLLEGE AVE,,,0.0,,0.0,0.0,LOCAL/CITY ROAD,,URBAN,N,N,N,,DAYLIGHT,CLEAR,SNOW/SLUSH,,NO JUNCTION INVOLVED,,ASPHALT,OTHER (DRIVER) - EXPLAIN IN NARRATIVE,OTHER - EXPLAIN IN NARRATIVE,528SCOLLEGEAVE,,2022-01-29 08:46:00
1376,BLOOMINGTON PD,BLOOMINGTON,2,,0,0,0,,,,3800 BLK W. 3RD ST,S. LIBERTY DR,,500.0,,39.165885,-86.582241,LOCAL/CITY ROAD,,URBAN,N,N,N,,DAYLIGHT,SNOW,WET,,NO JUNCTION INVOLVED,,ASPHALT,UNSAFE LANE MOVEMENT,SAME DIRECTION SIDESWIPE,S.LIBERTYDR3800BLKW.3RDST,,2022-01-27 11:24:00
1377,MONROE SD,BLOOMINGTON,1,,0,0,0,,,,STATE RD 48,STATE ROAD 43,,2500.0,,39.1707007,-86.6809176,STATE ROAD,,RURAL,N,N,N,,DAYLIGHT,CLOUDY,DRY,,NO JUNCTION INVOLVED,,ASPHALT,FAILURE TO MAINTAIN LANE,RAN OFF ROAD,STATEROAD43STATERD48,,2022-05-07 11:50:00
1378,BLOOMINGTON PD,BLOOMINGTON,2,,0,0,0,,,,1175 S COLLEGE MALL ROAD,,,0.0,,39.15353505,-86.49601883,,,URBAN,N,N,N,,DARK (LIGHTED),CLEAR,DRY,,NO JUNCTION INVOLVED,,ASPHALT,IMPROPER TURNING,SAME DIRECTION SIDESWIPE,1175SCOLLEGEMALLROAD,,2022-02-07 19:15:00
1379,MONROE SD,ELLETTSVILLE,1,,0,0,0,,,,W TEMPERANCE ST,N MATHEWS DR,,0.0,,39.23483193,-86.62629408,LOCAL/CITY ROAD,,URBAN,N,N,N,,DARK (LIGHTED),CLEAR,DRY,,T-INTERSECTION,,ASPHALT,UNSAFE SPEED,RAN OFF ROAD,WTEMPERANCESTNMATHEWSDR,,2022-02-07 00:17:00
1380,MONROE SD,BLOOMINGTON,2,,0,0,0,,,,E RHORER RD,S NIMIT DR,,0.0,,39.121428,-86.52382,LOCAL/CITY ROAD,,URBAN,N,N,N,,DAYLIGHT,CLEAR,DRY,,NO JUNCTION INVOLVED,,ASPHALT,LEFT OF CENTER,OPPOSITE DIRECTION SIDESWIPE,SNIMITDRERHORERRD,,2022-05-06 13:23:00
1381,BLOOMINGTON PD,BLOOMINGTON,2,,0,0,0,,,,S. WALNUT ST.,E. 3RD ST,,0.0,,39.1646,-86.533637,LOCAL/CITY ROAD,,URBAN,N,N,N,,DAYLIGHT,RAIN,WET,,FOUR-WAY INTERSECTION,,ASPHALT,UNSAFE LANE MOVEMENT,LEFT TURN,S.WALNUTST.E.3RDST,,2022-04-25 08:09:00
1382,INDIANA UNIV BLOOMINGTON PD,BLOOMINGTON,1,,0,0,0,,,,N DUNN ST,,,0.0,,39.18182293,-86.52659102,LOCAL/CITY ROAD,,URBAN,N,N,N,,DARK (NOT LIGHTED),CLEAR,WET,,NO JUNCTION INVOLVED,,ASPHALT,IMPROPER TURNING,SAME DIRECTION SIDESWIPE,NDUNNST,,2022-02-10 07:00:00
1383,MONROE SD,BLOOMINGTON,1,,1,0,0,,,,SHILO RD,,,0.0,,39.27015182,-86.44991345,COUNTY ROAD,,RURAL,N,N,N,,DAWN/DUSK,RAIN,WET,,NO JUNCTION INVOLVED,,ASPHALT,SPEED TOO FAST FOR WEATHER CONDITIONS,OTHER - EXPLAIN IN NARRATIVE,SHILORD,,2022-05-14 07:47:00
1384,BLOOMINGTON PD,BLOOMINGTON,1,,0,0,0,1175,,,S. COLLEGE MALL ROAD,,,0.0,,39.153711,-86.495248,PRIVATE DRIVE,,URBAN,N,N,N,,DAYLIGHT,CLEAR,DRY,,NO JUNCTION INVOLVED,,ASPHALT,PEDESTRIAN ACTION,RIGHT ANGLE,S.COLLEGEMALLROAD,,2022-05-20 16:19:00
1385,MONROE SD,BLOOMINGTON,1,,0,0,0,,,,N THOMAS RD,,,0.0,,39.19461845,-86.63022227,LOCAL/CITY ROAD,,RURAL,N,N,N,,DAYLIGHT,CLEAR,DRY,,NO JUNCTION INVOLVED,,ASPHALT,DRIVER DISTRACTED - EXPLAIN IN NARRATIVE,RAN OFF ROAD,NTHOMASRD,,2022-03-02 10:08:00
1386,BLOOMINGTON PD,BLOOMINGTON,3,,0,0,0,,,,S JEFFERSON ST,E 3RD ST,,0.0,,39.16431285,-86.50708969,LOCAL/CITY ROAD,,URBAN,N,N,N,,DAYLIGHT,CLEAR,WET,,T-INTERSECTION,,ASPHALT,FOLLOWING TOO CLOSELY,REAR END,SJEFFERSONSTE3RDST,,2022-03-23 15:20:00
1387,BLOOMINGTON PD,,2,,0,0,0,,,,S ROGERS ST,W COUNTRY CLUB,,0.0,,39.13591885,-86.5382167,LOCAL/CITY ROAD,,URBAN,N,N,N,,DAYLIGHT,CLEAR,DRY,,FOUR-WAY INTERSECTION,,ASPHALT,FAILURE TO YIELD RIGHT OF WAY,LEFT TURN,WCOUNTRYCLUBSROGERSST,,2022-02-14 16:33:00
1388,BLOOMINGTON PD,BLOOMINGTON,3,,0,0,0,,,,N KINSER PIKE,SR 46,,0.0,,39.18644698,-86.53768104,STATE ROAD,,URBAN,N,N,N,,DAYLIGHT,CLOUDY,DRY,,FOUR-WAY INTERSECTION,,CONCRETE,FAILURE TO YIELD RIGHT OF WAY,RIGHT ANGLE,SR46NKINSERPIKE,,2022-05-03 10:40:00
1389,INDIANA UNIV BLOOMINGTON PD,BLOOMINGTON,2,,0,0,0,,,,STATE RD 45,DISCOVERY PKWY,,0.0,,39.17526015,-86.50430094,STATE ROAD,,URBAN,N,N,N,,DAYLIGHT,CLEAR,DRY,,FOUR-WAY INTERSECTION,,ASPHALT,FOLLOWING TOO CLOSELY,REAR END,STATERD45DISCOVERYPKWY,,2022-04-28 17:09:00
1390,INDIANA UNIV BLOOMINGTON PD,BLOOMINGTON,2,,0,0,0,,,,N FEE LN,N JORDAN AVE,,0.0,,39.18240177,-86.5191882,LOCAL/CITY ROAD,,URBAN,N,N,N,,DAYLIGHT,CLEAR,DRY,,NO JUNCTION INVOLVED,,ASPHALT,IMPROPER TURNING,LEFT TURN,NJORDANAVENFEELN,,2022-04-22 16:00:00
1391,BLOOMINGTON PD,BLOOMINGTON,3,,3,0,0,,,,STATE RD 45,W BLOOMFIELD RD,,0.0,,39.14664537,-86.57457448,STATE ROAD,,URBAN,N,N,N,,DAYLIGHT,CLEAR,DRY,,FOUR-WAY INTERSECTION,,ASPHALT,DISREGARD SIGNAL/REG SIGN,RIGHT ANGLE,WBLOOMFIELDRDSTATERD45,,2022-03-13 05:24:00
1392,INDIANA UNIV BLOOMINGTON PD,BLOOMINGTON,2,,0,0,0,,,,E 3RD ST,S BALLANTINE RD,,0.0,,39.16428221,-86.51914187,LOCAL/CITY ROAD,,URBAN,N,N,N,,DAYLIGHT,RAIN,WET,,T-INTERSECTION,,ASPHALT,UNSAFE LANE MOVEMENT,SAME DIRECTION SIDESWIPE,SBALLANTINERDE3RDST,,2022-04-11 16:55:00
1393,STINESVILLE PD,STINESVILLE,1,0.0,1,0,0,,,,TEXAS RIDGE,COUNTY LINE,,,,39.332802,-86.679205,COUNTY ROAD,N,RURAL,N,N,N,,DARK (NOT LIGHTED),CLEAR,DRY,,T-INTERSECTION,CURVE/LEVEL,CONCRETE,BRAKE FAILURE OR DEFECTIVE,RAN OFF ROAD,COUNTYLINERDTEXASRIDGERD,STOP SIGN,2022-08-31 21:24:00
1394,STINESVILLE PD,STINESVILLE,1,0.0,1,0,0,,,,MAIN,STINESVILLE,,,,39.15816907,-86.22068296,LOCAL/CITY ROAD,N,RURAL,N,N,N,,DAYLIGHT,CLEAR,DRY,,NO JUNCTION INVOLVED,CURVE/HILLCREST,CONCRETE,OVERCORRECTING/OVERSTEERING,RAN OFF ROAD,MAINSTSTINESVILLERD,NONE,2022-09-24 14:36:00
1395,ELLETTSVILLE PD,ELLETTSVILLE,1,0.0,0,0,0,,,,SHELLY,MCNEELY,,,,,,LOCAL/CITY ROAD,N,RURAL,N,N,N,,DAYLIGHT,CLEAR,DRY,,T-INTERSECTION,STRAIGHT/GRADE,ASPHALT,IMPROPER TURNING,RAN OFF ROAD,MCNEELYSTSHELLYDR,STOP SIGN,2022-06-17 17:23:00
1396,ELLETTSVILLE PD,ELLETTSVILLE,2,0.0,0,0,0,,,,SR46W,EDGEWOOD,,,,39.236288,-86.628336,STATE ROAD,N,URBAN,N,N,N,,DAYLIGHT,CLOUDY,DRY,,NO JUNCTION INVOLVED,STRAIGHT/GRADE,CONCRETE,UNSAFE SPEED,REAR END,EDGEWOODDRSR46W,LANE CONTROL,2022-06-12 14:53:00
1397,ELLETTSVILLE PD,ELLETTSVILLE,2,0.0,0,0,0,,,,SR46W,HARTSTRAIT,,1000.0,E,39.227624,-86.61600561,STATE ROAD,N,URBAN,N,N,N,,DAYLIGHT,CLOUDY,DRY,,NO JUNCTION INVOLVED,STRAIGHT/LEVEL,ASPHALT,FAILURE TO YIELD RIGHT OF WAY,RIGHT ANGLE,HARTSTRAITRDSR46W,OTHER REGULATORY SIGN/MARKING,2022-09-17 11:17:00
1398,ELLETTSVILLE PD,ELLETTSVILLE,2,0.0,0,0,0,,,,SR46W,HARTSTRAIT,,100.0,W,39.227624,-86.61591033,STATE ROAD,N,URBAN,Y,N,N,,DAYLIGHT,CLEAR,DRY,,NO JUNCTION INVOLVED,STRAIGHT/LEVEL,ASPHALT,FOLLOWING TOO CLOSELY,REAR END,HARTSTRAITRDSR46W,NONE,2022-09-30 13:56:00
1399,BLOOMINGTON PD,BLOOMINGTON,1,,1,0,0,,,,W 17TH ST,N WILLIS DR,,0.0,,39.17903439,-86.5441438,LOCAL/CITY ROAD,,URBAN,N,N,N,,DAYLIGHT,CLEAR,DRY,,T-INTERSECTION,,ASPHALT,FAILURE TO YIELD RIGHT OF WAY,OTHER - EXPLAIN IN NARRATIVE,W17THSTNWILLISDR,,2022-07-05 13:30:00
1400,MONROE SD,BLOOMINGTON,1,,1,0,0,,,,N KINSER PIKE,,,0.0,,39.22763742,-86.54643006,COUNTY ROAD,,RURAL,N,N,N,,DAYLIGHT,CLEAR,DRY,,NO JUNCTION INVOLVED,,ASPHALT,UNSAFE SPEED,RAN OFF ROAD,NKINSERPIKE,,2022-09-23 10:18:00
1401,BLOOMINGTON PD,BLOOMINGTON,2,,0,0,0,,,,W 3RD ST,N GATES DR,,0.0,,39.16459547,-86.57625716,LOCAL/CITY ROAD,,URBAN,N,N,N,,DAYLIGHT,CLEAR,DRY,,FOUR-WAY INTERSECTION,,ASPHALT,DRIVER DISTRACTED - EXPLAIN IN NARRATIVE,REAR END,W3RDSTNGATESDR,,2022-08-31 11:31:00
1402,BLOOMINGTON PD,BLOOMINGTON,2,,0,0,0,,,,W 3RD ST,S PATTERSON DR,,0.0,,39.1644313,-86.55198002,LOCAL/CITY ROAD,,URBAN,N,N,N,,DAYLIGHT,RAIN,WET,,FOUR-WAY INTERSECTION,,ASPHALT,FOLLOWING TOO CLOSELY,REAR END,W3RDSTSPATTERSONDR,,2022-07-27 08:52:00
1403,ISP BLOOMINGTON 33,UNIONVILLE(MONROE),1,,1,0,0,,,,STATE RD 45,N RICHARDSON RD,,250.0,,39.23982144,-86.38737494,STATE ROAD,,RURAL,N,N,N,,DARK (NOT LIGHTED),CLEAR,DRY,,NO JUNCTION INVOLVED,,ASPHALT,UNSAFE SPEED,RAN OFF ROAD,STATERD45NRICHARDSONRD,,2022-09-10 01:09:00
1404,MONROE SD,BLOOMINGTON,1,,0,0,1,,,,STATE RD 37,,,0.0,,39.03929914,-86.53586174,STATE ROAD,,RURAL,N,N,N,,DARK (NOT LIGHTED),CLEAR,DRY,,NO JUNCTION INVOLVED,,ASPHALT,ANIMAL/OBJECT IN ROADWAY,COLLISION WITH DEER,STATERD37,,2022-07-31 21:19:00
1405,BLOOMINGTON PD,BLOOMINGTON,2,,1,0,0,,,,STATE RD 46,N KINSER PIKE,,0.0,,39.18644374,-86.53795741,STATE ROAD,,URBAN,N,N,N,,DARK (NOT LIGHTED),RAIN,WET,,FOUR-WAY INTERSECTION,,ASPHALT,FAILURE TO YIELD RIGHT OF WAY,RIGHT ANGLE,STATERD46NKINSERPIKE,,2022-09-03 21:40:00
1406,BLOOMINGTON PD,BLOOMINGTON,1,,0,0,0,,,,E 3RD ST,STATE RD 446,,0.0,,39.16433186,-86.47204346,LOCAL/CITY ROAD,,URBAN,N,N,N,,DARK (NOT LIGHTED),CLEAR,DRY,,FOUR-WAY INTERSECTION,,ASPHALT,DISREGARD SIGNAL/REG SIGN,RAN OFF ROAD,STATERD446E3RDST,,2022-08-28 03:50:00
1407,MONROE SD,BLOOMINGTON,1,,1,0,1,,,,S STRAIN RIDGE RD,E CHARLES WAY,,0.0,,39.03908343,-86.5153735,LOCAL/CITY ROAD,,RURAL,N,N,N,,DAYLIGHT,RAIN,WET,,NO JUNCTION INVOLVED,,ASPHALT,ANIMAL/OBJECT IN ROADWAY,RAN OFF ROAD,SSTRAINRIDGERDECHARLESWAY,,2022-07-08 14:03:00
1408,ISP BLOOMINGTON 33,BLOOMINGTON,1,,0,0,0,,,,STATE RD 45,N MARTIN DR,,0.0,,39.2042456,-86.46326441,STATE ROAD,,RURAL,N,N,N,,DAYLIGHT,RAIN,WET,,T-INTERSECTION,,ASPHALT,SPEED TOO FAST FOR WEATHER CONDITIONS,RAN OFF ROAD,STATERD45NMARTINDR,,2022-07-08 10:30:00
1409,BLOOMINGTON PD,BLOOMINGTON,1,,0,0,0,,,,W 10TH ST,N MADISON ST,,0.0,,39.1712414,-86.53738565,LOCAL/CITY ROAD,,URBAN,N,N,N,,UNKNOWN,CLEAR,DRY,,NO JUNCTION INVOLVED,,ASPHALT,UNSAFE SPEED,RAN OFF ROAD,W10THSTNMADISONST,,2022-06-13 01:00:00
1410,BLOOMINGTON PD,BLOOMINGTON,2,,0,0,0,256,,,N JACOB DR,,,0.0,,39.1680778,-86.57324645,PRIVATE DRIVE,,URBAN,N,N,N,,DAYLIGHT,CLEAR,DRY,,NO JUNCTION INVOLVED,,ASPHALT,UNSAFE BACKING,BACKING CRASH,NJACOBDR,,2022-09-16 15:34:00
1411,BLOOMINGTON PD,BLOOMINGTON,2,,1,0,0,,,,W 3RD ST,S KIMBLE DR,,211.0,,39.16461677,-86.56842596,LOCAL/CITY ROAD,,URBAN,N,N,N,,DAYLIGHT,CLEAR,DRY,,NO JUNCTION INVOLVED,,ASPHALT,FAILURE TO YIELD RIGHT OF WAY,RIGHT ANGLE,W3RDSTSKIMBLEDR,,2022-07-13 15:41:00
1412,BLOOMINGTON PD,BLOOMINGTON,2,,0,0,0,,,,N WALNUT ST,W 10TH ST,,0.0,,39.1716783,-86.53358643,,,URBAN,N,N,N,,DAYLIGHT,CLEAR,DRY,,T-INTERSECTION,,ASPHALT,DISREGARD SIGNAL/REG SIGN,RIGHT ANGLE,W10THSTNWALNUTST,,2022-06-10 10:30:00
1413,MONROE SD,BLOOMINGTON,2,,0,0,0,,,,W ALLEN ST,W ALLEN ST,,0.0,,39.15539657,-86.55110783,PRIVATE DRIVE,,RURAL,N,N,N,,DAYLIGHT,CLEAR,DRY,,NO JUNCTION INVOLVED,,ASPHALT,IMPROPER TURNING,HEAD ON BETWEEN TWO MOTOR VEHICLES,WALLENSTWALLENST,,2022-08-25 11:52:00
1414,ELLETTSVILLE PD,ELLETTSVILLE,1,,1,0,0,,,,S SALE ST,W ASSOCIATION ST,,0.0,,39.23314911,-86.62547332,LOCAL/CITY ROAD,,URBAN,N,N,N,,DARK (LIGHTED),CLEAR,DRY,,FOUR-WAY INTERSECTION,,ASPHALT,FAILURE TO YIELD RIGHT OF WAY,LEFT TURN,WASSOCIATIONSTSSALEST,,2022-09-29 07:05:00
1415,BLOOMINGTON PD,BLOOMINGTON,2,,0,0,0,,,,E ROGERS RD,S SARE RD,,0.0,,39.13597308,-86.4966433,LOCAL/CITY ROAD,,URBAN,N,N,N,,DAWN/DUSK,CLEAR,DRY,,TRAFFIC CIRCLE/ROUNDABOUT,,ASPHALT,FAILURE TO YIELD RIGHT OF WAY,SAME DIRECTION SIDESWIPE,SSARERDEROGERSRD,,2022-08-29 18:00:00
1416,BLOOMINGTON PD,BLOOMINGTON,2,,1,0,0,,,,N COLLEGE AVE,W 11TH ST,,0.0,,39.17327591,-86.53485113,LOCAL/CITY ROAD,,URBAN,N,N,N,,DARK (LIGHTED),CLOUDY,WET,,T-INTERSECTION,,ASPHALT,DISREGARD SIGNAL/REG SIGN,RIGHT ANGLE,W11THSTNCOLLEGEAVE,,2022-07-15 23:30:00
1417,BLOOMINGTON PD,BLOOMINGTON,2,,0,0,0,,,,I 69 N RAMP,W 3RD ST,,0.0,,,,STATE ROAD,,URBAN,N,N,N,,DAYLIGHT,CLEAR,DRY,,RAMP,,ASPHALT,FOLLOWING TOO CLOSELY,REAR END,W3RDSTI69NRAMP,,2022-06-13 08:53:00
1418,DNR LAW ENFORCEMENT,BLOOMINGTON,2,,1,0,0,,,,STATE RD 446,,,0.0,,39.06446993,-86.41444392,STATE ROAD,,RURAL,N,N,N,,DAYLIGHT,CLEAR,DRY,,NO JUNCTION INVOLVED,,ASPHALT,FOLLOWING TOO CLOSELY,REAR END,STATERD446,,2022-07-14 12:10:00
1419,BLOOMINGTON PD,BLOOMINGTON,2,,0,0,0,2966,,,E 3RD ST.,,,0.0,,39.161776,-86.494241,PRIVATE DRIVE,,URBAN,N,N,N,,DAYLIGHT,CLEAR,DRY,,NO JUNCTION INVOLVED,,ASPHALT,OVERCORRECTING/OVERSTEERING,LEFT TURN,E3RDST.,,2022-08-15 20:30:00
1420,MONROE SD,,1,,0,0,0,,,,W CHURCH LN,S COLLEGE DR,,0.0,,39.10729408,-86.53584448,,,RURAL,N,N,N,,DAYLIGHT,RAIN,WET,,NO JUNCTION INVOLVED,,ASPHALT,OTHER (ENVIRONMENTAL) - EXPLAIN IN NARR,COLLISION WITH OBJECT IN ROAD,WCHURCHLNSCOLLEGEDR,,2022-06-17 09:30:00
1421,BLOOMINGTON PD,BLOOMINGTON,1,,0,0,0,,,,W BLOOMFIELD RD,S PATTERSON DR,,0.0,,39.16077702,-86.54846317,LOCAL/CITY ROAD,,URBAN,N,N,N,,DARK (LIGHTED),CLEAR,DRY,,NO JUNCTION INVOLVED,,ASPHALT,UNSAFE SPEED,RAN OFF ROAD,WBLOOMFIELDRDSPATTERSONDR,,2022-08-04 23:55:00
1422,MONROE SD,ELLETTSVILLE,2,,0,0,0,3585,,,W SR 46,,,0.0,,39.20863802,-86.58239341,,,URBAN,N,N,N,,DAYLIGHT,CLEAR,DRY,,NO JUNCTION INVOLVED,,ASPHALT,IMPROPER TURNING,SAME DIRECTION SIDESWIPE,WSR46,,2022-09-19 10:04:00
1423,BLOOMINGTON PD,BLOOMINGTON,1,,1,0,0,455,,,N COLLEGE AVE,,,0.0,,39.17020504,-86.53463695,PRIVATE DRIVE,,URBAN,N,N,N,,DAYLIGHT,CLOUDY,DRY,,NO JUNCTION INVOLVED,,CONCRETE,DRIVER DISTRACTED - EXPLAIN IN NARRATIVE,OTHER - EXPLAIN IN NARRATIVE,NCOLLEGEAVE,,2022-07-18 10:00:00
1424,INDIANA UNIV BLOOMINGTON PD,BLOOMINGTON,2,,0,0,0,,,,STATE RD 45,WALKWAY,,0.0,,39.17525716,-86.50414369,STATE ROAD,,URBAN,N,N,N,,DAYLIGHT,CLEAR,DRY,,T-INTERSECTION,,ASPHALT,FOLLOWING TOO CLOSELY,REAR END,WALKWAYSTATERD45,,2022-06-23 07:05:00
1425,MONROE SD,BLOOMINGTON,1,,0,0,1,,,,E BETHEL LN,N MYERS RD,,0.0,,39.21199206,-86.49558701,COUNTY ROAD,,RURAL,N,N,N,,DARK (NOT LIGHTED),CLOUDY,DRY,,NO JUNCTION INVOLVED,,ASPHALT,ANIMAL/OBJECT IN ROADWAY,COLLISION WITH DEER,NMYERSRDEBETHELLN,,2022-08-21 02:40:00
1426,BLOOMINGTON PD,BLOOMINGTON,2,,0,0,0,414,,,E VARSITY LN,,,0.0,,39.18242034,-86.52988064,PRIVATE DRIVE,,URBAN,N,N,N,,UNKNOWN,CLEAR,DRY,,NO JUNCTION INVOLVED,,ASPHALT,FAILURE TO YIELD RIGHT OF WAY,OTHER - EXPLAIN IN NARRATIVE,EVARSITYLN,,2022-07-20 19:29:00
1427,BLOOMINGTON PD,BLOOMINGTON,2,,0,0,0,1717,,,S. WALNUT STREET,,,0.0,,39.14787656,-86.5324331,PRIVATE DRIVE,,URBAN,N,N,N,,DAYLIGHT,CLEAR,DRY,,NO JUNCTION INVOLVED,,ASPHALT,UNSAFE BACKING,BACKING CRASH,S.WALNUTSTREET,,2022-08-17 13:54:00
1428,MONROE SD,BLOOMINGTON,2,,0,0,0,4025,,,SOUTH OLD ST RD 37,,,0.0,,39.120322,-86.529233,PRIVATE DRIVE,,RURAL,N,N,N,,DAYLIGHT,CLEAR,DRY,,NO JUNCTION INVOLVED,,ASPHALT,UNSAFE BACKING,REAR TO REAR,SOUTHOLDSTRD37,,2022-09-26 12:33:00
1429,BLOOMINGTON PD,BLOOMINGTON,1,,0,0,0,,,,S GRAYWELL DR,E WHITLEY DR,,0.0,,39.15847703,-86.47546218,LOCAL/CITY ROAD,,URBAN,N,N,N,,DARK (LIGHTED),CLEAR,DRY,,NO JUNCTION INVOLVED,,ASPHALT,OTHER (DRIVER) - EXPLAIN IN NARRATIVE,RAN OFF ROAD,SGRAYWELLDREWHITLEYDR,,2022-07-06 21:45:00
1430,INDIANA UNIV BLOOMINGTON PD,BLOOMINGTON,1,,0,0,0,926,,,S HIGHLAND AVE,,,0.0,,39.1563072,-86.51801006,LOCAL/CITY ROAD,,URBAN,N,N,N,,DAYLIGHT,CLEAR,DRY,,NO JUNCTION INVOLVED,,ASPHALT,UNSAFE SPEED,RAN OFF ROAD,SHIGHLANDAVE,,2022-07-04 16:12:00