_id,Agency,City,Vehicles Involved,Trailers Involved,Number Injured,Number Dead,Number Deer,House Number,Roadway Interchange,Roadway Ramp,Roadway Id,Intersecting Road,Interchange,Feet From,Direction,Latitude,Longitude,Roadway Class,Hit and Run?,Locality,School Zone?,Rumble Strips?,Construction?,Construction Type,Light Condition,Weather Conditions,Surface Condition,Type of Median,Roadway Junction Type,Road Character,Roadway Surface,Primary Factor,Manner of Collision,Unique Location Id,Traffic Control,DateTime
1431,MONROE SD,BLOOMINGTON,2,,0,0,0,,,,E 3RD ST,S SMITH RD,,0.0,,39.16425423,-86.48124165,LOCAL/CITY ROAD,,URBAN,N,N,N,,DAYLIGHT,CLEAR,DRY,,T-INTERSECTION,,ASPHALT,DRIVER DISTRACTED - EXPLAIN IN NARRATIVE,REAR END,SSMITHRDE3RDST,,2022-08-12 01:01:00
1432,BLOOMINGTON PD,BLOOMINGTON,2,,0,0,0,,,,E STATE RD 45/46,N DUNN ST,,0.0,,39.18623302,-86.52842848,STATE ROAD,,URBAN,N,N,N,,DAYLIGHT,CLEAR,DRY,,FOUR-WAY INTERSECTION,,ASPHALT,BRAKE FAILURE OR DEFECTIVE,REAR END,NDUNNSTESTATERD45/46,,2022-06-21 16:25:00
1433,BLOOMINGTON PD,BLOOMINGTON,2,,0,0,0,,,,W GRIMES ST,S WALNUT ST,,0.0,,39.153344,-86.533757,LOCAL/CITY ROAD,,URBAN,N,N,N,,DAYLIGHT,CLEAR,DRY,,NO JUNCTION INVOLVED,,ASPHALT,FOLLOWING TOO CLOSELY,REAR END,WGRIMESSTSWALNUTST,,2022-06-07 16:48:00
1434,BLOOMINGTON PD,BLOOMINGTON,2,,1,0,0,,,,W STATE RD 45,S LIBERTY DR,,0.0,,39.14509473,-86.57779307,LOCAL/CITY ROAD,,URBAN,N,N,N,,DAYLIGHT,CLEAR,DRY,,FOUR-WAY INTERSECTION,,ASPHALT,FAILURE TO YIELD RIGHT OF WAY,RIGHT ANGLE,WSTATERD45SLIBERTYDR,,2022-06-05 18:20:00
1435,BLOOMINGTON PD,BLOOMINGTON,2,,0,0,0,,,,S WALNUT ST,E HILLSIDE DR,,0.0,,39.15039704,-86.53361983,LOCAL/CITY ROAD,,URBAN,N,N,N,,DAYLIGHT,CLEAR,DRY,,FOUR-WAY INTERSECTION,,ASPHALT,FOLLOWING TOO CLOSELY,REAR END,SWALNUTSTEHILLSIDEDR,,2022-09-16 15:25:00
1436,ISP BLOOMINGTON 33,BLOOMINGTON,2,,0,0,0,,,,S OLD STATE ROAD 37,W GORDON PIKE,,370.0,,39.12206356,-86.53140969,LOCAL/CITY ROAD,,URBAN,N,N,N,,DAYLIGHT,CLEAR,DRY,,FOUR-WAY INTERSECTION,,ASPHALT,FAILURE TO YIELD RIGHT OF WAY,RIGHT ANGLE,WGORDONPIKESOLDSTATEROAD37,,2022-06-15 01:50:00
1437,BLOOMINGTON PD,BLOOMINGTON,2,,0,0,0,,,,S COLLEGE MALL RD,E 3 RD ST,,700.0,,39.16244279,-86.49800531,LOCAL/CITY ROAD,,URBAN,N,N,N,,DAYLIGHT,CLEAR,DRY,,NO JUNCTION INVOLVED,,ASPHALT,FOLLOWING TOO CLOSELY,REAR END,SCOLLEGEMALLRDE3RDST,,2022-09-02 14:53:00
1438,MONROE SD,BLOOMINGTON,2,,2,0,0,,,,S ROGERS ST,W THAT RD,,0.0,,39.11460299,-86.5398071,LOCAL/CITY ROAD,,RURAL,N,N,N,,DAYLIGHT,CLEAR,DRY,,T-INTERSECTION,,ASPHALT,FAILURE TO YIELD RIGHT OF WAY,OTHER - EXPLAIN IN NARRATIVE,WTHATRDSROGERSST,,2022-06-03 20:21:00
1439,INDIANA UNIV BLOOMINGTON PD,BLOOMINGTON,2,,0,0,0,900,,,E 7TH ST,,,0.0,,39.16797249,-86.52309752,PRIVATE DRIVE,,URBAN,N,N,N,,DAWN/DUSK,CLEAR,DRY,,NO JUNCTION INVOLVED,,ASPHALT,UNSAFE BACKING,BACKING CRASH,E7THST,,2022-08-23 06:35:00
1440,BLOOMINGTON PD,BLOOMINGTON,2,,1,0,0,,,,W 3RD ST,S CURRY PIKE,,0.0,,39.16462738,-86.58303084,LOCAL/CITY ROAD,,URBAN,N,N,N,,DAYLIGHT,CLEAR,DRY,,FOUR-WAY INTERSECTION,,ASPHALT,FOLLOWING TOO CLOSELY,REAR END,W3RDSTSCURRYPIKE,,2022-06-09 17:15:00
1441,BLOOMINGTON PD,BLOOMINGTON,2,,0,0,0,,,,W BLOOMFIELD RD,S OAKDALE DR,,0.0,,39.14975879,-86.56884583,LOCAL/CITY ROAD,,URBAN,N,N,N,,DAYLIGHT,RAIN,WET,,FOUR-WAY INTERSECTION,,ASPHALT,BRAKE FAILURE OR DEFECTIVE,REAR END,WBLOOMFIELDRDSOAKDALEDR,,2022-08-09 16:27:00
1442,BLOOMINGTON PD,BLOOMINGTON,2,,0,0,0,2966,,,E 3RD ST,,,0.0,,39.16539172,-86.49224977,PRIVATE DRIVE,,URBAN,N,N,N,,DAYLIGHT,CLEAR,DRY,,FOUR-WAY INTERSECTION,,ASPHALT,FAILURE TO YIELD RIGHT OF WAY,REAR TO REAR,E3RDST,,2022-06-04 16:58:00
1443,BLOOMINGTON PD,BLOOMINGTON,3,,0,0,0,,,,S LEONARD SPRINGS RD,W TAPP RD,,0.0,,39.13685024,-86.58260411,,,URBAN,N,N,N,,DAYLIGHT,CLEAR,DRY,,T-INTERSECTION,,ASPHALT,UNSAFE SPEED,REAR END,WTAPPRDSLEONARDSPRINGSRD,,2022-09-28 18:15:00
1444,INDIANA UNIV BLOOMINGTON PD,BLOOMINGTON,2,,0,0,0,1320,,,EAST 10TH STREET,,,0.0,,39.17031814,-86.51651806,PRIVATE DRIVE,,URBAN,N,N,N,,DAYLIGHT,CLEAR,DRY,,NO JUNCTION INVOLVED,,ASPHALT,UNSAFE BACKING,BACKING CRASH,EAST10THSTREET,,2022-09-20 17:45:00
1445,MONROE SD,BLOOMINGTON,2,,0,0,0,,,,S ROGERS,THAT ROAD,,0.0,,,,LOCAL/CITY ROAD,,RURAL,N,N,N,,DAYLIGHT,CLEAR,DRY,,T-INTERSECTION,,ASPHALT,FAILURE TO YIELD RIGHT OF WAY,RIGHT ANGLE,THATROADSROGERS,,2022-07-24 14:30:00
1446,BLOOMINGTON PD,BLOOMINGTON,2,,0,0,0,1918,,,W 3RD ST,,,0.0,,39.16444832,-86.56014866,PRIVATE DRIVE,,URBAN,N,N,N,,DAYLIGHT,CLEAR,DRY,,NO JUNCTION INVOLVED,,ASPHALT,IMPROPER TURNING,OPPOSITE DIRECTION SIDESWIPE,W3RDST,,2022-08-27 12:10:00
1447,BLOOMINGTON PD,BLOOMINGTON,2,,0,0,0,,,,E 1ST ST,S HENDERSON ST,,200.0,,39.15934152,-86.5280362,LOCAL/CITY ROAD,,URBAN,N,N,N,,DARK (LIGHTED),CLEAR,DRY,,NO JUNCTION INVOLVED,,ASPHALT,OTHER (DRIVER) - EXPLAIN IN NARRATIVE,SAME DIRECTION SIDESWIPE,SHENDERSONSTE1STST,,2022-08-27 00:00:00
1448,BLOOMINGTON PD,BLOOMINGTON,2,,0,0,0,,,,W 10TH ST,N COLLEGE AVE,,0.0,,39.17166281,-86.53488429,,,URBAN,N,N,N,,DAYLIGHT,CLEAR,DRY,,NO JUNCTION INVOLVED,,ASPHALT,UNSAFE LANE MOVEMENT,SAME DIRECTION SIDESWIPE,W10THSTNCOLLEGEAVE,,2022-08-18 14:14:00
1449,ISP BLOOMINGTON 33,STINESVILLE,1,,0,0,0,,,,STATE RD 46,,,0.0,,39.26313864,-86.66174156,STATE ROAD,,RURAL,N,N,N,,DAYLIGHT,CLEAR,DRY,,NO JUNCTION INVOLVED,,ASPHALT,TIRE FAILURE OR DEFECTIVE,RAN OFF ROAD,STATERD46,,2022-06-29 17:45:00
1450,BLOOMINGTON PD,BLOOMINGTON,2,,0,0,0,,,,N COLLEGE AVE,W 7TH ST,,0.0,,39.16858242,-86.53486754,LOCAL/CITY ROAD,,URBAN,N,N,N,,DAYLIGHT,CLEAR,DRY,,FOUR-WAY INTERSECTION,,ASPHALT,IMPROPER LANE USAGE,SAME DIRECTION SIDESWIPE,W7THSTNCOLLEGEAVE,,2022-08-19 16:07:00
1451,BLOOMINGTON PD,BLOOMINGTON,2,,1,0,0,,,,W 3RD ST,STATE RD 37,,0.0,,39.16454052,-86.57382614,LOCAL/CITY ROAD,,URBAN,N,N,N,,DARK (LIGHTED),CLEAR,DRY,,FOUR-WAY INTERSECTION,,ASPHALT,FAILURE TO YIELD RIGHT OF WAY,RIGHT ANGLE,W3RDSTSTATERD37,,2022-09-28 06:40:00
1452,INDIANA UNIV BLOOMINGTON PD,BLOOMINGTON,2,,0,0,0,,,,N JORDAN AVE,E 17TH ST,,0.0,,39.17971443,-86.51092874,LOCAL/CITY ROAD,,URBAN,N,N,N,,UNKNOWN,CLEAR,DRY,,NO JUNCTION INVOLVED,,ASPHALT,UNSAFE LANE MOVEMENT,SAME DIRECTION SIDESWIPE,NJORDANAVEE17THST,,2022-09-01 18:00:00
1453,BLOOMINGTON PD,BLOOMINGTON,2,,0,0,0,,,,S PETE ELLIS DR,S PETE ELLIS DR,,0.0,,39.16689222,-86.49496576,LOCAL/CITY ROAD,,URBAN,N,N,N,,DARK (LIGHTED),CLEAR,DRY,,FOUR-WAY INTERSECTION,,ASPHALT,FAILURE TO YIELD RIGHT OF WAY,RIGHT ANGLE,SPETEELLISDRSPETEELLISDR,,2022-09-24 23:25:00
1454,BLOOMINGTON PD,BLOOMINGTON,2,,0,0,0,,,,W 6TH ST,N WALNUT ST,,0.0,,39.16760906,-86.53395903,LOCAL/CITY ROAD,,URBAN,N,N,N,,DARK (LIGHTED),CLEAR,DRY,,FOUR-WAY INTERSECTION,,ASPHALT,OTHER (DRIVER) - EXPLAIN IN NARRATIVE,OTHER - EXPLAIN IN NARRATIVE,W6THSTNWALNUTST,,2022-06-19 01:00:00
1455,BLOOMINGTON PD,BLOOMINGTON,2,,0,0,0,,,,W. 6TH ST,N. COLLEGE AVE,,300.0,,,,LOCAL/CITY ROAD,,URBAN,N,N,N,,DAYLIGHT,CLOUDY,DRY,,NO JUNCTION INVOLVED,,ASPHALT,UNSAFE BACKING,BACKING CRASH,W.6THSTN.COLLEGEAVE,,2022-08-01 14:28:00
1456,MONROE SD,BLOOMINGTON,1,,0,0,0,,,,STATE RD 37,,,0.0,,39.06650404,-86.53608864,STATE ROAD,,RURAL,N,Y,N,,DAYLIGHT,CLEAR,DRY,,NO JUNCTION INVOLVED,,ASPHALT,DRIVER ASLEEP OR FATIGUED,RAN OFF ROAD,STATERD37,,2022-07-06 15:36:00
1457,ISP BLOOMINGTON 33,BLOOMINGTON,2,,1,0,0,,,,FAIRFAX ROAD,WALNUT STREET PIKE,,0.0,,39.10718295,-86.52649159,LOCAL/CITY ROAD,,URBAN,N,N,N,,DAYLIGHT,RAIN,WET,,T-INTERSECTION,,ASPHALT,SPEED TOO FAST FOR WEATHER CONDITIONS,REAR END,WALNUTSTREETPIKEFAIRFAXROAD,,2022-06-08 12:30:00
1458,BLOOMINGTON PD,BLOOMINGTON,2,,0,0,0,400,,,E 3RD ST,,,0.0,,39.16422019,-86.52950108,PRIVATE DRIVE,,URBAN,N,N,N,,DAYLIGHT,CLEAR,DRY,,NO JUNCTION INVOLVED,,ASPHALT,UNSAFE BACKING,BACKING CRASH,E3RDST,,2022-08-10 12:25:00
1459,MONROE SD,BLOOMINGTON,1,,0,0,1,,,,S OLD STATE ROAD 37,S ORCHARD LN,,0.0,,39.11873466,-86.53126139,COUNTY ROAD,,URBAN,N,N,N,,DAYLIGHT,CLEAR,DRY,,NO JUNCTION INVOLVED,,ASPHALT,ANIMAL/OBJECT IN ROADWAY,COLLISION WITH DEER,SORCHARDLNSOLDSTATEROAD37,,2022-09-06 07:57:00
1460,BLOOMINGTON PD,BLOOMINGTON,2,,0,0,0,,,,N WALNUT ST,STATE RD 46,,0.0,,39.18623008,-86.53462572,STATE ROAD,,URBAN,N,N,N,,DARK (LIGHTED),CLEAR,DRY,,FOUR-WAY INTERSECTION,,ASPHALT,DISREGARD SIGNAL/REG SIGN,RIGHT ANGLE,STATERD46NWALNUTST,,2022-07-15 21:30:00
1461,BLOOMINGTON PD,BLOOMINGTON,2,,1,0,0,,,,E COVENANTER DR,S HIGH ST,,0.0,,39.15364264,-86.50845203,LOCAL/CITY ROAD,,URBAN,N,N,N,,DAYLIGHT,CLEAR,DRY,,FOUR-WAY INTERSECTION,,ASPHALT,FAILURE TO MAINTAIN LANE,OPPOSITE DIRECTION SIDESWIPE,SHIGHSTECOVENANTERDR,,2022-09-08 17:09:00
1462,BLOOMINGTON PD,BLOOMINGTON,2,,2,0,0,,,,W. 3RD ST,I69 OVERPASS,,0.0,,,,LOCAL/CITY ROAD,,URBAN,N,N,N,,DAYLIGHT,CLEAR,DRY,,FOUR-WAY INTERSECTION,,CONCRETE,FOLLOWING TOO CLOSELY,REAR END,W.3RDSTI69OVERPASS,,2022-06-22 11:31:00
1463,BLOOMINGTON PD,BLOOMINGTON,1,,1,0,0,,,,W CHEROKEE DR,S ROGERS ST,,0.0,,39.14696886,-86.53906801,,,URBAN,N,N,N,,DAYLIGHT,CLOUDY,DRY,,NO JUNCTION INVOLVED,,ASPHALT,OVERCORRECTING/OVERSTEERING,RAN OFF ROAD,WCHEROKEEDRSROGERSST,,2022-08-02 12:53:00
1464,MONROE SD,BLOOMINGTON,1,,1,0,0,5006,,,S ROGERS ST,,,0.0,,39.11133948,-86.54034256,PRIVATE DRIVE,,RURAL,N,N,N,,DAYLIGHT,CLEAR,DRY,,NO JUNCTION INVOLVED,,ASPHALT,PEDESTRIAN ACTION,OPPOSITE DIRECTION SIDESWIPE,SROGERSST,,2022-08-19 17:39:00
1465,BLOOMINGTON PD,BLOOMINGTON,1,,0,0,0,2304,,,N HEADLEY RD,,,0.0,,39.18716675,-86.51437725,LOCAL/CITY ROAD,,URBAN,N,N,N,,DARK (NOT LIGHTED),RAIN,MUDDY,,NO JUNCTION INVOLVED,,OTHER - EXPLAIN IN NARRATIVE,UNSAFE BACKING,BACKING CRASH,NHEADLEYRD,,2022-09-11 03:00:00
1466,INDIANA UNIV BLOOMINGTON PD,BLOOMINGTON,2,,2,0,0,,,,E 10TH ST,N FEE LN,,0.0,,39.17158867,-86.51884086,LOCAL/CITY ROAD,,URBAN,N,N,N,,DAYLIGHT,CLEAR,DRY,,T-INTERSECTION,,ASPHALT,FOLLOWING TOO CLOSELY,REAR END,NFEELNE10THST,,2022-09-13 19:37:00
1467,MONROE SD,BLOOMINGTON,2,,0,0,0,4025,,,S OLD STATE ROAD 37,,,0.0,,39.12022964,-86.52988051,,,URBAN,N,N,N,,DAYLIGHT,CLOUDY,DRY,,NO JUNCTION INVOLVED,,ASPHALT,UNSAFE BACKING,SAME DIRECTION SIDESWIPE,SOLDSTATEROAD37,,2022-08-04 11:37:00
1468,BLOOMINGTON PD,BLOOMINGTON,1,,0,0,1,,,,S OLD STATE ROAD 37,E BURKS DR,,300.0,,39.1284044,-86.53136543,LOCAL/CITY ROAD,,URBAN,N,N,N,,DAYLIGHT,CLOUDY,DRY,,NO JUNCTION INVOLVED,,ASPHALT,ANIMAL/OBJECT IN ROADWAY,COLLISION WITH DEER,SOLDSTATEROAD37EBURKSDR,,2022-07-29 10:15:00
1469,BLOOMINGTON PD,BLOOMINGTON,2,,0,0,0,,,,N PINE ST,W 6TH ST,,0.0,,39.16747383,-86.54843907,LOCAL/CITY ROAD,,URBAN,N,N,N,,DAYLIGHT,CLEAR,DRY,,FOUR-WAY INTERSECTION,,ASPHALT,OTHER (DRIVER) - EXPLAIN IN NARRATIVE,SAME DIRECTION SIDESWIPE,W6THSTNPINEST,,2022-09-23 15:32:00
1470,MONROE SD,BLOOMINGTON,1,,0,0,0,,,,W GIFFORD RD,S CAVE RD,,250.0,,39.151452,-86.628903,COUNTY ROAD,,RURAL,N,N,N,,DAYLIGHT,CLEAR,DRY,,NO JUNCTION INVOLVED,,ASPHALT,ROADWAY SURFACE CONDITION,OTHER - EXPLAIN IN NARRATIVE,WGIFFORDRDSCAVERD,,2022-08-27 10:42:00
1471,BLOOMINGTON PD,BLOOMINGTON,1,,1,0,0,1516,,,W ARLINGTON RD,,,0.0,,39.18020842,-86.54864468,LOCAL/CITY ROAD,,RURAL,N,N,N,,DAYLIGHT,CLEAR,DRY,,NO JUNCTION INVOLVED,,CONCRETE,OVERCORRECTING/OVERSTEERING,RAN OFF ROAD,WARLINGTONRD,,2022-09-19 16:00:00
1472,MONROE SD,BLOOMINGTON,2,,0,0,0,,,,I-69,MM 128,,0.0,,39.29100379,-86.51812967,INTERSTATE,,RURAL,N,Y,N,,DAYLIGHT,CLEAR,DRY,,NO JUNCTION INVOLVED,,ASPHALT,LEFT OF CENTER,SAME DIRECTION SIDESWIPE,MM128I-69,,2022-06-24 18:01:00
1473,BLOOMINGTON PD,BLOOMINGTON,2,,0,0,0,,,,E. 10TH ST,E. JOHN HINKLE PLACE,,0.0,,,,LOCAL/CITY ROAD,,URBAN,N,N,N,,DAYLIGHT,CLEAR,DRY,,FOUR-WAY INTERSECTION,,ASPHALT,FOLLOWING TOO CLOSELY,REAR END,E.JOHNHINKLEPLACEE.10THST,,2022-09-07 09:14:00
1474,MONROE SD,BLOOMINGTON,1,,0,0,0,,,,W BLOOMFIELD RD,S ANNA LEE LN,,250.0,,39.15828962,-86.55704088,LOCAL/CITY ROAD,,URBAN,N,N,N,,DARK (LIGHTED),CLEAR,DRY,,NO JUNCTION INVOLVED,,ASPHALT,ANIMAL/OBJECT IN ROADWAY,RAN OFF ROAD,WBLOOMFIELDRDSANNALEELN,,2022-06-04 02:21:00
1475,BLOOMINGTON PD,BLOOMINGTON,2,,0,0,0,,,,S LIBERTY DR,W CONSTITUTION WAY,,0.0,,39.15121037,-86.57708991,LOCAL/CITY ROAD,,URBAN,N,N,N,,DAYLIGHT,CLEAR,DRY,,T-INTERSECTION,,ASPHALT,FOLLOWING TOO CLOSELY,REAR END,WCONSTITUTIONWAYSLIBERTYDR,,2022-09-29 13:29:00
1476,MONROE SD,BLOOMINGTON,2,,0,0,0,,,,N CURRY PIKE,STATE RD 46,,158.0,,39.19357076,-86.57172865,LOCAL/CITY ROAD,,URBAN,N,N,Y,LANE CLOSURE,DAYLIGHT,CLEAR,DRY,,NO JUNCTION INVOLVED,,ASPHALT,UNSAFE LANE MOVEMENT,OTHER - EXPLAIN IN NARRATIVE,STATERD46NCURRYPIKE,,2022-06-22 09:45:00
1477,INDIANA UNIV BLOOMINGTON PD,BLOOMINGTON,2,,0,0,0,,,,E 3RD ST,S HAWTHORNE DR,,211.0,,39.16426787,-86.52054885,LOCAL/CITY ROAD,,URBAN,N,N,N,,DAYLIGHT,CLEAR,DRY,,NO JUNCTION INVOLVED,,ASPHALT,UNSAFE LANE MOVEMENT,SAME DIRECTION SIDESWIPE,SHAWTHORNEDRE3RDST,,2022-09-30 13:25:00
1478,MONROE SD,BLOOMINGTON,2,,0,0,0,,,,S LEONARD SPRINGS RD,W STATE RD 45,,0.0,,39.14195717,-86.58260769,LOCAL/CITY ROAD,,URBAN,N,N,B,,DAYLIGHT,CLEAR,DRY,,FOUR-WAY INTERSECTION,,ASPHALT,DISREGARD SIGNAL/REG SIGN,OPPOSITE DIRECTION SIDESWIPE,WSTATERD45SLEONARDSPRINGSRD,,2022-06-29 04:50:00
1479,BLOOMINGTON PD,BLOOMINGTON,2,,1,0,0,,,,E. HILLSIDE DR,S. HIGH ST,,0.0,,39.150445,-86.508421,LOCAL/CITY ROAD,,URBAN,N,N,N,,DAYLIGHT,CLEAR,DRY,,FOUR-WAY INTERSECTION,,ASPHALT,FOLLOWING TOO CLOSELY,REAR END,S.HIGHSTE.HILLSIDEDR,,2022-09-21 11:56:00
1480,BLOOMINGTON PD,BLOOMINGTON,2,,0,0,0,,,,STATE RD 45/46 BYPASS,N MONROE ST,,500.0,,39.1869459,-86.54792755,LOCAL/CITY ROAD,,URBAN,N,N,N,,DAYLIGHT,CLEAR,DRY,,NO JUNCTION INVOLVED,,ASPHALT,IMPROPER PASSING,SAME DIRECTION SIDESWIPE,STATERD45/46BYPASSNMONROEST,,2022-08-17 18:40:00
1481,MONROE SD,BLOOMINGTON,1,,1,0,0,,,,S DUNLAP RD,S DUNLAP RD,,0.0,,39.1078766,-86.61966112,,,RURAL,N,N,N,,DAYLIGHT,CLEAR,DRY,,T-INTERSECTION,,ASPHALT,UNSAFE SPEED,RAN OFF ROAD,SDUNLAPRDSDUNLAPRD,,2022-09-08 03:31:00
1482,INDIANA UNIV BLOOMINGTON PD,BLOOMINGTON,3,,0,0,0,,,,E 10TH ST,E IN-46,,0.0,,39.17180957,-86.5023151,STATE ROAD,,RURAL,N,N,N,,DAYLIGHT,RAIN,WET,,FOUR-WAY INTERSECTION,,ASPHALT,SPEED TOO FAST FOR WEATHER CONDITIONS,SAME DIRECTION SIDESWIPE,EIN-46E10THST,,2022-08-09 17:15:00
1483,BLOOMINGTON PD,BLOOMINGTON,1,,0,0,0,,,,STATE RD 46,,,0.0,,39.1656461,-86.49778251,PRIVATE DRIVE,,URBAN,N,N,N,,DAYLIGHT,CLOUDY,DRY,,NO JUNCTION INVOLVED,,ASPHALT,IMPROPER TURNING,SAME DIRECTION SIDESWIPE,STATERD46,,2022-08-15 14:00:00
1484,MONROE SD,BLOOMINGTON,2,,0,0,0,,,,S ROGERS ST,W THAT RD,,0.0,,39.11460792,-86.53978891,LOCAL/CITY ROAD,,RURAL,N,N,N,,DAYLIGHT,CLEAR,DRY,,T-INTERSECTION,,ASPHALT,UNSAFE BACKING,BACKING CRASH,WTHATRDSROGERSST,,2022-09-30 12:49:00
1485,BLOOMINGTON PD,BLOOMINGTON,2,,0,0,0,,,,3939 W 3RD ST,,,0.0,,39.16452318,-86.58224649,PRIVATE DRIVE,,URBAN,N,N,N,,DAYLIGHT,RAIN,WET,,NO JUNCTION INVOLVED,,CONCRETE,UNSAFE BACKING,BACKING CRASH,3939W3RDST,,2022-06-06 18:50:00
1486,BLOOMINGTON PD,BLOOMINGTON,2,,0,0,0,,,,E 3RD ST,S PETE ELLIS DR,,0.0,,39.16422927,-86.49497456,LOCAL/CITY ROAD,,URBAN,N,N,N,,DAYLIGHT,CLEAR,DRY,,T-INTERSECTION,,ASPHALT,FOLLOWING TOO CLOSELY,REAR END,SPETEELLISDRE3RDST,,2022-07-18 17:10:00
1487,MONROE SD,BLOOMINGTON,3,,0,0,0,3585,,,W STATE RD 45,,,0.0,,39.14238501,-86.58008732,PRIVATE DRIVE,,RURAL,N,N,N,,DAYLIGHT,CLEAR,DRY,,NO JUNCTION INVOLVED,,ASPHALT,FAILURE TO YIELD RIGHT OF WAY,OTHER - EXPLAIN IN NARRATIVE,WSTATERD45,,2022-08-03 14:30:00
1488,INDIANA UNIV BLOOMINGTON PD,BLOOMINGTON,2,,0,0,0,,,,E 3RD ST,S WOODLAWN AVE,,0.0,,39.16424591,-86.52253694,LOCAL/CITY ROAD,,URBAN,N,N,N,,DAYLIGHT,CLEAR,DRY,,T-INTERSECTION,,ASPHALT,IMPROPER LANE USAGE,LEFT TURN,SWOODLAWNAVEE3RDST,,2022-09-25 18:10:00
1489,BLOOMINGTON PD,BLOOMINGTON,2,,0,0,0,820,,,S CLARIZZ BLVD,,,0.0,,39.1575617,-86.49181693,PRIVATE DRIVE,,URBAN,N,N,N,,UNKNOWN,CLEAR,DRY,,NO JUNCTION INVOLVED,,ASPHALT,OTHER (DRIVER) - EXPLAIN IN NARRATIVE,OTHER - EXPLAIN IN NARRATIVE,SCLARIZZBLVD,,2022-09-25 13:27:00
1490,BLOOMINGTON PD,BLOOMINGTON,2,,0,0,0,,,,S WALNUT ST,4TH ST,,0.0,,39.15290332,-86.53365333,LOCAL/CITY ROAD,,URBAN,N,N,N,,DAYLIGHT,CLOUDY,DRY,,FOUR-WAY INTERSECTION,,ASPHALT,IMPROPER TURNING,LEFT TURN,SWALNUTST4THST,,2022-08-21 12:08:00
1491,BLOOMINGTON PD,BLOOMINGTON,2,,0,0,0,,,,E 10TH ST,N WASHINGTON ST,,0.0,,39.1716896,-86.53239923,LOCAL/CITY ROAD,,URBAN,N,N,N,,DAYLIGHT,CLEAR,DRY,,FOUR-WAY INTERSECTION,,ASPHALT,FAILURE TO YIELD RIGHT OF WAY,RIGHT ANGLE,NWASHINGTONSTE10THST,,2022-08-16 17:23:00
1492,BLOOMINGTON PD,BLOOMINGTON,2,,0,0,0,2650,,,S WALNUT ST,,,0.0,,39.13458984,-86.53198292,PRIVATE DRIVE,,URBAN,N,N,N,,DAYLIGHT,CLEAR,DRY,,NO JUNCTION INVOLVED,,ASPHALT,UNSAFE BACKING,BACKING CRASH,SWALNUTST,,2022-07-20 17:33:00
1493,BLOOMINGTON PD,BLOOMINGTON,1,,0,0,0,,,,W 4TH ST,S ROGERS ST,,0.0,,39.16563282,-86.5387271,LOCAL/CITY ROAD,,URBAN,N,N,N,,DAYLIGHT,CLEAR,DRY,,FOUR-WAY INTERSECTION,,ASPHALT,DISREGARD SIGNAL/REG SIGN,LEFT TURN,W4THSTSROGERSST,,2022-09-20 09:12:00
1494,BLOOMINGTON PD,BLOOMINGTON,2,,1,0,0,,,,E CREEKS EDGE DR,S SARE RD,,0.0,,,,LOCAL/CITY ROAD,,RURAL,N,N,N,,DAYLIGHT,CLEAR,DRY,,NO JUNCTION INVOLVED,,ASPHALT,FAILURE TO MAINTAIN LANE,HEAD ON BETWEEN TWO MOTOR VEHICLES,SSARERDECREEKSEDGEDR,,2022-07-22 16:08:00
1495,BLOOMINGTON PD,BLOOMINGTON,2,,0,0,0,,,,S COLLEGE AVE,W 1ST ST,,0.0,,39.15937613,-86.53498959,LOCAL/CITY ROAD,,URBAN,N,N,N,,DAYLIGHT,CLEAR,DRY,,FOUR-WAY INTERSECTION,,ASPHALT,FAILURE TO YIELD RIGHT OF WAY,SAME DIRECTION SIDESWIPE,W1STSTSCOLLEGEAVE,,2022-06-23 17:23:00
1496,BLOOMINGTON PD,BLOOMINGTON,1,,1,0,0,,,,W. BLOOMFIELD RD,,,0.0,,,,PRIVATE DRIVE,,URBAN,N,N,N,,DAYLIGHT,CLEAR,DRY,,NO JUNCTION INVOLVED,,ASPHALT,DRIVER ASLEEP OR FATIGUED,RAN OFF ROAD,W.BLOOMFIELDRD,,2022-07-02 07:40:00
1497,MONROE SD,BLOOMINGTON,2,,0,0,0,,,,W STATE RD 45,,,0.0,,39.14330655,-86.57939895,PRIVATE DRIVE,,RURAL,N,N,N,,DAYLIGHT,CLEAR,DRY,,T-INTERSECTION,,ASPHALT,FAILURE TO YIELD RIGHT OF WAY,RIGHT ANGLE,WSTATERD45,,2022-07-01 19:42:00
1498,MONROE SD,BLOOMINGTON,4,,2,0,0,,,,W STATE RD 45,BUNGER RD,,0.0,,39.13104733,-86.60179085,STATE ROAD,,RURAL,N,N,N,,DAYLIGHT,CLEAR,DRY,,T-INTERSECTION,,ASPHALT,OTHER (DRIVER) - EXPLAIN IN NARRATIVE,REAR END,WSTATERD45BUNGERRD,,2022-08-11 08:05:00
1499,BLOOMINGTON PD,BLOOMINGTON,2,,0,0,0,,,,STATE RD 45,S LIBERTY DR,,300.0,,39.14590932,-86.57623789,STATE ROAD,,URBAN,N,N,N,,DAYLIGHT,CLEAR,DRY,,NO JUNCTION INVOLVED,,ASPHALT,FAILURE TO YIELD RIGHT OF WAY,SAME DIRECTION SIDESWIPE,STATERD45SLIBERTYDR,,2022-08-26 14:36:00