_id,Agency,City,Vehicles Involved,Trailers Involved,Number Injured,Number Dead,Number Deer,House Number,Roadway Interchange,Roadway Ramp,Roadway Id,Intersecting Road,Interchange,Feet From,Direction,Latitude,Longitude,Roadway Class,Hit and Run?,Locality,School Zone?,Rumble Strips?,Construction?,Construction Type,Light Condition,Weather Conditions,Surface Condition,Type of Median,Roadway Junction Type,Road Character,Roadway Surface,Primary Factor,Manner of Collision,Unique Location Id,Traffic Control,DateTime
1500,MONROE SD,,2,,0,0,0,,,,I-69,,,317.0,,39.24134131,-86.53652455,,,URBAN,N,Y,N,,DAYLIGHT,CLEAR,DRY,,NO JUNCTION INVOLVED,,ASPHALT,ANIMAL/OBJECT IN ROADWAY,COLLISION WITH OBJECT IN ROAD,I-69,,2022-07-21 12:35:00
1501,BLOOMINGTON PD,BLOOMINGTON,2,,0,0,0,,,,I-69,,,739.0,,39.12601098,-86.57258233,INTERSTATE,,URBAN,N,N,N,,DAYLIGHT,CLEAR,DRY,,NO JUNCTION INVOLVED,,ASPHALT,UNSAFE LANE MOVEMENT,SAME DIRECTION SIDESWIPE,I-69,,2022-06-06 10:53:00
1502,ELLETTSVILLE PD,ELLETTSVILLE,2,,0,0,0,,,,W PERRY DR,N SHELLY DR,,0.0,,39.24060862,-86.60318595,,,RURAL,N,N,N,,DAYLIGHT,CLEAR,DRY,,T-INTERSECTION,,CONCRETE,FAILURE TO MAINTAIN LANE,HEAD ON BETWEEN TWO MOTOR VEHICLES,WPERRYDRNSHELLYDR,,2022-08-29 16:14:00
1503,BLOOMINGTON PD,BLOOMINGTON,2,,0,0,0,,,,307 E 3RD ST; LUCKY EXPRESS,,,0.0,,,,PRIVATE DRIVE,,URBAN,N,N,Y,LANE CLOSURE,DAYLIGHT,CLEAR,DRY,,NO JUNCTION INVOLVED,,CONCRETE,UNSAFE BACKING,BACKING CRASH,307E3RDST;LUCKYEXPRESS,,2022-07-19 15:45:00
1504,BLOOMINGTON PD,BLOOMINGTON,1,,1,0,0,,,,E 3RD ST,S PETE ELLIS DR,,0.0,,39.16421402,-86.49428791,LOCAL/CITY ROAD,,URBAN,N,N,N,,DAYLIGHT,CLEAR,DRY,,NO JUNCTION INVOLVED,,ASPHALT,PEDESTRIAN ACTION,RIGHT ANGLE,SPETEELLISDRE3RDST,,2022-06-06 14:05:00
1505,MONROE SD,BLOOMINGTON,1,,0,0,1,,,,S LEONARD SPRINGS RD,W SIMS LN,,422.0,,39.12587061,-86.58257551,LOCAL/CITY ROAD,,URBAN,N,N,N,,DAYLIGHT,CLEAR,DRY,,NO JUNCTION INVOLVED,,ASPHALT,ANIMAL/OBJECT IN ROADWAY,COLLISION WITH DEER,WSIMSLNSLEONARDSPRINGSRD,,2022-06-07 18:06:00
1506,INDIANA UNIV BLOOMINGTON PD,BLOOMINGTON,2,,0,0,0,1211,,,E 7TH ST,,,0.0,,39.16815341,-86.51785112,PRIVATE DRIVE,,URBAN,N,N,N,,DAYLIGHT,CLEAR,DRY,,NO JUNCTION INVOLVED,,ASPHALT,UNSAFE BACKING,SAME DIRECTION SIDESWIPE,E7THST,,2022-06-23 08:15:00
1507,ISP BLOOMINGTON 33,BLOOMINGTON,1,,0,0,1,,,,KINSER PIKE,SKYLINE DRIVE,,100.0,,39.1898997,-86.53778644,LOCAL/CITY ROAD,,URBAN,N,N,N,,DAYLIGHT,CLEAR,DRY,,NO JUNCTION INVOLVED,,ASPHALT,ANIMAL/OBJECT IN ROADWAY,COLLISION WITH DEER,SKYLINEDRIVEKINSERPIKE,,2022-06-10 07:15:00
1508,BLOOMINGTON PD,BLOOMINGTON,2,,1,0,0,,,,S LEONARD SPRINGS RD,W STATE RD 45,,0.0,,39.14195339,-86.58256149,LOCAL/CITY ROAD,,URBAN,N,N,N,,DAYLIGHT,CLEAR,DRY,,FOUR-WAY INTERSECTION,,ASPHALT,FOLLOWING TOO CLOSELY,REAR END,WSTATERD45SLEONARDSPRINGSRD,,2022-09-10 15:22:00
1509,INDIANA UNIV BLOOMINGTON PD,BLOOMINGTON,3,,0,0,0,,,,N JORDAN AVE,E LAW LN,,686.0,,39.17447274,-86.51487119,LOCAL/CITY ROAD,,URBAN,N,N,N,,DAYLIGHT,CLEAR,DRY,,NO JUNCTION INVOLVED,,ASPHALT,FAILURE TO YIELD RIGHT OF WAY,LEFT TURN,NJORDANAVEELAWLN,,2022-08-24 07:32:00
1510,DNR LAW ENFORCEMENT,BLOOMINGTON,1,,1,0,0,,,,E MONROE DAM RD,,,0.0,,39.0126803,-86.5125195,STATE ROAD,,RURAL,N,N,N,,DAYLIGHT,CLEAR,DRY,,RAMP,,CONCRETE,BRAKE FAILURE OR DEFECTIVE,NON-COLLISION,EMONROEDAMRD,,2022-08-13 14:10:00
1511,BLOOMINGTON PD,BLOOMINGTON,1,,0,0,0,,,,S HIGH ST,E ROCK CREEK DR,,0.0,,39.13978417,-86.50823329,,,URBAN,Y,N,N,,DAYLIGHT,CLEAR,DRY,,FOUR-WAY INTERSECTION,,ASPHALT,IMPROPER TURNING,RAN OFF ROAD,SHIGHSTEROCKCREEKDR,,2022-08-26 18:29:00
1512,BLOOMINGTON PD,BLOOMINGTON,2,,0,0,0,,,,W 3RD ST,CURRY PIKE,,0.0,,,,LOCAL/CITY ROAD,,URBAN,N,N,N,,DAYLIGHT,CLOUDY,DRY,,FOUR-WAY INTERSECTION,,ASPHALT,UNSAFE LANE MOVEMENT,SAME DIRECTION SIDESWIPE,W3RDSTCURRYPIKE,,2022-06-10 11:16:00
1513,MONROE SD,BLOOMINGTON,1,,0,0,0,,,,W GORDON PIKE,,,0.0,,39.12150089,-86.53642005,,,RURAL,N,N,N,,DAYLIGHT,CLEAR,DRY,,NO JUNCTION INVOLVED,,ASPHALT,DRIVER DISTRACTED - EXPLAIN IN NARRATIVE,RAN OFF ROAD,WGORDONPIKE,,2022-09-12 11:07:00
1514,ISP BLOOMINGTON 33,BLOOMINGTON,2,,2,0,0,,,,SR46,TRAILWAY DRIVE,,750.0,,39.16361204,-86.4265675,STATE ROAD,,RURAL,N,N,N,,DAYLIGHT,CLEAR,DRY,,NO JUNCTION INVOLVED,,ASPHALT,FAILURE TO MAINTAIN LANE,RIGHT ANGLE,TRAILWAYDRIVESR46,,2022-09-09 13:41:00
1515,BLOOMINGTON PD,BLOOMINGTON,1,,0,0,0,,,,400 BLK E. 2ND ST,S. DUNN ST,,300.0,,,,LOCAL/CITY ROAD,,URBAN,N,N,N,,DAYLIGHT,CLOUDY,DRY,,NO JUNCTION INVOLVED,,ASPHALT,OVERSIZE/OVERWEIGHT LOAD,NON-COLLISION,S.DUNNST400BLKE.2NDST,,2022-06-13 10:08:00
1516,BLOOMINGTON PD,BLOOMINGTON,2,,0,0,0,,,,W ARLINGTON RD,N 20TH ST,,1000.0,,39.18116473,-86.54937153,LOCAL/CITY ROAD,,URBAN,N,N,N,,DAYLIGHT,CLEAR,DRY,,NO JUNCTION INVOLVED,,ASPHALT,FOLLOWING TOO CLOSELY,REAR END,WARLINGTONRDN20THST,,2022-08-11 12:06:00
1517,INDIANA UNIV BLOOMINGTON PD,BLOOMINGTON,2,,0,0,0,900,,,E 7TH ST,,,0.0,,39.16874051,-86.52321092,PRIVATE DRIVE,,URBAN,N,N,N,,DAYLIGHT,CLEAR,DRY,,NO JUNCTION INVOLVED,,ASPHALT,UNSAFE BACKING,BACKING CRASH,E7THST,,2022-08-28 11:30:00
1518,INDIANA UNIV BLOOMINGTON PD,BLOOMINGTON,1,,0,0,0,,,,E 10TH ST,N FEE LN,,0.0,,39.17160382,-86.51766617,LOCAL/CITY ROAD,,URBAN,N,N,N,,DARK (LIGHTED),CLEAR,DRY,,NO JUNCTION INVOLVED,,ASPHALT,OTHER (DRIVER) - EXPLAIN IN NARRATIVE,RAN OFF ROAD,NFEELNE10THST,,2022-07-17 03:24:00
1519,BLOOMINGTON PD,BLOOMINGTON,2,,1,0,0,3021,,,E 3RD ST,,,0.0,,39.16440667,-86.49338777,PRIVATE DRIVE,,URBAN,N,N,N,,DAYLIGHT,CLEAR,DRY,,NO JUNCTION INVOLVED,,CONCRETE,UNSAFE BACKING,BACKING CRASH,E3RDST,,2022-07-19 14:00:00
1520,ISP BLOOMINGTON 33,BLOOMINGTON,1,,0,0,0,,,,S INTERSTATE 69,,,0.0,,39.07843379,-86.58290202,INTERSTATE,,RURAL,N,Y,N,,DAYLIGHT,CLEAR,DRY,,NO JUNCTION INVOLVED,,ASPHALT,ANIMAL/OBJECT IN ROADWAY,COLLISION WITH DEER,SINTERSTATE69,,2022-08-12 08:37:00
1521,BLOOMINGTON PD,BLOOMINGTON,2,,1,0,0,,,,SARE RD,WINSTON ST,,300.0,,39.14710958,-86.49897665,LOCAL/CITY ROAD,,URBAN,N,N,N,,DAYLIGHT,CLEAR,DRY,,NO JUNCTION INVOLVED,,ASPHALT,LEFT OF CENTER,OPPOSITE DIRECTION SIDESWIPE,WINSTONSTSARERD,,2022-07-28 13:15:00
1522,BLOOMINGTON PD,BLOOMINGTON,2,,2,0,0,,99,B,W BLOOMFIELD RD,,,0.0,,39.14904597,-86.57055127,LOCAL/CITY ROAD,,URBAN,N,N,N,,DAYLIGHT,CLEAR,DRY,,T-INTERSECTION,,ASPHALT,DISREGARD SIGNAL/REG SIGN,RIGHT ANGLE,WBLOOMFIELDRD099B,,2022-07-13 09:00:00
1523,BLOOMINGTON PD,BLOOMINGTON,2,,0,0,0,,,,W 3RD ST,STATE RD 37,,0.0,,39.16469649,-86.57382346,STATE ROAD,,URBAN,N,N,N,,DAYLIGHT,RAIN,WET,,FOUR-WAY INTERSECTION,,ASPHALT,FOLLOWING TOO CLOSELY,REAR END,W3RDSTSTATERD37,,2022-09-11 08:55:00
1524,ELLETTSVILLE PD,ELLETTSVILLE,3,,0,0,0,,,,W STATE RD 46,N LAKEVIEW DR,,0.0,,39.22096916,-86.60537489,STATE ROAD,,URBAN,N,N,N,,DAYLIGHT,CLEAR,DRY,,NO JUNCTION INVOLVED,,ASPHALT,IMPROPER PASSING,RIGHT ANGLE,WSTATERD46NLAKEVIEWDR,,2022-09-26 16:45:00
1525,BLOOMINGTON PD,BLOOMINGTON,2,,0,0,0,,,,S ROCKPORT RD,W COUNTRY CLUB DR,,0.0,,39.1363503,-86.54882358,LOCAL/CITY ROAD,,URBAN,N,N,N,,DAYLIGHT,CLEAR,DRY,,FOUR-WAY INTERSECTION,,ASPHALT,FAILURE TO MAINTAIN LANE,LEFT TURN,WCOUNTRYCLUBDRSROCKPORTRD,,2022-06-15 06:40:00
1526,ISP BLOOMINGTON 33,BLOOMINGTON,1,,0,0,1,,,,SR37 3800' NORTH OF INGRAM RD,,,0.0,,39.00366487,-86.53711116,STATE ROAD,,RURAL,N,N,N,,DARK (NOT LIGHTED),CLEAR,DRY,,NO JUNCTION INVOLVED,,ASPHALT,ANIMAL/OBJECT IN ROADWAY,COLLISION WITH DEER,SR373800'NORTHOFINGRAMRD,,2022-07-19 21:40:00
1527,INDIANA UNIV BLOOMINGTON PD,BLOOMINGTON,2,,0,0,0,,,,STATE ROAD 45/46,E 10TH ST,,0.0,,39.17174254,-86.50241769,STATE ROAD,,URBAN,N,N,N,,DAYLIGHT,CLEAR,DRY,,FOUR-WAY INTERSECTION,,ASPHALT,DRIVER DISTRACTED - EXPLAIN IN NARRATIVE,REAR END,STATEROAD45/46E10THST,,2022-06-14 11:00:00
1528,MONROE SD,BLOOMINGTON,1,,0,0,1,,,,W STATE RD 48,W VERNAL PIKE,,0.0,,39.1634378,-86.6458907,STATE ROAD,,RURAL,N,N,N,,DAYLIGHT,CLEAR,DRY,,NO JUNCTION INVOLVED,,ASPHALT,ANIMAL/OBJECT IN ROADWAY,COLLISION WITH DEER,WVERNALPIKEWSTATERD48,,2022-08-23 06:57:00
1529,MONROE SD,BLOOMINGTON,1,,0,0,0,,,,S FAIRFAX RD,E BERNICE DR,,900.0,,39.06594854,-86.50179274,LOCAL/CITY ROAD,,URBAN,N,N,N,,DAYLIGHT,CLEAR,DRY,,NO JUNCTION INVOLVED,,ASPHALT,FAILURE TO MAINTAIN LANE,RAN OFF ROAD,SFAIRFAXRDEBERNICEDR,,2022-08-22 18:50:00
1530,MONROE SD,BLOOMINGTON,1,,0,0,0,3585,,,W STATE RD 45,,,0.0,,39.14201439,-86.58005292,PRIVATE DRIVE,,URBAN,N,N,N,,DAYLIGHT,CLEAR,DRY,,NO JUNCTION INVOLVED,,ASPHALT,OTHER (DRIVER) - EXPLAIN IN NARRATIVE,LEFT TURN,WSTATERD45,,2022-06-01 08:02:00
1531,BLOOMINGTON PD,BLOOMINGTON,1,,1,0,0,,,,N WALNUT ST,E 16TH ST,,0.0,,39.17774897,-86.5335188,LOCAL/CITY ROAD,,URBAN,N,N,Y,X-OVER/LANE SHIFT,DARK (LIGHTED),CLOUDY,WET,,FOUR-WAY INTERSECTION,,ASPHALT,OTHER (DRIVER) - EXPLAIN IN NARRATIVE,RAN OFF ROAD,NWALNUTSTE16THST,,2022-07-14 00:10:00
1532,MONROE SD,,2,,0,0,0,1600,,,1600 E HILLSIDE DR,,,0.0,,39.15049982,-86.51361173,,,URBAN,N,N,N,,DAYLIGHT,CLEAR,DRY,,NO JUNCTION INVOLVED,,ASPHALT,OTHER (DRIVER) - EXPLAIN IN NARRATIVE,OTHER - EXPLAIN IN NARRATIVE,1600EHILLSIDEDR,,2022-08-01 12:33:00
1533,MONROE SD,BLOOMINGTON,2,,0,0,0,1200,,,S ROLLING RIDGE WAY,,,0.0,,,,PRIVATE DRIVE,,URBAN,N,N,N,,DAYLIGHT,CLEAR,DRY,,NO JUNCTION INVOLVED,,ASPHALT,UNSAFE BACKING,BACKING CRASH,SROLLINGRIDGEWAY,,2022-07-19 09:40:00
1534,BLOOMINGTON PD,BLOOMINGTON,2,,1,0,0,,,,3RD ST,PATTERSON DR,,0.0,,39.1644,-86.55207,LOCAL/CITY ROAD,,URBAN,N,N,N,,DARK (LIGHTED),CLEAR,DRY,,NO JUNCTION INVOLVED,,ASPHALT,OTHER (DRIVER) - EXPLAIN IN NARRATIVE,OTHER - EXPLAIN IN NARRATIVE,PATTERSONDR3RDST,,2022-09-16 06:40:00
1535,MONROE SD,BLOOMINGTON,2,,0,0,0,,,,W DILLMAN RD,STATE RD 37,,0.0,,39.0929537,-86.54620475,,,RURAL,N,N,N,,DAYLIGHT,CLEAR,DRY,,FIVE POINT OR MORE,,ASPHALT,ACCELERATOR FAILURE OR DEFECTIVE,HEAD ON BETWEEN TWO MOTOR VEHICLES,WDILLMANRDSTATERD37,,2022-08-30 05:41:00
1536,MONROE SD,BLOOMINGTON,1,,0,0,0,,,,I-69,,,0.0,,39.05007531,-86.68002671,INTERSTATE,,RURAL,N,Y,N,,DAYLIGHT,CLEAR,DRY,,NO JUNCTION INVOLVED,,ASPHALT,OTHER (VEHICLE) - EXPLAIN IN NARRATIVE,OTHER - EXPLAIN IN NARRATIVE,I-69105,,2022-06-27 19:28:00
1537,MONROE SD,BLOOMINGTON,2,,0,0,0,,,,S STATE RD 37,S OLD SR 37,,0.0,,39.08550871,-86.54253074,STATE ROAD,,RURAL,N,Y,N,,DARK (NOT LIGHTED),CLEAR,DRY,,FOUR-WAY INTERSECTION,,ASPHALT,FOLLOWING TOO CLOSELY,REAR END,SSTATERD37SOLDSR37,,2022-08-15 06:38:00
1538,INDIANA UNIV BLOOMINGTON PD,BLOOMINGTON,2,,0,0,0,,,,N FEE LN,N FEE LN,,0.0,,39.17329757,-86.51928555,PRIVATE DRIVE,,URBAN,N,N,N,,DAYLIGHT,CLEAR,DRY,,NO JUNCTION INVOLVED,,CONCRETE,UNSAFE BACKING,BACKING CRASH,NFEELNNFEELN,,2022-06-06 07:22:00
1539,BLOOMINGTON PD,BLOOMINGTON,1,,0,0,0,,,,E 9TH ST,N PROW AVE,,0.0,,39.17044845,-86.52882046,LOCAL/CITY ROAD,,URBAN,N,N,N,,DARK (NOT LIGHTED),CLOUDY,DRY,,NO JUNCTION INVOLVED,,ASPHALT,OTHER (DRIVER) - EXPLAIN IN NARRATIVE,SAME DIRECTION SIDESWIPE,NPROWAVEE9THST,,2022-07-03 09:20:00
1540,BLOOMINGTON PD,BLOOMINGTON,2,,0,0,0,,,,W 3RD ST,S LANDMARK AVE,,739.0,,39.16441837,-86.55797452,LOCAL/CITY ROAD,,URBAN,N,N,N,,DAYLIGHT,CLEAR,DRY,,NO JUNCTION INVOLVED,,ASPHALT,FOLLOWING TOO CLOSELY,REAR END,W3RDSTSLANDMARKAVE,,2022-08-24 08:48:00
1541,BLOOMINGTON PD,,2,,0,0,0,3620,,,W 3RD ST,,,0.0,,39.16688241,-86.58286115,PRIVATE DRIVE,,URBAN,N,N,N,,DAYLIGHT,CLEAR,DRY,,T-INTERSECTION,,ASPHALT,UNSAFE BACKING,BACKING CRASH,W3RDST,,2022-09-20 12:21:00
1542,BLOOMINGTON PD,BLOOMINGTON,2,,0,0,0,,,,E. 4TH ST,S. LINCOLN ST,,0.0,,,,LOCAL/CITY ROAD,,URBAN,N,N,N,,DAYLIGHT,CLOUDY,DRY,,FOUR-WAY INTERSECTION,,ASPHALT,FAILURE TO YIELD RIGHT OF WAY,RIGHT ANGLE,S.LINCOLNSTE.4THST,,2022-09-13 09:26:00
1543,BLOOMINGTON PD,BLOOMINGTON,2,,0,0,0,,,,W 3RD ST,I-69 SB OFF RAMP,,0.0,,39.16449754,-86.5735767,LOCAL/CITY ROAD,,URBAN,N,N,N,,DARK (LIGHTED),CLEAR,DRY,,FOUR-WAY INTERSECTION,,ASPHALT,DISREGARD SIGNAL/REG SIGN,SAME DIRECTION SIDESWIPE,W3RDSTI-69SBOFFRAMP,,2022-09-12 20:20:00
1544,ELLETTSVILLE PD,ELLETTSVILLE,2,0.0,0,0,0,,,,UNION VALLEY,,,,,39.215152,-86.5928,LOCAL/CITY ROAD,N,URBAN,N,N,N,,DAYLIGHT,CLEAR,DRY,,NO JUNCTION INVOLVED,STRAIGHT/LEVEL,ASPHALT,FAILURE TO YIELD RIGHT OF WAY,REAR END,SR46WUNIONVALLEYDR,TRAFFIC CONTROL SIGNAL,2022-09-30 13:23:00
1545,ELLETTSVILLE PD,ELLETTSVILLE,2,0.0,0,0,0,7355,,,MAPLE GROVE WEST,,,,,,,OTHER,N,URBAN,N,N,N,,DAYLIGHT,CLEAR,DRY,,NO JUNCTION INVOLVED,STRAIGHT/GRADE,ASPHALT,UNSAFE BACKING,BACKING CRASH,MAPLEGROVEWESTRD,NONE,2022-07-29 11:57:00
1546,MONROE SD,BLOOMINGTON,1,,1,0,0,6055,,,N OLD SR 37,,,0.0,,,,STATE ROAD,,RURAL,N,N,N,,DAYLIGHT,RAIN,WET,,NO JUNCTION INVOLVED,,ASPHALT,UNSAFE SPEED,RAN OFF ROAD,NOLDSR37,,2022-07-17 13:36:00
1547,BLOOMINGTON PD,BLOOMINGTON,2,,0,0,0,,,,N KINSER PIKE,STATE RD 46,,0.0,,39.18650264,-86.53766818,LOCAL/CITY ROAD,,URBAN,N,N,N,,DARK (LIGHTED),RAIN,WET,,FOUR-WAY INTERSECTION,,ASPHALT,FAILURE TO YIELD RIGHT OF WAY,RIGHT ANGLE,STATERD46NKINSERPIKE,,2022-09-23 21:00:00
1548,BLOOMINGTON PD,BLOOMINGTON,2,,0,0,0,,,,W 16TH ST,N WOODBURN AVE,,0.0,,39.17775102,-86.53605213,LOCAL/CITY ROAD,,URBAN,N,N,N,,DAYLIGHT,CLEAR,DRY,,T-INTERSECTION,,ASPHALT,OTHER (DRIVER) - EXPLAIN IN NARRATIVE,OPPOSITE DIRECTION SIDESWIPE,W16THSTNWOODBURNAVE,,2022-07-29 08:50:00
1549,BLOOMINGTON PD,BLOOMINGTON,2,,1,0,0,,,,E COVENANTER DR,S COLLEGE MALL RD,,0.0,,39.15521787,-86.49770471,LOCAL/CITY ROAD,,URBAN,N,N,N,,DAYLIGHT,CLEAR,DRY,,FOUR-WAY INTERSECTION,,ASPHALT,FAILURE TO YIELD RIGHT OF WAY,LEFT TURN,SCOLLEGEMALLRDECOVENANTERDR,,2022-06-04 09:40:00
1550,BLOOMINGTON PD,BLOOMINGTON,2,,0,0,0,215,,,S WALNUT ST,,,0.0,,39.16595663,-86.53361232,PRIVATE DRIVE,,URBAN,N,N,N,,DAYLIGHT,CLEAR,DRY,,NO JUNCTION INVOLVED,,ASPHALT,FAILURE TO YIELD RIGHT OF WAY,OTHER - EXPLAIN IN NARRATIVE,SWALNUTST,,2022-06-29 13:00:00
1551,BLOOMINGTON PD,BLOOMINGTON,2,,0,0,0,1175,,,S COLLEGE MALL R,,,0.0,,39.15386069,-86.49578195,PRIVATE DRIVE,,URBAN,N,N,N,,DAYLIGHT,CLOUDY,DRY,,NO JUNCTION INVOLVED,,ASPHALT,OTHER (DRIVER) - EXPLAIN IN NARRATIVE,OPPOSITE DIRECTION SIDESWIPE,SCOLLEGEMALLR,,2022-06-10 19:23:00
1552,BLOOMINGTON PD,BLOOMINGTON,1,,0,0,0,,,,W TAPP RD,S ADAMS ST,,0.0,,39.13649983,-86.55415006,LOCAL/CITY ROAD,,URBAN,N,N,N,,DAWN/DUSK,RAIN,WET,,TRAFFIC CIRCLE/ROUNDABOUT,,ASPHALT,SPEED TOO FAST FOR WEATHER CONDITIONS,RAN OFF ROAD,WTAPPRDSADAMSST,,2022-09-03 07:00:00
1553,MONROE SD,BLOOMINGTON,2,,1,0,0,,,,S HARMONY RD,S ROCKPORT RD,,0.0,,39.0502154,-86.60934395,LOCAL/CITY ROAD,,RURAL,N,N,N,,DAYLIGHT,CLEAR,DRY,,T-INTERSECTION,,ASPHALT,FAILURE TO YIELD RIGHT OF WAY,RIGHT ANGLE,SROCKPORTRDSHARMONYRD,,2022-09-16 17:40:00
1554,BLOOMINGTON PD,BLOOMINGTON,2,,1,0,0,,,,E. 12TH ST,N. INDIANA AVE,,0.0,,39.174359,-86.526999,LOCAL/CITY ROAD,,URBAN,N,N,N,,DAYLIGHT,CLOUDY,DRY,,FOUR-WAY INTERSECTION,,ASPHALT,FAILURE TO YIELD RIGHT OF WAY,RIGHT ANGLE,N.INDIANAAVEE.12THST,,2022-09-13 11:40:00
1555,MONROE SD,BLOOMINGTON,1,,0,0,1,,,,STATE RD 37,,,0.0,,39.04198018,-86.53598017,STATE ROAD,,RURAL,N,N,N,,DARK (NOT LIGHTED),CLEAR,DRY,,NO JUNCTION INVOLVED,,ASPHALT,ANIMAL/OBJECT IN ROADWAY,COLLISION WITH DEER,STATERD37,,2022-08-11 05:50:00
1556,BLOOMINGTON PD,BLOOMINGTON,2,,1,0,0,,,,W 4TH ST,S ROGERS ST,,0.0,,39.16563339,-86.53880204,,,URBAN,N,N,N,,DAYLIGHT,CLEAR,DRY,,FOUR-WAY INTERSECTION,,ASPHALT,OVERCORRECTING/OVERSTEERING,HEAD ON BETWEEN TWO MOTOR VEHICLES,W4THSTSROGERSST,,2022-09-09 18:15:00
1557,ELLETTSVILLE PD,ELLETTSVILLE,1,,0,0,0,,,,1ST STREET,DEWEY DRIVE,,100.0,,39.228525,-86.624592,LOCAL/CITY ROAD,,URBAN,N,N,N,,DAYLIGHT,CLEAR,DRY,,NO JUNCTION INVOLVED,,ASPHALT,OVERCORRECTING/OVERSTEERING,RAN OFF ROAD,DEWEYDRIVE1STSTREET,,2022-06-03 20:40:00
1558,ISP BLOOMINGTON 33,BLOOMINGTON,2,,0,0,0,,,,STATE RD 46,CURRY PIKE,,1000.0,,39.19602491,-86.57286289,STATE ROAD,,RURAL,N,Y,Y,LANE CLOSURE,DAYLIGHT,CLEAR,DRY,,NO JUNCTION INVOLVED,,ASPHALT,FOLLOWING TOO CLOSELY,REAR END,STATERD46CURRYPIKE,,2022-07-05 15:46:00
1559,ELLETTSVILLE PD,ELLETTSVILLE,2,,0,0,0,,,,STATE RD 46,N LOVE LN,,106.0,,39.22013394,-86.60393028,STATE ROAD,,RURAL,N,N,N,,DAYLIGHT,CLEAR,DRY,,NO JUNCTION INVOLVED,,ASPHALT,FOLLOWING TOO CLOSELY,REAR END,STATERD46NLOVELN,,2022-09-15 15:24:00
1560,BLOOMINGTON PD,BLOOMINGTON,2,,0,0,0,,,,705 W. COOLIDGE DRIVE,,,0.0,,0.0,0.0,PRIVATE DRIVE,,URBAN,Y,N,N,,DAYLIGHT,CLEAR,DRY,,NO JUNCTION INVOLVED,,ASPHALT,UNSAFE BACKING,BACKING CRASH,705W.COOLIDGEDRIVE,,2022-09-21 14:11:00
1561,MONROE SD,,2,,0,0,0,,,,S ROCKPORT RD,S HARMONY RD,,0.0,,39.05015863,-86.60925394,,,RURAL,N,N,N,,DAYLIGHT,CLEAR,DRY,,T-INTERSECTION,,ASPHALT,FAILURE TO YIELD RIGHT OF WAY,RIGHT ANGLE,SROCKPORTRDSHARMONYRD,,2022-07-15 11:35:00
1562,INDIANA UNIV BLOOMINGTON PD,BLOOMINGTON,2,,0,0,0,,,,E 10TH ST,N. PETE ELLIS DR.,,0.0,,39.17148111,-86.49537806,LOCAL/CITY ROAD,,URBAN,N,N,N,,DAYLIGHT,CLEAR,DRY,,FOUR-WAY INTERSECTION,,ASPHALT,FOLLOWING TOO CLOSELY,REAR END,N.PETEELLISDR.E10THST,,2022-08-30 17:30:00
1563,BLOOMINGTON PD,BLOOMINGTON,2,,0,0,0,,,,E 1ST ST,S FESS AVE,,0.0,,39.15934374,-86.52597538,LOCAL/CITY ROAD,,URBAN,N,N,N,,DAYLIGHT,CLEAR,DRY,,FOUR-WAY INTERSECTION,,ASPHALT,FAILURE TO YIELD RIGHT OF WAY,RIGHT ANGLE,SFESSAVEE1STST,,2022-08-22 16:12:00
1564,ELLETTSVILLE PD,ELLETTSVILLE,2,,0,0,0,,,,W STATE RD 46,N LAKEVIEW DR,,0.0,,39.22073654,-86.60488469,STATE ROAD,,URBAN,N,N,N,,DAYLIGHT,CLEAR,DRY,,NO JUNCTION INVOLVED,,ASPHALT,FAILURE TO YIELD RIGHT OF WAY,LEFT TURN,WSTATERD46NLAKEVIEWDR,,2022-09-27 14:30:00
1565,BLOOMINGTON PD,BLOOMINGTON,2,,0,0,0,,,,W 3RD ST,,,0.0,,39.16441876,-86.57227061,LOCAL/CITY ROAD,,URBAN,N,N,N,,DAYLIGHT,CLEAR,DRY,,FOUR-WAY INTERSECTION,,ASPHALT,FAILURE TO YIELD RIGHT OF WAY,SAME DIRECTION SIDESWIPE,W3RDST,,2022-06-17 17:32:00
1566,BLOOMINGTON PD,BLOOMINGTON,2,,0,0,0,,,,S EAGLESON AVE,E ATWATER AVE,,0.0,,39.16309791,-86.51639461,LOCAL/CITY ROAD,,URBAN,N,N,N,,DAYLIGHT,CLEAR,DRY,,FOUR-WAY INTERSECTION,,ASPHALT,FOLLOWING TOO CLOSELY,REAR END,SEAGLESONAVEEATWATERAVE,,2022-09-22 12:59:00
1567,BLOOMINGTON PD,BLOOMINGTON,2,,0,0,0,,,,S STRONG DR,W ALLEN DR,,1500.0,,39.15135847,-86.54548554,LOCAL/CITY ROAD,,URBAN,N,N,N,,DAYLIGHT,CLEAR,DRY,,NO JUNCTION INVOLVED,,ASPHALT,OVERCORRECTING/OVERSTEERING,SAME DIRECTION SIDESWIPE,WALLENDRSSTRONGDR,,2022-09-27 13:41:00
1568,BLOOMINGTON PD,BLOOMINGTON,3,,0,0,0,,,,STATE RD 46,E 7TH ST,,264.0,,39.16804181,-86.50039262,STATE ROAD,,URBAN,N,N,N,,DAYLIGHT,CLEAR,DRY,,NO JUNCTION INVOLVED,,ASPHALT,FOLLOWING TOO CLOSELY,REAR END,STATERD46E7THST,,2022-09-30 18:04:00