_id,Agency,City,Vehicles Involved,Trailers Involved,Number Injured,Number Dead,Number Deer,House Number,Roadway Interchange,Roadway Ramp,Roadway Id,Intersecting Road,Interchange,Feet From,Direction,Latitude,Longitude,Roadway Class,Hit and Run?,Locality,School Zone?,Rumble Strips?,Construction?,Construction Type,Light Condition,Weather Conditions,Surface Condition,Type of Median,Roadway Junction Type,Road Character,Roadway Surface,Primary Factor,Manner of Collision,Unique Location Id,Traffic Control,DateTime
1569,ELLETTSVILLE PD,ELLETTSVILLE,2,,1,0,0,,,,E TEMPERANCE ST,E TEMPERANCE ST,,0.0,,39.22754773,-86.6159783,COUNTY ROAD,,URBAN,N,N,N,,DAYLIGHT,CLEAR,DRY,,INTERCHANGE,,ASPHALT,DRIVER DISTRACTED - EXPLAIN IN NARRATIVE,REAR END,ETEMPERANCESTETEMPERANCEST,,2022-09-15 18:35:00
1570,ISP BLOOMINGTON 33,BLOOMINGTON,1,,0,0,1,,,,W STATE RD 45,S RENDY LN,,0.0,,39.12164586,-86.61534694,STATE ROAD,,RURAL,N,N,N,,DAYLIGHT,CLOUDY,DRY,,NO JUNCTION INVOLVED,,ASPHALT,ANIMAL/OBJECT IN ROADWAY,COLLISION WITH DEER,WSTATERD45SRENDYLN,,2022-06-10 09:15:00
1571,BLOOMINGTON PD,BLOOMINGTON,1,,1,0,0,1635,,,W 3RD ST,,,0.0,,39.16440437,-86.55452469,PRIVATE DRIVE,,URBAN,N,N,N,,DAYLIGHT,CLEAR,DRY,,NO JUNCTION INVOLVED,,CONCRETE,FAILURE TO YIELD RIGHT OF WAY,RIGHT TURN,W3RDST,,2022-09-09 02:10:00
1572,MONROE SD,BLOOMINGTON,2,,2,0,0,,,,STATE RD 45,N PRAIRIE GREEN CT,,792.0,,39.18027172,-86.47329695,STATE ROAD,,RURAL,N,N,N,,DAYLIGHT,CLEAR,DRY,,NO JUNCTION INVOLVED,,ASPHALT,DRIVER ASLEEP OR FATIGUED,OPPOSITE DIRECTION SIDESWIPE,STATERD45NPRAIRIEGREENCT,,2022-06-01 09:39:00
1573,MONROE SD,BLOOMINGTON,2,,0,0,0,,,,N WAYPORT RD,STATE RD 37,,0.0,,39.26328247,-86.52070231,COUNTY ROAD,,RURAL,N,N,N,,DAYLIGHT,CLEAR,DRY,,NO JUNCTION INVOLVED,,ASPHALT,FOLLOWING TOO CLOSELY,RIGHT ANGLE,STATERD37NWAYPORTRD,,2022-08-19 09:42:00
1574,BLOOMINGTON PD,BLOOMINGTON,2,,0,0,0,3020,,,E 3RD ST,,,0.0,,39.16498401,-86.49258294,PRIVATE DRIVE,,URBAN,N,N,N,,DAYLIGHT,CLEAR,DRY,,NO JUNCTION INVOLVED,,ASPHALT,UNSAFE BACKING,BACKING CRASH,E3RDST,,2022-09-20 16:00:00
1575,ISP BLOOMINGTON 33,BLOOMINGTON,2,,0,0,0,,,,N CURRY PIKE,STATE RD 46,,0.0,,39.19333378,-86.57221789,LOCAL/CITY ROAD,,URBAN,N,N,Y,LANE CLOSURE,DAYLIGHT,RAIN,WET,,FOUR-WAY INTERSECTION,,ASPHALT,FAILURE TO YIELD RIGHT OF WAY,REAR END,STATERD46NCURRYPIKE,,2022-07-08 12:40:00
1576,BLOOMINGTON PD,BLOOMINGTON,2,,0,0,0,,,,I 69 SOUTH,W 3RD ST,,0.0,,39.16442772,-86.57236526,INTERSTATE,,URBAN,N,N,N,,DAYLIGHT,CLOUDY,WET,,FOUR-WAY INTERSECTION,,ASPHALT,FOLLOWING TOO CLOSELY,REAR END,W3RDSTI69SOUTH,,2022-09-03 11:20:00
1577,BLOOMINGTON PD,BLOOMINGTON,2,,0,0,0,,,,N GATES DR,W JACOBS DR,,0.0,,39.16561219,-86.57594398,LOCAL/CITY ROAD,,URBAN,N,N,N,,DAYLIGHT,CLEAR,DRY,,Y-INTERSECTION,,ASPHALT,FAILURE TO YIELD RIGHT OF WAY,RIGHT ANGLE,WJACOBSDRNGATESDR,,2022-07-14 09:37:00
1578,BLOOMINGTON PD,BLOOMINGTON,2,,0,0,0,1820,,,N WALNUT ST,,,0.0,,39.18356548,-86.53378631,PRIVATE DRIVE,,URBAN,N,N,N,,DAYLIGHT,CLEAR,DRY,,NO JUNCTION INVOLVED,,ASPHALT,UNSAFE BACKING,REAR END,NWALNUTST,,2022-08-19 18:58:00
1579,BLOOMINGTON PD,BLOOMINGTON,2,,0,0,0,,,,E KIRKWOOD AVE,S DUNN ST,,0.0,,39.16606878,-86.52901508,PRIVATE DRIVE,,URBAN,N,N,N,,DAYLIGHT,CLEAR,DRY,,FOUR-WAY INTERSECTION,,ASPHALT,UNSAFE BACKING,LEFT TURN,SDUNNSTEKIRKWOODAVE,,2022-08-26 13:50:00
1580,MONROE SD,BLOOMINGTON,1,,0,0,0,,,,S GARRISON CHAPEL RD,,,0.0,,39.16360538,-86.64986677,,,RURAL,N,N,N,,DAYLIGHT,CLEAR,DRY,,NO JUNCTION INVOLVED,,ASPHALT,STEERING FAILURE,RAN OFF ROAD,SGARRISONCHAPELRD,,2022-08-29 11:30:00
1581,MONROE SD,BLOOMINGTON,2,,0,0,0,,,,S OLD STATE ROAD 37,E RHORER RD,,0.0,,39.12139314,-86.53131786,LOCAL/CITY ROAD,,RURAL,N,N,N,,DAYLIGHT,CLEAR,DRY,,FOUR-WAY INTERSECTION,,ASPHALT,FAILURE TO YIELD RIGHT OF WAY,SAME DIRECTION SIDESWIPE,SOLDSTATEROAD37ERHORERRD,,2022-06-08 17:39:00
1582,MONROE SD,BLOOMINGTON,2,,1,0,0,,,,S HARMONY RD,WEST MAY RD,,1700.0,,39.09842427,-86.63839764,LOCAL/CITY ROAD,,URBAN,N,N,N,,DARK (NOT LIGHTED),CLEAR,DRY,,NO JUNCTION INVOLVED,,ASPHALT,OTHER (VEHICLE) - EXPLAIN IN NARRATIVE,OTHER - EXPLAIN IN NARRATIVE,WESTMAYRDSHARMONYRD,,2022-08-18 22:10:00
1583,BLOOMINGTON PD,BLOOMINGTON,2,,1,0,0,,,,S JEFFERSON ST,E 3RD ST,,0.0,,39.16430306,-86.50711547,LOCAL/CITY ROAD,,URBAN,N,N,N,,DAWN/DUSK,CLEAR,DRY,,FOUR-WAY INTERSECTION,,ASPHALT,FOLLOWING TOO CLOSELY,REAR END,SJEFFERSONSTE3RDST,,2022-09-26 19:05:00
1584,INDIANA UNIV BLOOMINGTON PD,BLOOMINGTON,2,,0,0,0,,,,E 4TH ST,S INDIANA AVE,,75.0,,39.16551863,-86.52725763,LOCAL/CITY ROAD,,URBAN,N,N,N,,DAYLIGHT,CLEAR,DRY,,NO JUNCTION INVOLVED,,ASPHALT,IMPROPER PASSING,SAME DIRECTION SIDESWIPE,SINDIANAAVEE4THST,,2022-09-30 18:50:00
1585,MONROE SD,BLOOMINGTON,1,,0,0,0,,,,W 3RD ST,,,0.0,,39.16963124,-86.67307679,STATE ROAD,,RURAL,N,N,N,,DAYLIGHT,RAIN,WET,,NO JUNCTION INVOLVED,,ASPHALT,SPEED TOO FAST FOR WEATHER CONDITIONS,RAN OFF ROAD,W3RDST,,2022-08-09 18:06:00
1586,BLOOMINGTON PD,BLOOMINGTON,2,,0,0,0,701,,,N COLLEGE AVE,,,0.0,,39.17328895,-86.53520105,PRIVATE DRIVE,,URBAN,N,N,N,,DAYLIGHT,CLEAR,DRY,,NO JUNCTION INVOLVED,,CONCRETE,UNSAFE BACKING,BACKING CRASH,NCOLLEGEAVE,,2022-08-23 17:26:00
1587,BLOOMINGTON PD,BLOOMINGTON,2,,0,0,0,,,,S PATTERSON DR,W 3RD ST,,0.0,,39.16329075,-86.55111303,,,URBAN,N,N,N,,DAYLIGHT,CLEAR,DRY,,FOUR-WAY INTERSECTION,,ASPHALT,FAILURE TO YIELD RIGHT OF WAY,SAME DIRECTION SIDESWIPE,W3RDSTSPATTERSONDR,,2022-08-31 17:11:00
1588,MONROE SD,BLOOMINGTON,2,,1,0,0,,,,STATE RD 46,STATE RD 46,,0.0,,39.16635045,-86.46613545,,,RURAL,N,N,N,,DAYLIGHT,CLEAR,DRY,,T-INTERSECTION,,ASPHALT,FAILURE TO YIELD RIGHT OF WAY,RIGHT ANGLE,STATERD46STATERD46,,2022-09-20 08:17:00
1589,BLOOMINGTON PD,BLOOMINGTON,2,,0,0,0,,,,S CLARIZZ BLVD,E COVENANTER DR,,0.0,,39.15298991,-86.49065909,LOCAL/CITY ROAD,,URBAN,N,N,N,,DAYLIGHT,CLEAR,DRY,,NO JUNCTION INVOLVED,,ASPHALT,UNSAFE LANE MOVEMENT,SAME DIRECTION SIDESWIPE,SCLARIZZBLVDECOVENANTERDR,,2022-07-31 14:03:00
1590,BLOOMINGTON PD,BLOOMINGTON,2,,2,0,0,,,,E WYLIE ST,S WALNUT ST,,0.0,,39.15835897,-86.53361886,LOCAL/CITY ROAD,,URBAN,N,N,N,,DAYLIGHT,CLEAR,DRY,,FOUR-WAY INTERSECTION,,ASPHALT,OVERCORRECTING/OVERSTEERING,REAR END,SWALNUTSTEWYLIEST,,2022-07-08 13:50:00
1591,ISP BLOOMINGTON 33,BLOOMINGTON,2,,0,0,0,,,,LEONARD SPRINGS ROAD,TAPP ROAD,,100.0,,39.13717173,-86.58267732,LOCAL/CITY ROAD,,URBAN,N,N,N,,DAYLIGHT,CLOUDY,WET,,NO JUNCTION INVOLVED,,ASPHALT,UNSAFE SPEED,RIGHT ANGLE,TAPPROADLEONARDSPRINGSROAD,,2022-06-08 16:50:00
1592,BLOOMINGTON PD,BLOOMINGTON,2,,0,0,0,,,,S RAMSEY DR,E NORA HILL DR,,100.0,,39.1450031,-86.50319032,LOCAL/CITY ROAD,,URBAN,N,N,N,,DAYLIGHT,CLOUDY,DRY,,NO JUNCTION INVOLVED,,ASPHALT,UNSAFE BACKING,BACKING CRASH,SRAMSEYDRENORAHILLDR,,2022-08-04 11:46:00
1593,BLOOMINGTON PD,BLOOMINGTON,3,,2,0,0,,,,W COUNTRY CLUB DR,S BANTA AVE,,0.0,,39.13629059,-86.54551233,LOCAL/CITY ROAD,,URBAN,N,N,N,,DAYLIGHT,RAIN,WET,,T-INTERSECTION,,ASPHALT,FOLLOWING TOO CLOSELY,REAR END,WCOUNTRYCLUBDRSBANTAAVE,,2022-09-03 18:29:00
1594,BLOOMINGTON PD,BLOOMINGTON,2,,0,0,0,,,,W 3RD ST,S LIBERTY DR,,0.0,,39.16462694,-86.57910918,LOCAL/CITY ROAD,,URBAN,N,N,N,,DAYLIGHT,CLEAR,DRY,,FOUR-WAY INTERSECTION,,ASPHALT,FOLLOWING TOO CLOSELY,REAR END,W3RDSTSLIBERTYDR,,2022-09-14 12:49:00
1595,MONROE SD,,3,,3,0,0,,,,N WALNUT ST,E WHISNAND RD,,0.0,,39.22390536,-86.53953105,COUNTY ROAD,,RURAL,N,N,N,,DAYLIGHT,CLEAR,DRY,,NO JUNCTION INVOLVED,,ASPHALT,FOLLOWING TOO CLOSELY,REAR END,NWALNUTSTEWHISNANDRD,,2022-07-10 12:23:00
1596,BLOOMINGTON PD,BLOOMINGTON,2,,0,0,0,822,,,W 1ST ST,,,0.0,,39.15945147,-86.54423132,PRIVATE DRIVE,,URBAN,N,N,N,,DAYLIGHT,CLEAR,DRY,,NO JUNCTION INVOLVED,,ASPHALT,UNSAFE BACKING,BACKING CRASH,W1STST,,2022-08-16 09:17:00
1597,BLOOMINGTON PD,BLOOMINGTON,2,,0,0,0,,,,S WALNUT ST,W SMITH AVE,,0.0,,39.16290939,-86.53364844,LOCAL/CITY ROAD,,URBAN,N,N,N,,DARK (LIGHTED),CLEAR,DRY,,FOUR-WAY INTERSECTION,,ASPHALT,UNSAFE BACKING,BACKING CRASH,WSMITHAVESWALNUTST,,2022-08-18 20:50:00
1598,MONROE SD,BLOOMINGTON,1,,0,0,1,,,,N OLD STATE ROAD 37,E OLD MYERS RD,,250.0,,39.23392892,-86.50445524,COUNTY ROAD,,RURAL,N,N,N,,DAWN/DUSK,CLEAR,DRY,,NO JUNCTION INVOLVED,,ASPHALT,ANIMAL/OBJECT IN ROADWAY,COLLISION WITH DEER,NOLDSTATEROAD37EOLDMYERSRD,,2022-07-22 07:19:00
1599,BLOOMINGTON PD,BLOOMINGTON,2,,0,0,0,,,,S PARK AVE,E MILLER DR,,0.0,,39.14697703,-86.52429139,LOCAL/CITY ROAD,,URBAN,N,N,N,,DAYLIGHT,CLEAR,DRY,,FOUR-WAY INTERSECTION,,ASPHALT,FAILURE TO YIELD RIGHT OF WAY,SAME DIRECTION SIDESWIPE,SPARKAVEEMILLERDR,,2022-06-15 15:41:00
1600,MONROE SD,BLOOMINGTON,2,,0,0,0,,,,CATHERINE ST,ANNE CT,,0.0,,39.10307017,-86.53840489,LOCAL/CITY ROAD,,RURAL,N,N,N,,DAYLIGHT,CLEAR,DRY,,T-INTERSECTION,,ASPHALT,FAILURE TO YIELD RIGHT OF WAY,SAME DIRECTION SIDESWIPE,CATHERINESTANNECT,,2022-07-12 17:35:00
1601,BLOOMINGTON PD,BLOOMINGTON,2,,0,0,0,,,,STATE RD 46,E 3RD ST,,634.0,,39.16520445,-86.49874951,STATE ROAD,,URBAN,N,N,N,,DAYLIGHT,CLEAR,DRY,,T-INTERSECTION,,ASPHALT,FOLLOWING TOO CLOSELY,REAR END,STATERD46E3RDST,,2022-08-25 10:41:00
1602,BLOOMINGTON PD,BLOOMINGTON,2,,0,0,0,,,,STATE RD 46,N KINSER PIKE,,0.0,,39.18645899,-86.53838522,STATE ROAD,,URBAN,N,N,N,,DAYLIGHT,CLEAR,DRY,,NO JUNCTION INVOLVED,,ASPHALT,FOLLOWING TOO CLOSELY,REAR END,STATERD46NKINSERPIKE,,2022-07-12 16:51:00
1603,BLOOMINGTON PD,BLOOMINGTON,2,,0,0,0,,,,S PARK AVE,E 2ND ST,,0.0,,39.16109313,-86.52401394,LOCAL/CITY ROAD,,URBAN,N,N,N,,DAYLIGHT,CLEAR,DRY,,FOUR-WAY INTERSECTION,,ASPHALT,IMPROPER LANE USAGE,SAME DIRECTION SIDESWIPE,SPARKAVEE2NDST,,2022-09-17 13:58:00
1604,MONROE SD,ELLETTSVILLE,2,,2,0,0,,,,N MATHEWS DR,N MATHEWS DR,,0.0,,39.24534239,-86.62054229,LOCAL/CITY ROAD,,RURAL,N,N,N,,DAYLIGHT,CLEAR,DRY,,FOUR-WAY INTERSECTION,,ASPHALT,FAILURE TO YIELD RIGHT OF WAY,HEAD ON BETWEEN TWO MOTOR VEHICLES,NMATHEWSDRNMATHEWSDR,,2022-09-17 13:15:00
1605,INDIANA UNIV BLOOMINGTON PD,BLOOMINGTON,2,,0,0,0,,,,S EAGLESON AVE,E JONES AVE,,0.0,,39.1655311,-86.51649661,LOCAL/CITY ROAD,,URBAN,N,N,N,,DAYLIGHT,CLEAR,DRY,,NO JUNCTION INVOLVED,,ASPHALT,FOLLOWING TOO CLOSELY,SAME DIRECTION SIDESWIPE,SEAGLESONAVEEJONESAVE,,2022-09-14 04:35:00
1606,ELLETTSVILLE PD,ELLETTSVILLE,2,,4,0,0,,,,N RIDGEWOOD DR,W STATE ROAD 46,,0.0,,39.2173365,-86.59899765,STATE ROAD,,URBAN,N,N,N,,DAYLIGHT,CLEAR,DRY,,T-INTERSECTION,,ASPHALT,FAILURE TO YIELD RIGHT OF WAY,LEFT/RIGHT TURN,WSTATEROAD46NRIDGEWOODDR,,2022-06-14 19:29:00
1607,BLOOMINGTON PD,BLOOMINGTON,2,,0,0,0,,,,W PATTERSON DR,S ROGERS ST,,0.0,,39.15380393,-86.53880007,LOCAL/CITY ROAD,,URBAN,N,N,N,,DAYLIGHT,CLEAR,DRY,,FOUR-WAY INTERSECTION,,ASPHALT,FOLLOWING TOO CLOSELY,REAR END,WPATTERSONDRSROGERSST,,2022-07-14 15:19:00
1608,MONROE SD,BLOOMINGTON,2,,0,0,0,,,,STATE RD 46,E KINGS RD,,0.0,,39.16657593,-86.45515533,STATE ROAD,,RURAL,N,N,N,,DAYLIGHT,CLEAR,DRY,,Y-INTERSECTION,,ASPHALT,FOLLOWING TOO CLOSELY,REAR END,STATERD46EKINGSRD,,2022-06-16 15:08:00
1609,BLOOMINGTON PD,BLOOMINGTON,2,,0,0,0,,,,E 7TH ST,N WASHINGTON ST,,0.0,,39.16855294,-86.53233083,LOCAL/CITY ROAD,,URBAN,N,N,N,,DAYLIGHT,CLEAR,DRY,,FOUR-WAY INTERSECTION,,ASPHALT,FAILURE TO YIELD RIGHT OF WAY,LEFT TURN,NWASHINGTONSTE7THST,,2022-08-16 12:48:00
1610,MONROE SD,BLOOMINGTON,1,,0,0,0,,,,STATE RD 46,,,0.0,,39.28113843,-86.68217833,STATE ROAD,,RURAL,N,N,N,,DARK (NOT LIGHTED),CLEAR,DRY,,T-INTERSECTION,,ASPHALT,FAILURE TO MAINTAIN LANE,RAN OFF ROAD,STATERD46,,2022-09-14 20:24:00
1611,BLOOMINGTON PD,BLOOMINGTON,2,,0,0,0,,,,N PROW RD,W ARLINGTON RD,,0.0,,39.19255183,-86.55250958,LOCAL/CITY ROAD,,URBAN,N,N,N,,DAYLIGHT,CLEAR,DRY,,T-INTERSECTION,,ASPHALT,UNSAFE LANE MOVEMENT,SAME DIRECTION SIDESWIPE,WARLINGTONRDNPROWRD,,2022-09-29 07:41:00
1612,MONROE SD,BLOOMINGTON,2,,0,0,0,,,,S OLD STATE ROAD 37,W DILLMAN RD,,500.0,,39.09065846,-86.54410296,STATE ROAD,,RURAL,N,N,N,,DAYLIGHT,CLEAR,DRY,,NO JUNCTION INVOLVED,,ASPHALT,FOLLOWING TOO CLOSELY,REAR END,WDILLMANRDSOLDSTATEROAD37,,2022-08-17 08:36:00
1613,MONROE SD,BLOOMINGTON,2,,0,0,0,,,,W TAPP RD,,,0.0,,39.13682116,-86.57498698,LOCAL/CITY ROAD,,RURAL,N,N,N,,DAYLIGHT,CLEAR,DRY,,INTERCHANGE,,ASPHALT,UNSAFE LANE MOVEMENT,OPPOSITE DIRECTION SIDESWIPE,WTAPPRD,,2022-06-24 15:24:00
1614,MONROE SD,BLOOMINGTON,1,,0,0,0,,,,S OLD STATE ROAD 37,,,0.0,,39.12019312,-86.53018359,PRIVATE DRIVE,,URBAN,N,N,N,,DAYLIGHT,CLEAR,DRY,,NO JUNCTION INVOLVED,,ASPHALT,OTHER (DRIVER) - EXPLAIN IN NARRATIVE,OTHER - EXPLAIN IN NARRATIVE,SOLDSTATEROAD37,,2022-07-23 17:44:00
1615,MONROE SD,BLOOMINGTON,2,,0,0,0,100,,,N CURRY PIKE,,,0.0,,39.167493,-86.582626,PRIVATE DRIVE,,URBAN,N,N,N,,DAYLIGHT,CLEAR,DRY,,NO JUNCTION INVOLVED,,ASPHALT,UNSAFE BACKING,BACKING CRASH,NCURRYPIKE,,2022-08-21 14:05:00
1616,MONROE SD,BLOOMINGTON,2,,0,0,0,,,,STATE RD 46,CENTENNIAL DR,,0.0,,39.20991032,-86.58264993,,,RURAL,N,N,N,,DAYLIGHT,CLEAR,DRY,,FOUR-WAY INTERSECTION,,ASPHALT,FOLLOWING TOO CLOSELY,REAR END,STATERD46CENTENNIALDR,,2022-07-03 04:04:00
1617,MONROE SD,BLOOMINGTON,3,,0,0,0,,,,N HARTSTRAIT RD,SEKIU CT,,0.0,,39.2023782,-86.61129481,COUNTY ROAD,,RURAL,N,N,N,,DAYLIGHT,CLEAR,DRY,,T-INTERSECTION,,ASPHALT,FOLLOWING TOO CLOSELY,REAR END,SEKIUCTNHARTSTRAITRD,,2022-06-30 03:22:00
1618,BLOOMINGTON PD,BLOOMINGTON,2,,0,0,0,,,,S HENDERSON ST,S BRANDON CT,,0.0,,39.1371158,-86.52634252,PRIVATE DRIVE,,RURAL,N,N,N,,DAYLIGHT,CLOUDY,DRY,,NO JUNCTION INVOLVED,,ASPHALT,OTHER (DRIVER) - EXPLAIN IN NARRATIVE,OTHER - EXPLAIN IN NARRATIVE,SHENDERSONSTSBRANDONCT,,2022-08-09 00:00:00
1619,BLOOMINGTON PD,BLOOMINGTON,2,,0,0,0,,,,E 10TH ST,N WOODLAWN AVE,,0.0,,39.17161459,-86.52344743,LOCAL/CITY ROAD,,URBAN,N,N,N,,DAYLIGHT,CLEAR,DRY,,FOUR-WAY INTERSECTION,,ASPHALT,UNSAFE LANE MOVEMENT,SAME DIRECTION SIDESWIPE,NWOODLAWNAVEE10THST,,2022-08-25 11:11:00
1620,BLOOMINGTON PD,BLOOMINGTON,2,,0,0,0,,,,S PETE ELLIS DR,E 3RD ST,,370.0,,39.16488296,-86.49487442,LOCAL/CITY ROAD,,URBAN,N,N,N,,DAYLIGHT,CLEAR,DRY,,NO JUNCTION INVOLVED,,ASPHALT,UNSAFE LANE MOVEMENT,SAME DIRECTION SIDESWIPE,SPETEELLISDRE3RDST,,2022-09-07 17:43:00
1621,ELLETTSVILLE PD,ELLETTSVILLE,2,,0,0,0,,,,STATE RD 46,N LAKEVIEW DR,,581.0,,39.22164547,-86.60644349,STATE ROAD,,RURAL,N,N,N,,DARK (NOT LIGHTED),CLEAR,DRY,,NO JUNCTION INVOLVED,,ASPHALT,FAILURE TO YIELD RIGHT OF WAY,RIGHT ANGLE,STATERD46NLAKEVIEWDR,,2022-08-26 21:35:00
1622,BLOOMINGTON PD,BLOOMINGTON,1,,0,1,0,,,,E MOORES PIKE,S ARBORS LN,,0.0,,39.15032024,-86.49129819,LOCAL/CITY ROAD,,URBAN,N,N,N,,DAYLIGHT,CLEAR,DRY,,NO JUNCTION INVOLVED,,ASPHALT,OTHER (DRIVER) - EXPLAIN IN NARRATIVE,RAN OFF ROAD,SARBORSLNEMOORESPIKE,,2022-06-15 16:51:00
1623,BLOOMINGTON PD,BLOOMINGTON,4,,0,0,0,,,,N GRANT ST,E 10TH ST,,0.0,,39.17169056,-86.5297789,LOCAL/CITY ROAD,,URBAN,N,N,N,,DAWN/DUSK,CLEAR,DRY,,FOUR-WAY INTERSECTION,,ASPHALT,DISREGARD SIGNAL/REG SIGN,RIGHT ANGLE,NGRANTSTE10THST,,2022-08-27 19:56:00
1624,BLOOMINGTON PD,BLOOMINGTON,1,,0,0,0,,,,CLEAR CREEK TRAILHEAD NORTH,,,0.0,,39.13637658,-86.56078035,LOCAL/CITY ROAD,,URBAN,N,N,N,,DAYLIGHT,CLEAR,DRY,,T-INTERSECTION,,ASPHALT,FOLLOWING TOO CLOSELY,RAN OFF ROAD,CLEARCREEKTRAILHEADNORTH,,2022-07-27 18:14:00
1625,BLOOMINGTON PD,BLOOMINGTON,2,,1,0,0,,,,W 1ST ST,S COLLEGE AVE,,0.0,,39.15937795,-86.53499604,LOCAL/CITY ROAD,,URBAN,N,N,N,,DAYLIGHT,RAIN,WATER (STANDING OR MOVING),,FOUR-WAY INTERSECTION,,ASPHALT,IMPROPER TURNING,SAME DIRECTION SIDESWIPE,W1STSTSCOLLEGEAVE,,2022-09-11 13:30:00
1626,ISP BLOOMINGTON 33,BLOOMINGTON,1,,1,0,1,,,,I-69,,,0.0,,39.16002165,-86.57328648,INTERSTATE,,URBAN,N,N,N,,DARK (LIGHTED),CLEAR,DRY,,NO JUNCTION INVOLVED,,ASPHALT,ANIMAL/OBJECT IN ROADWAY,SAME DIRECTION SIDESWIPE,I-69,,2022-09-18 01:25:00
1627,MONROE SD,BLOOMINGTON,2,,2,0,0,,,,STATE ROAD 37,S VICTOR PIKE,,0.0,,39.10573077,-86.55127232,STATE ROAD,,RURAL,N,N,N,,DAYLIGHT,CLEAR,DRY,,T-INTERSECTION,,ASPHALT,OTHER (ENVIRONMENTAL) - EXPLAIN IN NARR,RIGHT ANGLE,STATEROAD37SVICTORPIKE,,2022-06-17 13:22:00
1628,DNR LAW ENFORCEMENT,BLOOMINGTON,2,,0,0,0,,,,PAYNETOWN RD.,,,1000.0,,39.08270663,-86.43449092,OTHER,,RURAL,N,N,N,,DAYLIGHT,CLEAR,DRY,,T-INTERSECTION,,ASPHALT,UNSAFE BACKING,BACKING CRASH,PAYNETOWNRD.,,2022-09-02 14:30:00
1629,MONROE SD,,2,,0,0,0,,,,W STATE ROAD 48,S STONE CHASE XING,,0.0,,39.1647284,-86.5952401,,,URBAN,N,N,N,,DAYLIGHT,CLEAR,DRY,,NO JUNCTION INVOLVED,,ASPHALT,FOLLOWING TOO CLOSELY,REAR END,WSTATEROAD48SSTONECHASEXING,,2022-07-14 04:33:00
1630,BLOOMINGTON PD,BLOOMINGTON,2,,0,0,0,,,,W COUNTRY CLUB DR,S ROCKPORT RD,,158.0,,39.13632539,-86.54839734,LOCAL/CITY ROAD,,URBAN,N,N,N,,DAYLIGHT,CLEAR,DRY,,FOUR-WAY INTERSECTION,,ASPHALT,FOLLOWING TOO CLOSELY,REAR END,WCOUNTRYCLUBDRSROCKPORTRD,,2022-09-15 16:50:00
1631,MONROE SD,BLOOMINGTON,2,,0,0,0,3585,,,W SR 45,,,0.0,,39.14138454,-86.58036135,PRIVATE DRIVE,,URBAN,N,N,N,,DAYLIGHT,CLEAR,DRY,,NO JUNCTION INVOLVED,,ASPHALT,UNSAFE BACKING,BACKING CRASH,WSR45,,2022-07-03 16:20:00
1632,BLOOMINGTON PD,BLOOMINGTON,2,,0,0,0,114,,,W GRIMES LN,,,0.0,,39.15328956,-86.53572953,PRIVATE DRIVE,,URBAN,N,N,N,,DAYLIGHT,CLEAR,DRY,,NO JUNCTION INVOLVED,,GRAVEL,UNSAFE BACKING,BACKING CRASH,WGRIMESLN,,2022-07-12 10:28:00
1633,BLOOMINGTON PD,BLOOMINGTON,2,,0,0,0,840,,,S CORY LANE,,,0.0,,39.15781803,-86.56204454,PRIVATE DRIVE,,RURAL,N,N,N,,DARK (LIGHTED),CLEAR,DRY,,NO JUNCTION INVOLVED,,ASPHALT,IMPROPER TURNING,LEFT TURN,SCORYLANE,,2022-08-08 17:50:00
1634,MONROE SD,,1,,0,0,1,,,,E ROGERS RD,S SNODDY RD,,0.0,,39.13579295,-86.49083205,LOCAL/CITY ROAD,,URBAN,N,N,N,,DAWN/DUSK,CLOUDY,DRY,,NO JUNCTION INVOLVED,,ASPHALT,ANIMAL/OBJECT IN ROADWAY,COLLISION WITH DEER,SSNODDYRDEROGERSRD,,2022-06-05 07:00:00
1635,BLOOMINGTON PD,BLOOMINGTON,1,,2,0,0,,,,E 16TH ST,N WALNUT ST,,0.0,,39.17777046,-86.53348035,LOCAL/CITY ROAD,,URBAN,N,N,Y,LANE CLOSURE,DARK (NOT LIGHTED),CLOUDY,WET,,T-INTERSECTION,,OTHER - EXPLAIN IN NARRATIVE,OTHER (DRIVER) - EXPLAIN IN NARRATIVE,OTHER - EXPLAIN IN NARRATIVE,NWALNUTSTE16THST,,2022-07-14 00:10:00
1636,BLOOMINGTON PD,BLOOMINGTON,2,,0,0,0,,,,E UNIVERSITY ST,S HENDERSON ST,,0.0,,39.16039434,-86.52720399,,,URBAN,N,N,N,,DAYLIGHT,CLEAR,DRY,,T-INTERSECTION,,ASPHALT,FAILURE TO YIELD RIGHT OF WAY,RIGHT ANGLE,SHENDERSONSTEUNIVERSITYST,,2022-06-13 15:20:00