_id,Agency,City,Vehicles Involved,Trailers Involved,Number Injured,Number Dead,Number Deer,House Number,Roadway Interchange,Roadway Ramp,Roadway Id,Intersecting Road,Interchange,Feet From,Direction,Latitude,Longitude,Roadway Class,Hit and Run?,Locality,School Zone?,Rumble Strips?,Construction?,Construction Type,Light Condition,Weather Conditions,Surface Condition,Type of Median,Roadway Junction Type,Road Character,Roadway Surface,Primary Factor,Manner of Collision,Unique Location Id,Traffic Control,DateTime
1637,BLOOMINGTON PD,BLOOMINGTON,2,,0,0,0,,,,N SMITH RD,PRIVATE DR,,0.0,,39.17160418,-86.48152155,LOCAL/CITY ROAD,,URBAN,N,N,N,,DAYLIGHT,CLEAR,DRY,,T-INTERSECTION,,ASPHALT,FAILURE TO YIELD RIGHT OF WAY,LEFT TURN,PRIVATEDRNSMITHRD,,2022-08-17 15:51:00
1638,BLOOMINGTON PD,BLOOMINGTON,2,,0,0,0,2375,,,S WALNUT ST,,,0.0,,39.13892192,-86.53047721,LOCAL/CITY ROAD,,URBAN,N,N,N,,DAYLIGHT,CLEAR,DRY,,NO JUNCTION INVOLVED,,ASPHALT,IMPROPER TURNING,OPPOSITE DIRECTION SIDESWIPE,SWALNUTST,,2022-06-11 10:45:00
1639,BLOOMINGTON PD,BLOOMINGTON,2,,0,0,0,,,,E MATTLOCK RD,N DUNN ST,,0.0,,39.18628522,-86.52852354,,,URBAN,N,N,N,,DARK (LIGHTED),CLEAR,DRY,,FOUR-WAY INTERSECTION,,ASPHALT,UNSAFE SPEED,REAR END,NDUNNSTEMATTLOCKRD,,2022-06-17 21:30:00
1640,MONROE SD,BLOOMINGTON,2,,2,0,0,,,,S FAIRFAX RD,S WALNUT ST PK,,0.0,,,,COUNTY ROAD,,RURAL,N,N,N,,DAYLIGHT,CLEAR,DRY,,NO JUNCTION INVOLVED,,ASPHALT,FOLLOWING TOO CLOSELY,REAR END,SWALNUTSTPKSFAIRFAXRD,,2022-07-11 12:43:00
1641,MONROE SD,BLOOMINGTON,2,,0,0,0,,,,S ADAMS ST,,,0.0,,39.15435767,-86.55156311,PRIVATE DRIVE,,RURAL,N,N,N,,DAYLIGHT,CLEAR,DRY,,NO JUNCTION INVOLVED,,ASPHALT,FAILURE TO YIELD RIGHT OF WAY,RIGHT ANGLE,SADAMSST,,2022-08-25 17:47:00
1642,ELLETTSVILLE PD,ELLETTSVILLE,2,,0,0,0,,,,WMAIN ST,N MATHEWS DR,,0.0,,39.23606643,-86.62507571,LOCAL/CITY ROAD,,RURAL,N,N,N,,DAYLIGHT,RAIN,WET,,T-INTERSECTION,,ASPHALT,DISREGARD SIGNAL/REG SIGN,RIGHT ANGLE,WMAINSTNMATHEWSDR,,2022-07-26 14:14:00
1643,MONROE SD,BLOOMINGTON,1,,0,0,0,,,,S VICTOR PIKE,W BOLIN LN,,0.0,,39.09922307,-86.55813338,LOCAL/CITY ROAD,,RURAL,N,N,N,,DAYLIGHT,CLEAR,DRY,,NO JUNCTION INVOLVED,,ASPHALT,FAILURE TO MAINTAIN LANE,RAN OFF ROAD,WBOLINLNSVICTORPIKE,,2022-08-25 18:22:00
1644,INDIANA UNIV BLOOMINGTON PD,BLOOMINGTON,1,,0,0,0,,,,N DUNN ST,,,0.0,,39.18399953,-86.5283627,LOCAL/CITY ROAD,,URBAN,N,N,N,,DAYLIGHT,CLEAR,DRY,,T-INTERSECTION,,ASPHALT,ANIMAL/OBJECT IN ROADWAY,COLLISION WITH OBJECT IN ROAD,NDUNNST,,2022-08-05 09:55:00
1645,BLOOMINGTON PD,BLOOMINGTON,2,,0,0,0,,,,W COUNTRY CLUB DR,S ROCKPORT RD,,0.0,,39.13639104,-86.54823507,LOCAL/CITY ROAD,,URBAN,N,N,N,,DAYLIGHT,CLEAR,DRY,,FOUR-WAY INTERSECTION,,ASPHALT,FOLLOWING TOO CLOSELY,REAR END,WCOUNTRYCLUBDRSROCKPORTRD,,2022-06-29 15:55:00
1646,MONROE SD,BLOOMINGTON,1,,0,0,0,,,,HANDY RIDGE RD,E PAYNETOWN RD,,0.0,,39.08970702,-86.47721127,LOCAL/CITY ROAD,,RURAL,N,N,N,,DAYLIGHT,CLEAR,DRY,,Y-INTERSECTION,,ASPHALT,OTHER (DRIVER) - EXPLAIN IN NARRATIVE,RAN OFF ROAD,HANDYRIDGERDEPAYNETOWNRD,,2022-06-03 19:43:00
1647,INDIANA UNIV BLOOMINGTON PD,BLOOMINGTON,2,,0,0,0,,,,E 10TH ST,N UNION ST,,0.0,,39.17158659,-86.50938339,LOCAL/CITY ROAD,,URBAN,N,N,N,,DAYLIGHT,CLEAR,DRY,,FOUR-WAY INTERSECTION,,ASPHALT,FAILURE TO YIELD RIGHT OF WAY,REAR END,NUNIONSTE10THST,,2022-07-14 11:45:00
1648,BLOOMINGTON PD,BLOOMINGTON,2,,0,0,0,2713,,,E 3RD ST,,,0.0,,39.16466621,-86.49677534,PRIVATE DRIVE,,URBAN,N,N,N,,DAYLIGHT,CLEAR,DRY,,NO JUNCTION INVOLVED,,ASPHALT,UNSAFE BACKING,BACKING CRASH,E3RDST,,2022-08-27 12:58:00
1649,MONROE SD,BLOOMINGTON,2,,0,0,0,,,,N SMITH PIKE,W JONATHON DR,,0.0,,39.16862129,-86.58301539,COUNTY ROAD,,RURAL,N,N,N,,DAYLIGHT,CLEAR,DRY,,NO JUNCTION INVOLVED,,ASPHALT,UNSAFE LANE MOVEMENT,SAME DIRECTION SIDESWIPE,WJONATHONDRNSMITHPIKE,,2022-08-23 04:32:00
1650,MONROE SD,BLOOMINGTON,2,,1,0,0,,,,,,,0.0,,39.07768968,-86.51135029,,,RURAL,N,N,N,,DARK (NOT LIGHTED),CLEAR,DRY,,NO JUNCTION INVOLVED,,ASPHALT,FOLLOWING TOO CLOSELY,REAR END,,,2022-06-04 10:00:00
1651,BLOOMINGTON PD,BLOOMINGTON,2,,2,0,0,,,,E 10TH ST,N DUNN ST,,0.0,,39.17170218,-86.52823177,LOCAL/CITY ROAD,,URBAN,N,N,N,,DAYLIGHT,CLEAR,DRY,,FOUR-WAY INTERSECTION,,ASPHALT,FOLLOWING TOO CLOSELY,REAR END,NDUNNSTE10THST,,2022-08-19 13:44:00
1652,BLOOMINGTON PD,BLOOMINGTON,2,,0,0,0,101,,,N. CURRY PIKE,,,0.0,,39.16649256,-86.58273376,PRIVATE DRIVE,,URBAN,N,N,N,,DAYLIGHT,CLEAR,DRY,,NO JUNCTION INVOLVED,,ASPHALT,UNSAFE BACKING,BACKING CRASH,N.CURRYPIKE,,2022-07-27 14:54:00
1653,BLOOMINGTON PD,BLOOMINGTON,2,,1,0,0,,,,S COLLEGE MALL RD,COLLEGE MALL PRIVATE DRIVE,,0.0,,39.16295061,-86.49785703,LOCAL/CITY ROAD,,URBAN,N,N,N,,DAYLIGHT,CLEAR,DRY,,FOUR-WAY INTERSECTION,,ASPHALT,FOLLOWING TOO CLOSELY,REAR END,SCOLLEGEMALLRDCOLLEGEMALLPRIVATEDRIVE,,2022-09-27 13:54:00
1654,MONROE SD,BLOOMINGTON,2,,0,0,0,,,,N OARD RD,W VERNAL PIKE,,800.0,,39.17777463,-86.63126728,LOCAL/CITY ROAD,,RURAL,N,N,N,,DAYLIGHT,CLEAR,DRY,,NO JUNCTION INVOLVED,,ASPHALT,FAILURE TO YIELD RIGHT OF WAY,RIGHT ANGLE,WVERNALPIKENOARDRD,,2022-06-30 15:36:00
1655,MONROE SD,BLOOMINGTON,2,,0,0,0,,,,E BETHEL LN,N STIDD RD,,0.0,,,,LOCAL/CITY ROAD,,RURAL,N,N,N,,DAYLIGHT,CLEAR,DRY,,T-INTERSECTION,,ASPHALT,LEFT OF CENTER,OPPOSITE DIRECTION SIDESWIPE,NSTIDDRDEBETHELLN,,2022-07-29 09:29:00
1656,BLOOMINGTON PD,BLOOMINGTON,2,,0,0,0,,,,W BLOOMFIELD RD,S ANNA LEE LN,,0.0,,39.15805253,-86.55747333,LOCAL/CITY ROAD,,URBAN,N,N,N,,DAYLIGHT,CLOUDY,DRY,,T-INTERSECTION,,ASPHALT,FOLLOWING TOO CLOSELY,REAR END,WBLOOMFIELDRDSANNALEELN,,2022-06-06 13:50:00
1657,BLOOMINGTON PD,BLOOMINGTON,2,,1,0,0,,,,E 3RD ST,S PETE ELLIS DR,,0.0,,39.16423183,-86.49508886,LOCAL/CITY ROAD,,URBAN,N,N,N,,DARK (NOT LIGHTED),CLEAR,DRY,,T-INTERSECTION,,ASPHALT,FAILURE TO YIELD RIGHT OF WAY,REAR END,SPETEELLISDRE3RDST,,2022-08-25 20:59:00
1658,INDIANA UNIV BLOOMINGTON PD,BLOOMINGTON,2,,0,0,0,1600,,,E 10TH ST,,,0.0,,39.17188044,-86.51281712,PRIVATE DRIVE,,URBAN,N,N,N,,DAYLIGHT,CLEAR,DRY,,NO JUNCTION INVOLVED,,ASPHALT,IMPROPER TURNING,SAME DIRECTION SIDESWIPE,E10THST,,2022-08-28 14:40:00
1659,BLOOMINGTON PD,BLOOMINGTON,3,,0,0,0,,,,STATE ROAD 45/46 BYPASS,N WALNUT ST,,528.0,,39.18636266,-86.53332658,STATE ROAD,,URBAN,N,N,N,,DAYLIGHT,RAIN,WET,,NO JUNCTION INVOLVED,,ASPHALT,FOLLOWING TOO CLOSELY,REAR END,STATEROAD45/46BYPASSNWALNUTST,,2022-06-10 18:05:00
1660,BLOOMINGTON PD,BLOOMINGTON,3,,1,0,0,,,,S COLLEGE MALL RD,E 3RD ST,,0.0,,39.16395451,-86.49818938,LOCAL/CITY ROAD,,URBAN,N,N,Y,LANE CLOSURE,DAYLIGHT,CLEAR,DRY,,FOUR-WAY INTERSECTION,,ASPHALT,DRIVER DISTRACTED - EXPLAIN IN NARRATIVE,REAR END,SCOLLEGEMALLRDE3RDST,,2022-06-10 13:20:00
1661,BLOOMINGTON PD,BLOOMINGTON,2,,0,0,0,,,,S LEONARD SPRINGS RD,W TAPP RD,,0.0,,39.13703366,-86.58260054,LOCAL/CITY ROAD,,URBAN,N,N,N,,DAYLIGHT,RAIN,WET,,T-INTERSECTION,,ASPHALT,SPEED TOO FAST FOR WEATHER CONDITIONS,REAR END,WTAPPRDSLEONARDSPRINGSRD,,2022-07-17 11:50:00
1662,MONROE SD,BLOOMINGTON,2,,0,0,0,,,,EARL YOUNG RD,E EVERETT ARNOLD DR,,0.0,,39.22429984,-86.4544529,LOCAL/CITY ROAD,,RURAL,N,N,N,,DAYLIGHT,CLEAR,DRY,,T-INTERSECTION,,ASPHALT,FAILURE TO YIELD RIGHT OF WAY,LEFT/RIGHT TURN,EARLYOUNGRDEEVERETTARNOLDDR,,2022-06-09 14:06:00
1663,BLOOMINGTON PD,BLOOMINGTON,2,,0,0,0,,,,E SARATOGA DR,S PARK RIDGE RD,,370.0,,39.16620514,-86.47631715,LOCAL/CITY ROAD,,URBAN,N,N,Y,INTERMITTENT OR MOVING WORK,DAYLIGHT,CLEAR,DRY,,NO JUNCTION INVOLVED,,ASPHALT,UNSAFE BACKING,BACKING CRASH,SPARKRIDGERDESARATOGADR,,2022-07-19 10:19:00
1664,MONROE SD,BLOOMINGTON,2,,0,0,0,,,,RHORER ROAD,HARRELL ROAD,,0.0,,39.121534,-86.498784,LOCAL/CITY ROAD,,RURAL,N,N,N,,DAYLIGHT,CLEAR,DRY,,T-INTERSECTION,,ASPHALT,FOLLOWING TOO CLOSELY,REAR END,RHORERROADHARRELLROAD,,2022-06-25 18:15:00
1665,BLOOMINGTON PD,BLOOMINGTON,2,,0,0,0,,,,N ROGERS ST,W 6TH ST,,264.0,,39.16804312,-86.5387167,LOCAL/CITY ROAD,,URBAN,N,N,N,,DAYLIGHT,CLEAR,DRY,,NO JUNCTION INVOLVED,,ASPHALT,OTHER (DRIVER) - EXPLAIN IN NARRATIVE,SAME DIRECTION SIDESWIPE,W6THSTNROGERSST,,2022-09-21 09:03:00
1666,ELLETTSVILLE PD,ELLETTSVILLE,2,,0,0,0,,,,W MAIN ST,N MATHEWS DR,,0.0,,39.23600781,-86.62504417,LOCAL/CITY ROAD,,URBAN,N,N,N,,DAYLIGHT,CLEAR,DRY,,T-INTERSECTION,,ASPHALT,DISREGARD SIGNAL/REG SIGN,RIGHT ANGLE,WMAINSTNMATHEWSDR,,2022-08-01 12:46:00
1667,BLOOMINGTON PD,BLOOMINGTON,2,,0,0,0,,,,W KIRKWOOD AVE,S MADISON ST,,317.0,,39.16658942,-86.5367737,LOCAL/CITY ROAD,,URBAN,N,N,N,,DAYLIGHT,CLEAR,DRY,,NO JUNCTION INVOLVED,,ASPHALT,VIEW OBSTRUCTED,RIGHT ANGLE,WKIRKWOODAVESMADISONST,,2022-09-09 17:56:00
1668,MONROE SD,BLOOMINGTON,2,,0,0,0,,,,S HARMONY ROAD,KOONTZ ROAD,,500.0,,39.079143,-86.630418,LOCAL/CITY ROAD,,RURAL,N,N,N,,DAYLIGHT,CLEAR,DRY,,NO JUNCTION INVOLVED,,ASPHALT,LEFT OF CENTER,OPPOSITE DIRECTION SIDESWIPE,SHARMONYROADKOONTZROAD,,2022-08-28 18:25:00
1669,INDIANA UNIV BLOOMINGTON PD,BLOOMINGTON,1,,1,0,0,,,,E 10TH ST,,,0.0,,39.17163421,-86.51096932,PRIVATE DRIVE,,URBAN,N,N,N,,DARK (NOT LIGHTED),CLEAR,DRY,,NO JUNCTION INVOLVED,,ASPHALT,FAILURE TO YIELD RIGHT OF WAY,LEFT TURN,E10THST,,2022-09-09 20:15:00
1670,INDIANA UNIV BLOOMINGTON PD,BLOOMINGTON,2,,0,0,0,,,,E 10TH ST,E 10TH ST,,0.0,,39.17177997,-86.50241166,,,URBAN,N,N,N,,DARK (NOT LIGHTED),CLOUDY,DRY,,FOUR-WAY INTERSECTION,,ASPHALT,FOLLOWING TOO CLOSELY,REAR END,E10THSTE10THST,,2022-08-03 21:27:00
1671,BLOOMINGTON PD,BLOOMINGTON,1,,0,0,1,,,,E MOORES PIKE,E CAPE COD CT,,0.0,,39.15048716,-86.50681656,,,URBAN,N,N,N,,DAWN/DUSK,RAIN,WET,,NO JUNCTION INVOLVED,,ASPHALT,ANIMAL/OBJECT IN ROADWAY,COLLISION WITH DEER,EMOORESPIKEECAPECODCT,,2022-09-03 08:00:00
1672,BLOOMINGTON PD,BLOOMINGTON,2,,0,0,0,,,,E 17TH ST,N WALNUT ST,,0.0,,39.17898471,-86.53349108,LOCAL/CITY ROAD,,URBAN,N,N,N,,DAYLIGHT,CLEAR,DRY,,FOUR-WAY INTERSECTION,,ASPHALT,FOLLOWING TOO CLOSELY,REAR END,NWALNUTSTE17THST,,2022-06-19 10:36:00
1673,ISP INDIANAPOLIS 52,BLOOMINGTON,2,,1,0,0,,,,INTERSTATE 69,,,475.0,,39.08520415,-86.57424498,INTERSTATE,,RURAL,N,N,N,,DAYLIGHT,CLOUDY,DRY,,NO JUNCTION INVOLVED,,ASPHALT,OTHER (DRIVER) - EXPLAIN IN NARRATIVE,REAR END,INTERSTATE69112,,2022-08-22 07:46:00
1674,BLOOMINGTON PD,BLOOMINGTON,3,,1,0,0,,,,S SMITH RD,E HAGAN ST,,0.0,,39.1628829,-86.4807261,LOCAL/CITY ROAD,,URBAN,N,N,N,,DAYLIGHT,CLEAR,DRY,,T-INTERSECTION,,ASPHALT,FAILURE TO MAINTAIN LANE,OTHER - EXPLAIN IN NARRATIVE,SSMITHRDEHAGANST,,2022-09-28 16:45:00
1675,BLOOMINGTON PD,BLOOMINGTON,2,,0,0,0,,,,E COVENANTER DR,S COLLEGE MALL RD,,0.0,,39.1551806,-86.49771029,LOCAL/CITY ROAD,,URBAN,N,N,N,,DAYLIGHT,CLEAR,DRY,,FOUR-WAY INTERSECTION,,ASPHALT,UNSAFE LANE MOVEMENT,SAME DIRECTION SIDESWIPE,SCOLLEGEMALLRDECOVENANTERDR,,2022-08-20 16:39:00
1676,ELLETTSVILLE PD,ELLETTSVILLE,2,0.0,0,0,0,,,,W MCNEELY,N UNION VALLEY,,,,,,COUNTY ROAD,N,RURAL,N,N,N,,DAYLIGHT,RAIN,WET,,T-INTERSECTION,STRAIGHT/HILLCREST,ASPHALT,SPEED TOO FAST FOR WEATHER CONDITIONS,RIGHT ANGLE,NUNIONVALLEYRDWMCNEELYST,STOP SIGN,2022-07-17 17:52:00
1677,ELLETTSVILLE PD,ELLETTSVILLE,1,0.0,1,0,0,,,,GILMORE,REEVES,,2000.0,N,39.231648,-86.671296,LOCAL/CITY ROAD,N,RURAL,N,N,N,,DAYLIGHT,CLEAR,DRY,,NO JUNCTION INVOLVED,CURVE/LEVEL,ASPHALT,UNSAFE SPEED,RAN OFF ROAD,GILMORERDREEVESRD,NONE,2022-06-20 13:17:00
1678,ELLETTSVILLE PD,ELLETTSVILLE,2,0.0,0,0,0,,,,SR46W,SALE,,100.0,E,39.23365777,-86.62443977,STATE ROAD,N,URBAN,N,N,N,,DAYLIGHT,CLEAR,DRY,,NO JUNCTION INVOLVED,STRAIGHT/LEVEL,ASPHALT,IMPROPER TURNING,SAME DIRECTION SIDESWIPE,SALESTSR46W,NONE,2022-09-22 11:06:00
1679,BLOOMINGTON PD,BLOOMINGTON,2,0.0,0,0,0,,,,WALNUT,8TH,,40.0,S,39.16944215,-86.53355393,LOCAL/CITY ROAD,N,URBAN,N,N,N,,DARK (LIGHTED),CLEAR,DRY,,NO JUNCTION INVOLVED,STRAIGHT/GRADE,ASPHALT,UNSAFE LANE MOVEMENT,REAR END,8THSTWALNUTST,LANE CONTROL,2022-08-15 02:45:00
1680,BLOOMINGTON PD,BLOOMINGTON,2,,0,0,0,,,,W 3RD ST,I69 NB EXIT 118 OFF-RAMP,,0.0,,39.16465421,-86.57384224,STATE ROAD,,URBAN,N,N,N,,DAYLIGHT,CLOUDY,DRY,,FOUR-WAY INTERSECTION,,ASPHALT,DISREGARD SIGNAL/REG SIGN,RIGHT ANGLE,W3RDSTI69NBEXIT118OFF-RAMP,,2022-06-09 16:12:00
1681,BLOOMINGTON PD,BLOOMINGTON,2,,1,0,0,,,,S WALNUT ST,E 1ST ST,,0.0,,39.1593517,-86.53365559,LOCAL/CITY ROAD,,URBAN,N,N,N,,DAYLIGHT,CLEAR,DRY,,FOUR-WAY INTERSECTION,,ASPHALT,FOLLOWING TOO CLOSELY,REAR END,SWALNUTSTE1STST,,2022-08-27 04:39:00
1682,BLOOMINGTON PD,BLOOMINGTON,2,,0,0,0,671,,,S LANDMARK AVE,,,0.0,,39.15865411,-86.55373014,PRIVATE DRIVE,,URBAN,N,N,N,,DAYLIGHT,CLOUDY,DRY,,NO JUNCTION INVOLVED,,CONCRETE,UNSAFE BACKING,BACKING CRASH,SLANDMARKAVE,,2022-07-26 14:44:00
1683,BLOOMINGTON PD,BLOOMINGTON,2,,0,0,0,,,,W 3RD ST,W LIBERTY DR,,500.0,,39.16460794,-86.57784055,LOCAL/CITY ROAD,,URBAN,N,N,N,,DAYLIGHT,CLOUDY,WET,,T-INTERSECTION,,ASPHALT,FAILURE TO YIELD RIGHT OF WAY,RIGHT ANGLE,WLIBERTYDRW3RDST,,2022-07-26 12:55:00
1684,DNR LAW ENFORCEMENT,BLOOMINGTON,2,,0,0,0,,,,STATE RD 446,,,0.0,,39.09153267,-86.42295873,PRIVATE DRIVE,,RURAL,N,N,N,,DAYLIGHT,CLEAR,DRY,,NO JUNCTION INVOLVED,,ASPHALT,UNSAFE BACKING,BACKING CRASH,STATERD446,,2022-08-12 11:25:00
1685,BLOOMINGTON PD,BLOOMINGTON,2,,0,0,0,,,,W 3RD ST,S WESTPLEX AVE,,370.0,,39.16440395,-86.55303187,LOCAL/CITY ROAD,,URBAN,N,N,N,,DAYLIGHT,RAIN,WET,,NO JUNCTION INVOLVED,,ASPHALT,FOLLOWING TOO CLOSELY,REAR END,W3RDSTSWESTPLEXAVE,,2022-06-10 14:50:00
1686,BLOOMINGTON PD,BLOOMINGTON,2,,0,0,0,,,,S WASHINGTON ST,E DODDS ST,,0.0,,39.15737173,-86.5324182,LOCAL/CITY ROAD,,URBAN,N,N,N,,DAYLIGHT,CLEAR,DRY,,FOUR-WAY INTERSECTION,,ASPHALT,DISREGARD SIGNAL/REG SIGN,RIGHT TURN,SWASHINGTONSTEDODDSST,,2022-06-03 15:41:00
1687,MONROE SD,BLOOMINGTON,1,,0,0,0,,,,STATE RD 46,,,0.0,,39.1882739,-86.56685776,STATE ROAD,,RURAL,N,Y,N,,DARK (NOT LIGHTED),CLEAR,DRY,,NO JUNCTION INVOLVED,,ASPHALT,UNSAFE SPEED,RAN OFF ROAD,STATERD46,,2022-09-18 21:41:00
1688,BLOOMINGTON PD,BLOOMINGTON,2,,0,0,0,,,,300 BLK W. COUNTRY CLUB DR,S. MADISON ST,,1000.0,,0.0,0.0,LOCAL/CITY ROAD,,URBAN,N,N,N,,DAYLIGHT,CLEAR,DRY,,NO JUNCTION INVOLVED,,ASPHALT,FOLLOWING TOO CLOSELY,REAR END,S.MADISONST300BLKW.COUNTRYCLUBDR,,2022-09-12 12:15:00
1689,MONROE SD,BLOOMINGTON,3,,1,0,0,,,,S CURRY PIKE,W DOYLE AVE,,0.0,,39.1580385,-86.58263644,LOCAL/CITY ROAD,,URBAN,N,N,N,,DAYLIGHT,CLEAR,DRY,,FOUR-WAY INTERSECTION,,ASPHALT,FOLLOWING TOO CLOSELY,REAR END,WDOYLEAVESCURRYPIKE,,2022-09-30 13:10:00
1690,BLOOMINGTON PD,BLOOMINGTON,2,,0,0,0,,,,411 S. WOODSCREST DRIVE,,,0.0,,0.0,0.0,PRIVATE DRIVE,,URBAN,N,N,N,,DAYLIGHT,CLEAR,DRY,,NO JUNCTION INVOLVED,,ASPHALT,UNSAFE BACKING,BACKING CRASH,411S.WOODSCRESTDRIVE,,2022-09-20 10:25:00
1691,BLOOMINGTON PD,BLOOMINGTON,1,,1,0,0,,,,SARE RD,WINSLOW RD,,0.0,,,,LOCAL/CITY ROAD,,URBAN,N,N,N,,DARK (LIGHTED),CLOUDY,DRY,,TRAFFIC CIRCLE/ROUNDABOUT,,ASPHALT,FAILURE TO MAINTAIN LANE,RAN OFF ROAD,WINSLOWRDSARERD,,2022-08-07 05:08:00
1692,BLOOMINGTON PD,BLOOMINGTON,1,,1,0,0,,,,3RD ST,HIGH ST,,0.0,,39.16427558,-86.50848189,,,URBAN,N,N,N,,DARK (LIGHTED),CLEAR,DRY,,T-INTERSECTION,,ASPHALT,DRIVER DISTRACTED - EXPLAIN IN NARRATIVE,RAN OFF ROAD,3RDSTHIGHST,,2022-07-04 22:00:00
1693,INDIANA UNIV BLOOMINGTON PD,BLOOMINGTON,2,,0,0,0,,,,E 3RD ST,S WOODLAWN AVE,,317.0,,39.16429561,-86.52334954,LOCAL/CITY ROAD,,URBAN,N,N,N,,DAYLIGHT,CLEAR,DRY,,T-INTERSECTION,,ASPHALT,FOLLOWING TOO CLOSELY,REAR END,SWOODLAWNAVEE3RDST,,2022-08-23 13:30:00
1694,BLOOMINGTON PD,BLOOMINGTON,1,,0,0,0,,,,1421 N WILLIS DR,,,0.0,,39.18252992,-86.54533553,PRIVATE DRIVE,,URBAN,N,N,N,,DARK (LIGHTED),CLEAR,WET,,NO JUNCTION INVOLVED,,ASPHALT,OTHER (DRIVER) - EXPLAIN IN NARRATIVE,BACKING CRASH,1421NWILLISDR,,2022-07-07 23:00:00
1695,BLOOMINGTON PD,BLOOMINGTON,4,,1,0,0,,,,S COLLEGE MALL RD,E 2ND ST,,370.0,,39.16027157,-86.49772636,LOCAL/CITY ROAD,,URBAN,N,N,N,,DAYLIGHT,CLEAR,DRY,,NO JUNCTION INVOLVED,,ASPHALT,FOLLOWING TOO CLOSELY,REAR END,SCOLLEGEMALLRDE2NDST,,2022-09-21 13:00:00
1696,INDIANA UNIV BLOOMINGTON PD,BLOOMINGTON,2,,0,0,0,,,,STATE RD 46,E 10TH ST,,0.0,,39.17092533,-86.50199122,STATE ROAD,,URBAN,N,N,N,,DAYLIGHT,CLEAR,DRY,,FOUR-WAY INTERSECTION,,ASPHALT,FOLLOWING TOO CLOSELY,REAR END,STATERD46E10THST,,2022-09-28 09:30:00
1697,INDIANA UNIV BLOOMINGTON PD,BLOOMINGTON,2,,0,0,0,,,,N UNION ST,,,0.0,,39.17392761,-86.51064123,PRIVATE DRIVE,,URBAN,N,N,N,,DAYLIGHT,CLEAR,DRY,,NO JUNCTION INVOLVED,,ASPHALT,UNSAFE BACKING,BACKING CRASH,NUNIONST,,2022-08-23 18:44:00
1698,MONROE SD,BLOOMINGTON,2,,0,0,0,,,,S SR 37,S VICTOR PIKE,,0.0,,39.1055865,-86.551363,STATE ROAD,,RURAL,N,Y,N,,DAYLIGHT,CLEAR,DRY,,T-INTERSECTION,,ASPHALT,DISREGARD SIGNAL/REG SIGN,RIGHT ANGLE,SVICTORPIKESSR37,,2022-08-03 12:50:00
1699,BLOOMINGTON PD,BLOOMINGTON,1,,1,0,0,,,,S SMITH RD,S FENBROOK LN,,0.0,,39.15446814,-86.48061507,LOCAL/CITY ROAD,,URBAN,N,N,N,,DAYLIGHT,CLEAR,DRY,,NO JUNCTION INVOLVED,,ASPHALT,DRIVER ASLEEP OR FATIGUED,RAN OFF ROAD,SSMITHRDSFENBROOKLN,,2022-08-25 18:59:00
1700,BLOOMINGTON PD,BLOOMINGTON,2,,0,0,0,,,,E ROGERS RD,S SARE RD,,0.0,,39.13595076,-86.49668429,LOCAL/CITY ROAD,,URBAN,N,N,N,,DAYLIGHT,CLEAR,DRY,,TRAFFIC CIRCLE/ROUNDABOUT,,ASPHALT,FAILURE TO YIELD RIGHT OF WAY,SAME DIRECTION SIDESWIPE,SSARERDEROGERSRD,,2022-08-17 16:03:00
1701,BLOOMINGTON PD,BLOOMINGTON,1,,1,0,0,,,,S COPPER BEECH WAY,S BASSWOOD DR,,0.0,,39.15665904,-86.57102055,LOCAL/CITY ROAD,,URBAN,N,N,N,,DAYLIGHT,CLOUDY,DRY,,NO JUNCTION INVOLVED,,ASPHALT,OTHER (DRIVER) - EXPLAIN IN NARRATIVE,RAN OFF ROAD,SCOPPERBEECHWAYSBASSWOODDR,,2022-08-21 20:00:00
1702,BLOOMINGTON PD,BLOOMINGTON,1,,0,0,0,,,,"325 E WINSLOW RD BLOOMINGTON, IN",,,0.0,,,,PRIVATE DRIVE,,URBAN,N,N,N,,DAWN/DUSK,CLEAR,DRY,,NO JUNCTION INVOLVED,,ASPHALT,UNSAFE SPEED,RAN OFF ROAD,"325EWINSLOWRDBLOOMINGTON,IN",,2022-07-14 08:01:00
1703,BLOOMINGTON PD,BLOOMINGTON,2,,2,0,0,,,,N GRANT ST,E 8TH ST,,264.0,,39.16900407,-86.52979945,LOCAL/CITY ROAD,,URBAN,N,N,N,,DAYLIGHT,CLEAR,DRY,,NO JUNCTION INVOLVED,,ASPHALT,FAILURE TO YIELD RIGHT OF WAY,RIGHT ANGLE,NGRANTSTE8THST,,2022-09-22 13:22:00
1704,BLOOMINGTON PD,BLOOMINGTON,2,,2,0,0,,,,S PETE ELLIS DR,LONGVIEW AVE,,0.0,,39.16694777,-86.49492615,LOCAL/CITY ROAD,,URBAN,N,N,N,,DARK (LIGHTED),CLEAR,DRY,,FOUR-WAY INTERSECTION,,ASPHALT,FOLLOWING TOO CLOSELY,REAR END,SPETEELLISDRLONGVIEWAVE,,2022-09-28 04:32:00
1705,MONROE SD,BLOOMINGTON,2,,0,0,0,,,,W AIRPORT RD,S BUNGER RD,,0.0,,39.13686446,-86.60599656,LOCAL/CITY ROAD,,RURAL,N,N,N,,DAYLIGHT,CLEAR,DRY,,FOUR-WAY INTERSECTION,,ASPHALT,FAILURE TO YIELD RIGHT OF WAY,LEFT TURN,WAIRPORTRDSBUNGERRD,,2022-08-21 12:29:00