_id,Agency,City,Vehicles Involved,Trailers Involved,Number Injured,Number Dead,Number Deer,House Number,Roadway Interchange,Roadway Ramp,Roadway Id,Intersecting Road,Interchange,Feet From,Direction,Latitude,Longitude,Roadway Class,Hit and Run?,Locality,School Zone?,Rumble Strips?,Construction?,Construction Type,Light Condition,Weather Conditions,Surface Condition,Type of Median,Roadway Junction Type,Road Character,Roadway Surface,Primary Factor,Manner of Collision,Unique Location Id,Traffic Control,DateTime
1774,BLOOMINGTON PD,BLOOMINGTON,1,,1,0,0,,,,S GRANT ST,E KIRKWOOD AVE,,0.0,,39.16648195,-86.52986416,LOCAL/CITY ROAD,,URBAN,N,N,N,,DAYLIGHT,CLEAR,DRY,,FOUR-WAY INTERSECTION,,ASPHALT,OVERCORRECTING/OVERSTEERING,OTHER - EXPLAIN IN NARRATIVE,SGRANTSTEKIRKWOODAVE,,2022-07-19 13:24:00
1775,INDIANA UNIV BLOOMINGTON PD,BLOOMINGTON,2,,1,0,0,,,,E ATWATER AVE,BALLANTINE RD,,0.0,,39.16308131,-86.51879258,LOCAL/CITY ROAD,,URBAN,N,N,N,,DAYLIGHT,CLOUDY,DRY,,FOUR-WAY INTERSECTION,,ASPHALT,UNSAFE LANE MOVEMENT,LEFT TURN,EATWATERAVEBALLANTINERD,,2022-06-06 14:33:00
1776,BLOOMINGTON PD,BLOOMINGTON,2,,0,0,0,,,,N WALNUT ST,E 17TH ST,,0.0,,39.17895817,-86.53346106,LOCAL/CITY ROAD,,URBAN,N,N,N,,DARK (LIGHTED),CLOUDY,DRY,,FOUR-WAY INTERSECTION,,ASPHALT,DISREGARD SIGNAL/REG SIGN,RIGHT ANGLE,NWALNUTSTE17THST,,2022-08-01 22:56:00
1777,BLOOMINGTON PD,BLOOMINGTON,2,,0,0,0,,,,W STATE RD 45,S HICKORY LEAF DR,,0.0,,39.14493061,-86.57791386,STATE ROAD,,URBAN,N,N,N,,DAYLIGHT,CLOUDY,DRY,,FOUR-WAY INTERSECTION,,ASPHALT,FOLLOWING TOO CLOSELY,REAR END,WSTATERD45SHICKORYLEAFDR,,2022-09-12 15:14:00
1778,INDIANA UNIV BLOOMINGTON PD,BLOOMINGTON,2,,0,0,0,,,,STATE RD 45,WALKWAY,,0.0,,39.17441036,-86.5036971,STATE ROAD,,URBAN,N,N,N,,DAYLIGHT,CLEAR,DRY,,NO JUNCTION INVOLVED,,ASPHALT,FOLLOWING TOO CLOSELY,REAR END,WALKWAYSTATERD45,,2022-09-30 16:35:00
1779,BLOOMINGTON PD,BLOOMINGTON,2,,0,0,0,,,,STATE RD 46,E 7TH ST,,0.0,,39.1677022,-86.50022174,STATE ROAD,,URBAN,N,N,N,,DAYLIGHT,CLEAR,DRY,,T-INTERSECTION,,ASPHALT,UNSAFE LANE MOVEMENT,SAME DIRECTION SIDESWIPE,STATERD46E7THST,,2022-08-16 11:43:00
1780,MONROE SD,BLOOMINGTON,1,,0,0,1,,,,W SR 48,S STONECHASE XING,,0.0,,39.1647547,-86.5952735,STATE ROAD,,URBAN,N,Y,N,,DARK (LIGHTED),CLEAR,DRY,,T-INTERSECTION,,ASPHALT,ANIMAL/OBJECT IN ROADWAY,COLLISION WITH DEER,WSR48SSTONECHASEXING,,2022-08-12 06:44:00
1781,BLOOMINGTON PD,BLOOMINGTON,2,,0,0,0,,,,W. 3RD ST,S. PATTERSON DR,,0.0,,39.16342,-86.551249,LOCAL/CITY ROAD,,URBAN,N,N,N,,DAYLIGHT,CLEAR,DRY,,FOUR-WAY INTERSECTION,,ASPHALT,UNSAFE LANE MOVEMENT,SAME DIRECTION SIDESWIPE,W.3RDSTS.PATTERSONDR,,2022-06-09 12:25:00
1782,BLOOMINGTON PD,BLOOMINGTON,1,,1,0,0,,,,S ROGERS ST,W CHAMBERS DR,,0.0,,39.14628977,-86.53882736,LOCAL/CITY ROAD,,URBAN,N,N,N,,DAYLIGHT,CLEAR,DRY,,T-INTERSECTION,,ASPHALT,LEFT OF CENTER,RAN OFF ROAD,WCHAMBERSDRSROGERSST,,2022-06-29 14:07:00
1783,BLOOMINGTON PD,BLOOMINGTON,2,,0,0,0,,,,S LEONARD SPRINGS RD,STATE RD 45,,0.0,,39.1413407,-86.58259249,LOCAL/CITY ROAD,,URBAN,N,N,N,,DAYLIGHT,CLOUDY,DRY,,NO JUNCTION INVOLVED,,ASPHALT,FAILURE TO YIELD RIGHT OF WAY,RIGHT ANGLE,STATERD45SLEONARDSPRINGSRD,,2022-07-02 09:46:00
1784,MONROE SD,BLOOMINGTON,2,,0,0,0,,,,W STATE RD 45,,,0.0,,39.14214944,-86.58002613,PRIVATE DRIVE,,RURAL,N,N,N,,DAYLIGHT,CLEAR,DRY,,NO JUNCTION INVOLVED,,ASPHALT,FAILURE TO MAINTAIN LANE,BACKING CRASH,WSTATERD45,,2022-06-04 19:04:00
1785,BLOOMINGTON PD,BLOOMINGTON,1,,0,0,1,,I69,1,I69117,,,0.0,,,,INTERSTATE,,URBAN,N,N,N,,DARK (LIGHTED),CLEAR,DRY,,NO JUNCTION INVOLVED,,ASPHALT,ANIMAL/OBJECT IN ROADWAY,COLLISION WITH DEER,I69117,,2022-06-19 05:20:00
1786,INDIANA UNIV BLOOMINGTON PD,BLOOMINGTON,2,,0,0,0,1115,,,N JORDAN AVE,,,0.0,,39.17656632,-86.51368516,PRIVATE DRIVE,,URBAN,N,N,N,,DAYLIGHT,CLEAR,DRY,,NO JUNCTION INVOLVED,,ASPHALT,UNSAFE BACKING,BACKING CRASH,NJORDANAVE,,2022-09-02 12:20:00
1787,BLOOMINGTON PD,BLOOMINGTON,2,,0,0,0,2701,,,E 3RD ST,,,0.0,,39.16496628,-86.49766272,PRIVATE DRIVE,,URBAN,N,N,N,,DAYLIGHT,CLEAR,DRY,,NO JUNCTION INVOLVED,,ASPHALT,FOLLOWING TOO CLOSELY,REAR END,E3RDST,,2022-06-09 19:14:00
1788,BLOOMINGTON PD,BLOOMINGTON,2,,0,0,0,,,,W COUNTRY CLUB DR,B-LINE,,0.0,,39.13599238,-86.53385473,LOCAL/CITY ROAD,,URBAN,N,N,N,,DAYLIGHT,CLEAR,DRY,,FOUR-WAY INTERSECTION,,ASPHALT,FOLLOWING TOO CLOSELY,REAR END,WCOUNTRYCLUBDRB-LINE,,2022-09-17 14:48:00
1789,BLOOMINGTON PD,BLOOMINGTON,2,,1,0,0,,,,S PALMER AVE,E HILLSIDE DR,,0.0,,39.15058643,-86.52923932,,,URBAN,N,N,N,,DAYLIGHT,CLEAR,DRY,,T-INTERSECTION,,ASPHALT,UNSAFE SPEED,LEFT TURN,SPALMERAVEEHILLSIDEDR,,2022-09-08 16:00:00
1790,MONROE SD,BLOOMINGTON,2,,0,0,0,,,,STATE RD 46,W ARLINGTON RD,,0.0,,39.20782592,-86.58010762,STATE ROAD,,RURAL,N,N,N,,DAYLIGHT,CLEAR,DRY,,FOUR-WAY INTERSECTION,,ASPHALT,FOLLOWING TOO CLOSELY,REAR END,WARLINGTONRDSTATERD46,,2022-06-21 03:24:00
1791,MONROE SD,BLOOMINGTON,1,,0,0,0,,,,I-69,,,686.0,,39.14600943,-86.57330579,INTERSTATE,,RURAL,N,N,N,,DAYLIGHT,CLEAR,DRY,,NO JUNCTION INVOLVED,,ASPHALT,OTHER (ENVIRONMENTAL) - EXPLAIN IN NARR,NON-COLLISION,I-69,,2022-06-14 13:27:00
1792,BLOOMINGTON PD,BLOOMINGTON,2,,0,0,0,,,,N THORNTREE DR,W ARLINGTON VALLEY DR,,0.0,,39.18314898,-86.54586843,LOCAL/CITY ROAD,,URBAN,N,N,N,,UNKNOWN,CLEAR,DRY,,NO JUNCTION INVOLVED,,ASPHALT,OTHER (DRIVER) - EXPLAIN IN NARRATIVE,SAME DIRECTION SIDESWIPE,WARLINGTONVALLEYDRNTHORNTREEDR,,2022-06-08 00:01:00
1793,MONROE SD,BLOOMINGTON,1,,0,0,1,,,,S KIRBY RD,S FIELDSTONE BLVD,,0.0,,39.15711816,-86.61048239,LOCAL/CITY ROAD,,RURAL,N,N,N,,DAWN/DUSK,CLEAR,DRY,,NO JUNCTION INVOLVED,,ASPHALT,ANIMAL/OBJECT IN ROADWAY,COLLISION WITH ANIMAL OTHER,SKIRBYRDSFIELDSTONEBLVD,,2022-07-23 21:03:00
1794,BLOOMINGTON PD,BLOOMINGTON,3,,0,0,0,,,,STATE RD 46,I-69 BYPASS,,0.0,,39.18726847,-86.55745799,STATE ROAD,,URBAN,N,N,N,,DAYLIGHT,CLEAR,DRY,,INTERCHANGE,,ASPHALT,FOLLOWING TOO CLOSELY,REAR END,STATERD46I-69BYPASS,,2022-06-28 16:22:00
1795,MONROE SD,BLOOMINGTON,1,,1,0,0,,,,N CURRY PIKE,W WOODYARD RD,,0.0,,39.19026962,-86.58252186,LOCAL/CITY ROAD,,RURAL,N,N,Y,X-OVER/LANE SHIFT,DAYLIGHT,CLEAR,LOOSE MATERIAL ON ROAD,,TRAFFIC CIRCLE/ROUNDABOUT,,ASPHALT,UNSAFE SPEED,RAN OFF ROAD,WWOODYARDRDNCURRYPIKE,,2022-06-30 19:49:00
1796,MONROE SD,BLOOMINGTON,1,,0,0,0,,,,N MT TABOR RD,N BARR RD,,950.0,,39.27258542,-86.62072725,LOCAL/CITY ROAD,,RURAL,N,N,N,,DAYLIGHT,CLEAR,DRY,,NO JUNCTION INVOLVED,,ASPHALT,OVERCORRECTING/OVERSTEERING,RAN OFF ROAD,NMTTABORRDNBARRRD,,2022-07-04 15:26:00
1797,BLOOMINGTON PD,BLOOMINGTON,2,,0,0,0,2036,,,N WALNUT ST,,,0.0,,39.18548946,-86.5322591,PRIVATE DRIVE,,URBAN,N,N,N,,DARK (LIGHTED),CLOUDY,WET,,NO JUNCTION INVOLVED,,ASPHALT,OTHER (DRIVER) - EXPLAIN IN NARRATIVE,RIGHT ANGLE,NWALNUTST,,2022-07-26 18:00:00
1798,BLOOMINGTON PD,BLOOMINGTON,1,,1,0,0,,,,S CURRY PIKE,W STATE RD 45,,0.0,,39.14260094,-86.58263733,LOCAL/CITY ROAD,,URBAN,N,Y,N,,DAYLIGHT,CLEAR,DRY,,INTERCHANGE,,ASPHALT,FOLLOWING TOO CLOSELY,OTHER - EXPLAIN IN NARRATIVE,WSTATERD45SCURRYPIKE,,2022-08-17 14:39:00
1799,BLOOMINGTON PD,BLOOMINGTON,2,,0,0,0,,,,S COLLEGE MALL RD,E 3RD ST,,0.0,,39.16373472,-86.49815221,,,URBAN,N,N,N,,DAYLIGHT,CLEAR,DRY,,INTERCHANGE,,ASPHALT,FOLLOWING TOO CLOSELY,REAR END,SCOLLEGEMALLRDE3RDST,,2022-08-18 15:59:00
1800,BLOOMINGTON PD,BLOOMINGTON,2,,0,0,0,,,,W COOLIDGE DR,S BROADVIEW DR,,0.0,,39.14133422,-86.54294299,LOCAL/CITY ROAD,,URBAN,N,N,N,,DARK (LIGHTED),CLOUDY,DRY,,NO JUNCTION INVOLVED,,ASPHALT,UNSAFE SPEED,SAME DIRECTION SIDESWIPE,WCOOLIDGEDRSBROADVIEWDR,,2022-08-16 22:10:00
1801,BLOOMINGTON PD,BLOOMINGTON,2,,0,0,0,,,,S WALNUT ST,E RHORER RD,,0.0,,39.12146649,-86.53137137,LOCAL/CITY ROAD,,URBAN,N,N,N,,DAYLIGHT,CLEAR,DRY,,FOUR-WAY INTERSECTION,,ASPHALT,FAILURE TO YIELD RIGHT OF WAY,RIGHT ANGLE,SWALNUTSTERHORERRD,,2022-08-20 18:40:00
1802,BLOOMINGTON PD,BLOOMINGTON,2,,1,0,0,,,,S WALNUT ST,E NORTH DR,,0.0,,39.14415496,-86.531813,LOCAL/CITY ROAD,,URBAN,N,N,N,,DAYLIGHT,CLEAR,DRY,,FOUR-WAY INTERSECTION,,ASPHALT,FOLLOWING TOO CLOSELY,REAR END,SWALNUTSTENORTHDR,,2022-08-19 17:18:00
1803,BLOOMINGTON PD,BLOOMINGTON,2,,0,0,0,,,,S JORDAN AVE,E SOUTHDOWNS DR,,100.0,,39.15493596,-86.51521857,LOCAL/CITY ROAD,,URBAN,N,N,N,,DAYLIGHT,CLEAR,DRY,,NO JUNCTION INVOLVED,,ASPHALT,UNSAFE BACKING,BACKING CRASH,SJORDANAVEESOUTHDOWNSDR,,2022-09-29 13:37:00
1804,DNR LAW ENFORCEMENT,BLOOMINGTON,2,,0,0,0,,,,PAYNETOWN RD,,,0.0,,39.08360326,-86.43445044,STATE ROAD,,RURAL,N,N,N,,DAYLIGHT,CLEAR,DRY,,Y-INTERSECTION,,ASPHALT,FAILURE TO YIELD RIGHT OF WAY,LEFT TURN,PAYNETOWNRD,,2022-08-07 12:10:00
1805,MONROE SD,BLOOMINGTON,1,,0,0,0,,,,N LEE PAUL RD,STATE RD 37,,0.0,,39.28418064,-86.52189719,COUNTY ROAD,,URBAN,N,N,N,,UNKNOWN,CLEAR,DRY,,NO JUNCTION INVOLVED,,ASPHALT,DRIVER ASLEEP OR FATIGUED,NON-COLLISION,STATERD37NLEEPAULRD,,2022-07-23 05:00:00
1806,BLOOMINGTON PD,BLOOMINGTON,2,,2,0,0,,,,FLEENER AVE,S LEONARD SPRINGS RD,,0.0,,39.13734466,-86.5826819,LOCAL/CITY ROAD,,URBAN,N,N,N,,DAYLIGHT,CLEAR,DRY,,T-INTERSECTION,,ASPHALT,FAILURE TO YIELD RIGHT OF WAY,RIGHT ANGLE,SLEONARDSPRINGSRDFLEENERAVE,,2022-06-26 17:45:00
1807,BLOOMINGTON PD,BLOOMINGTON,2,,0,0,0,,,,N DUNN ST,E 7TH ST,,0.0,,39.16855475,-86.52825541,LOCAL/CITY ROAD,,URBAN,N,N,N,,DAYLIGHT,CLOUDY,DRY,,FOUR-WAY INTERSECTION,,ASPHALT,FAILURE TO YIELD RIGHT OF WAY,RIGHT ANGLE,NDUNNSTE7THST,,2022-07-25 04:20:00
1808,BLOOMINGTON PD,BLOOMINGTON,1,,0,0,0,,,,1823 S HIGHLAND AVE,,,0.0,,,,PRIVATE DRIVE,,URBAN,Y,N,N,,DAYLIGHT,CLEAR,DRY,,NO JUNCTION INVOLVED,,ASPHALT,OTHER (ENVIRONMENTAL) - EXPLAIN IN NARR,NON-COLLISION,1823SHIGHLANDAVE,,2022-06-22 10:23:00
1809,BLOOMINGTON PD,BLOOMINGTON,2,,2,0,0,,,,W 3RD ST,S CURRY PIKE,,0.0,,39.16464236,-86.58294986,LOCAL/CITY ROAD,,URBAN,N,N,N,,DAYLIGHT,CLEAR,DRY,,FOUR-WAY INTERSECTION,,ASPHALT,FAILURE TO YIELD RIGHT OF WAY,RIGHT ANGLE,W3RDSTSCURRYPIKE,,2022-07-05 14:25:00
1810,BLOOMINGTON PD,BLOOMINGTON,1,,0,0,0,,,,W DUNCAN DR,S ROCKPORT RD,,1056.0,,39.14580419,-86.54225297,LOCAL/CITY ROAD,,URBAN,N,N,N,,DAYLIGHT,CLEAR,DRY,,NO JUNCTION INVOLVED,,ASPHALT,OTHER (DRIVER) - EXPLAIN IN NARRATIVE,NON-COLLISION,WDUNCANDRSROCKPORTRD,,2022-08-05 17:32:00
1811,BLOOMINGTON PD,BLOOMINGTON,2,,0,0,0,,,,W MARQUIS DR,N CRESCENT RD,,0.0,,39.17787026,-86.55638642,LOCAL/CITY ROAD,,URBAN,N,N,N,,DARK (LIGHTED),CLEAR,DRY,,T-INTERSECTION,,ASPHALT,UNSAFE LANE MOVEMENT,LEFT/RIGHT TURN,WMARQUISDRNCRESCENTRD,,2022-09-12 08:40:00
1812,BLOOMINGTON PD,BLOOMINGTON,2,,0,0,0,3901,,,N KINSER PK,,,0.0,,39.20152739,-86.55090155,PRIVATE DRIVE,,URBAN,N,N,N,,DAYLIGHT,CLEAR,DRY,,NO JUNCTION INVOLVED,,ASPHALT,OVERCORRECTING/OVERSTEERING,REAR END,NKINSERPK,,2022-08-30 10:31:00
1813,INDIANA UNIV BLOOMINGTON PD,BLOOMINGTON,2,,0,0,0,,,,STATE RD 46,E EASTGATE LN,,53.0,,39.17013515,-86.50155134,STATE ROAD,,URBAN,N,N,N,,DAYLIGHT,RAIN,WET,,T-INTERSECTION,,ASPHALT,FOLLOWING TOO CLOSELY,REAR END,STATERD46EEASTGATELN,,2022-06-10 14:10:00
1814,BLOOMINGTON PD,BLOOMINGTON,2,,4,0,0,,,,STATE RD 46,STATE RD 46,,0.0,,39.18653725,-86.53774948,STATE ROAD,,URBAN,N,N,N,,DAYLIGHT,CLOUDY,DRY,,FOUR-WAY INTERSECTION,,ASPHALT,FAILURE TO YIELD RIGHT OF WAY,RIGHT ANGLE,STATERD46STATERD46,,2022-06-26 12:45:00
1815,MONROE SD,BLOOMINGTON,1,,0,0,1,,,,STATE RD 45,LIMBERLOST LN,,0.0,,39.20862613,-86.46340545,STATE ROAD,,RURAL,N,N,N,,DAYLIGHT,CLOUDY,DRY,,NO JUNCTION INVOLVED,,ASPHALT,ANIMAL/OBJECT IN ROADWAY,COLLISION WITH DEER,STATERD45LIMBERLOSTLN,,2022-06-13 05:59:00
1816,MONROE SD,BLOOMINGTON,2,,0,0,0,,,,N UNION VALLEY RD,W LOST MANS LN,,0.0,,39.22335752,-86.59270614,LOCAL/CITY ROAD,,URBAN,N,N,N,,DAYLIGHT,RAIN,WET,,T-INTERSECTION,,ASPHALT,FAILURE TO YIELD RIGHT OF WAY,OPPOSITE DIRECTION SIDESWIPE,WLOSTMANSLNNUNIONVALLEYRD,,2022-08-09 15:07:00
1817,INDIANA UNIV BLOOMINGTON PD,BLOOMINGTON,2,,0,0,0,1725,,,E 3RD ST,,,0.0,,39.16437069,-86.51190466,LOCAL/CITY ROAD,,URBAN,N,N,N,,DAYLIGHT,CLEAR,DRY,,NO JUNCTION INVOLVED,,ASPHALT,UNSAFE BACKING,BACKING CRASH,E3RDST,,2022-09-19 02:00:00
1818,BLOOMINGTON PD,BLOOMINGTON,2,,0,0,0,,,,1519 S. PIAZZA DR,,,0.0,,0.0,0.0,PRIVATE DRIVE,,URBAN,N,N,N,,DAYLIGHT,CLEAR,DRY,,NO JUNCTION INVOLVED,,ASPHALT,UNDER STEERING/UNDER CORRECTING,OPPOSITE DIRECTION SIDESWIPE,1519S.PIAZZADR,,2022-08-05 17:00:00
1819,MONROE SD,BLOOMINGTON,1,,0,0,1,,,,W ARLINGTON RD,N PROW,,0.0,,39.19446327,-86.55454769,LOCAL/CITY ROAD,,RURAL,N,N,N,,DAYLIGHT,CLEAR,DRY,,NO JUNCTION INVOLVED,,ASPHALT,ANIMAL/OBJECT IN ROADWAY,COLLISION WITH DEER,WARLINGTONRDNPROW,,2022-06-10 11:17:00
1820,MONROE SD,BLOOMINGTON,1,,0,0,0,,,,E SCHACHT RD,,,0.0,,39.1070965,-86.51079041,LOCAL/CITY ROAD,,RURAL,N,N,N,,DAYLIGHT,CLEAR,DRY,,NO JUNCTION INVOLVED,,ASPHALT,DRIVER DISTRACTED - EXPLAIN IN NARRATIVE,RAN OFF ROAD,ESCHACHTRD,,2022-06-17 17:28:00
1821,BLOOMINGTON PD,BLOOMINGTON,4,,0,0,0,,,,3380 W RUNKLE WAY,,,0.0,,0.0,0.0,PRIVATE DRIVE,,URBAN,N,N,N,,DARK (LIGHTED),CLEAR,DRY,,NO JUNCTION INVOLVED,,ASPHALT,OTHER (DRIVER) - EXPLAIN IN NARRATIVE,OTHER - EXPLAIN IN NARRATIVE,3380WRUNKLEWAY,,2022-09-24 22:45:00
1822,MONROE SD,BLOOMINGTON,2,,0,0,0,,,,E BETHEL LN,N WESLEY LN,,0.0,,39.21232843,-86.49352681,LOCAL/CITY ROAD,,RURAL,N,N,N,,DAYLIGHT,CLEAR,DRY,,NO JUNCTION INVOLVED,,ASPHALT,OTHER (ENVIRONMENTAL) - EXPLAIN IN NARR,OPPOSITE DIRECTION SIDESWIPE,NWESLEYLNEBETHELLN,,2022-06-30 08:45:00
1823,INDIANA UNIV BLOOMINGTON PD,BLOOMINGTON,2,,0,0,0,,,,N UNION ST,,,0.0,,39.17300213,-86.50899581,PRIVATE DRIVE,,URBAN,N,N,N,,DAYLIGHT,CLEAR,DRY,,NO JUNCTION INVOLVED,,ASPHALT,OTHER (DRIVER) - EXPLAIN IN NARRATIVE,OTHER - EXPLAIN IN NARRATIVE,NUNIONST,,2022-09-15 11:30:00
1824,MONROE SD,BLOOMINGTON,2,,2,0,0,,,,W STATE RD 45,W STATE RD 45,,0.0,,39.11487875,-86.63167141,STATE ROAD,,RURAL,N,N,N,,DAWN/DUSK,CLEAR,DRY,,Y-INTERSECTION,,ASPHALT,LEFT OF CENTER,SAME DIRECTION SIDESWIPE,WSTATERD45WSTATERD45,,2022-06-05 20:40:00
1825,BLOOMINGTON PD,BLOOMINGTON,2,,0,0,0,353,,,S LANDMARK AVE,,,0.0,,39.16366396,-86.55628841,PRIVATE DRIVE,,URBAN,N,N,N,,DAYLIGHT,CLOUDY,DRY,,NO JUNCTION INVOLVED,,ASPHALT,UNDER STEERING/UNDER CORRECTING,SAME DIRECTION SIDESWIPE,SLANDMARKAVE,,2022-08-02 11:07:00
1826,BLOOMINGTON PD,BLOOMINGTON,1,,0,0,0,,,,W 10TH ST,N MORTON ST,,0.0,,39.17137321,-86.53723396,,,URBAN,N,N,N,,DARK (LIGHTED),CLEAR,DRY,,T-INTERSECTION,,ASPHALT,UNSAFE SPEED,RAN OFF ROAD,W10THSTNMORTONST,,2022-06-12 04:30:00
1827,ELLETTSVILLE PD,ELLETTSVILLE,2,,0,0,0,,,,STATE HIGH 46,UNIONVALLEY RD,,0.0,,39.2153592,-86.5930113,STATE ROAD,,URBAN,N,N,N,,DAYLIGHT,CLEAR,DRY,,FOUR-WAY INTERSECTION,,ASPHALT,FOLLOWING TOO CLOSELY,REAR END,UNIONVALLEYRDSTATEHIGH46,,2022-06-05 18:15:00
1828,BLOOMINGTON PD,BLOOMINGTON,1,,0,0,0,,,,S LANDMARK AVE,W 3RD ST,,0.0,,39.16430483,-86.55636139,LOCAL/CITY ROAD,,URBAN,N,N,N,,DAYLIGHT,CLEAR,DRY,,FOUR-WAY INTERSECTION,,ASPHALT,DISREGARD SIGNAL/REG SIGN,SAME DIRECTION SIDESWIPE,W3RDSTSLANDMARKAVE,,2022-06-27 16:59:00
1829,MONROE SD,BLOOMINGTON,2,,1,0,0,,,,S SARE RD,E RHORER RD,,0.0,,39.12149343,-86.51162759,LOCAL/CITY ROAD,,RURAL,Y,N,N,,DAYLIGHT,CLEAR,DRY,,NO JUNCTION INVOLVED,,ASPHALT,DRIVER DISTRACTED - EXPLAIN IN NARRATIVE,REAR END,SSARERDERHORERRD,,2022-06-01 12:41:00
1830,ELLETTSVILLE PD,ELLETTSVILLE,2,,0,0,0,,,,W TEMPERANCE ST,N FIFTH ST,,0.0,,39.2334539,-86.62429994,LOCAL/CITY ROAD,,URBAN,N,N,N,,DAYLIGHT,CLOUDY,WET,,T-INTERSECTION,,ASPHALT,FAILURE TO YIELD RIGHT OF WAY,SAME DIRECTION SIDESWIPE,WTEMPERANCESTNFIFTHST,,2022-07-17 11:42:00
1831,BLOOMINGTON PD,BLOOMINGTON,2,,0,0,0,,,,WALNUT ST.,W COUNTRY CLUB DR,,0.0,,39.13598628,-86.53111707,LOCAL/CITY ROAD,,URBAN,N,N,N,,DAYLIGHT,CLEAR,DRY,,FOUR-WAY INTERSECTION,,ASPHALT,FOLLOWING TOO CLOSELY,REAR END,WALNUTST.WCOUNTRYCLUBDR,,2022-09-08 15:05:00
1832,MONROE SD,BLOOMINGTON,1,,0,0,0,,,,S.R. 46,N. CURRY PIKE,,0.0,,39.1939048,-86.57125659,STATE ROAD,,RURAL,N,Y,N,,DAYLIGHT,CLEAR,DRY,,FOUR-WAY INTERSECTION,,ASPHALT,DRIVER DISTRACTED - EXPLAIN IN NARRATIVE,OTHER - EXPLAIN IN NARRATIVE,S.R.46N.CURRYPIKE,,2022-09-22 17:33:00
1833,BLOOMINGTON PD,BLOOMINGTON,2,,2,0,0,,,,W GORDON PIKE,S OLD ST RD 37,,0.0,,39.12145927,-86.53135425,LOCAL/CITY ROAD,,URBAN,N,N,N,,DARK (LIGHTED),CLEAR,DRY,,FOUR-WAY INTERSECTION,,ASPHALT,DISREGARD SIGNAL/REG SIGN,RIGHT ANGLE,WGORDONPIKESOLDSTRD37,,2022-09-09 22:57:00
1834,BLOOMINGTON PD,BLOOMINGTON,2,,0,0,0,,,,N. GATES DR.,W. ALEXANDER DR.,,0.0,,39.16881242,-86.57636048,LOCAL/CITY ROAD,,URBAN,N,N,N,,DAYLIGHT,CLEAR,DRY,,FOUR-WAY INTERSECTION,,ASPHALT,FAILURE TO YIELD RIGHT OF WAY,RIGHT TURN,W.ALEXANDERDR.N.GATESDR.,,2022-07-12 15:52:00
1835,BLOOMINGTON PD,BLOOMINGTON,1,,1,0,0,,,,S MORTON ST,W 2ND ST,,0.0,,39.16139545,-86.53628971,,,URBAN,N,N,N,,DAYLIGHT,CLEAR,DRY,,T-INTERSECTION,,ASPHALT,FAILURE TO YIELD RIGHT OF WAY,OTHER - EXPLAIN IN NARRATIVE,W2NDSTSMORTONST,,2022-09-01 16:40:00
1836,ISP INDIANAPOLIS 52,BLOOMINGTON,1,,0,0,0,,,,S INTERSTATE 69,,,300.0,,39.06850212,-86.67339585,INTERSTATE,,RURAL,N,N,N,,DARK (NOT LIGHTED),CLEAR,DRY,,NO JUNCTION INVOLVED,,CONCRETE,ANIMAL/OBJECT IN ROADWAY,COLLISION WITH OBJECT IN ROAD,SINTERSTATE69106.5,,2022-09-29 20:40:00
1837,BLOOMINGTON PD,BLOOMINGTON,1,,1,0,0,,,,N WALNUT ST,E 6TH ST,,317.0,,39.16804764,-86.53360481,LOCAL/CITY ROAD,,URBAN,N,N,N,,DARK (LIGHTED),CLEAR,DRY,,NO JUNCTION INVOLVED,,ASPHALT,UNSAFE BACKING,BACKING CRASH,NWALNUTSTE6THST,,2022-09-30 09:00:00
1838,ELLETTSVILLE PD,ELLETTSVILLE,2,0.0,0,0,0,,,,SR46W,SMITH,,200.0,W,39.21047397,-86.5837645,STATE ROAD,N,URBAN,N,N,N,,DAYLIGHT,CLEAR,DRY,,NO JUNCTION INVOLVED,STRAIGHT/LEVEL,ASPHALT,FOLLOWING TOO CLOSELY,REAR END,SMITHPIKESR46W,TRAFFIC CONTROL SIGNAL,2022-09-22 07:53:00
1839,ELLETTSVILLE PD,ELLETTSVILLE,2,0.0,0,0,0,4444,,,WEST STATE ROAD 46,,,,,39.215124,-86.591774,OTHER,N,URBAN,N,N,N,,DAYLIGHT,CLOUDY,DRY,,NO JUNCTION INVOLVED,NON-ROADWAY CRASH,ASPHALT,UNSAFE BACKING,BACKING CRASH,WESTSTATEROAD46RD,NONE,2022-08-29 18:05:00
1840,ELLETTSVILLE PD,ELLETTSVILLE,2,0.0,0,0,0,,,,SR46W,DEER PARK,,,,39.212048,-86.5872,STATE ROAD,N,URBAN,N,N,N,,DAYLIGHT,CLEAR,DRY,,NO JUNCTION INVOLVED,STRAIGHT/LEVEL,ASPHALT,IMPROPER TURNING,REAR END,DEERPARKDRSR46W,NONE,2022-07-12 12:30:00
1841,BLOOMINGTON PD,BLOOMINGTON,2,0.0,0,0,0,,,,10TH,DUNN,,50.0,W,39.17168441,-86.52843233,LOCAL/CITY ROAD,N,URBAN,N,N,N,,DARK (LIGHTED),CLEAR,DRY,,NO JUNCTION INVOLVED,STRAIGHT/GRADE,ASPHALT,FOLLOWING TOO CLOSELY,REAR END,10THSTDUNNST,LANE CONTROL,2022-09-01 22:45:00