_id,Agency,City,Vehicles Involved,Trailers Involved,Number Injured,Number Dead,Number Deer,House Number,Roadway Interchange,Roadway Ramp,Roadway Id,Intersecting Road,Interchange,Feet From,Direction,Latitude,Longitude,Roadway Class,Hit and Run?,Locality,School Zone?,Rumble Strips?,Construction?,Construction Type,Light Condition,Weather Conditions,Surface Condition,Type of Median,Roadway Junction Type,Road Character,Roadway Surface,Primary Factor,Manner of Collision,Unique Location Id,Traffic Control,DateTime
1842,BLOOMINGTON PD,BLOOMINGTON,2,0.0,0,0,0,415,,,SOUTH WASHINGTON,,,,,39.162057,-86.531965,LOCAL/CITY ROAD,Y,URBAN,N,N,N,,DARK (NOT LIGHTED),CLEAR,DRY,,FOUR-WAY INTERSECTION,STRAIGHT/GRADE,GRAVEL,IMPROPER TURNING,LEFT TURN,SOUTHWASHINGTONST,NONE,2022-09-09 23:00:00
1843,BLOOMINGTON PD,BLOOMINGTON,2,,0,0,0,111,,,N ROGERS ST,,,0.0,,39.16734296,-86.53876118,LOCAL/CITY ROAD,,URBAN,N,N,N,,DAYLIGHT,CLEAR,DRY,,NO JUNCTION INVOLVED,,ASPHALT,UNSAFE BACKING,REAR TO REAR,NROGERSST,,2022-09-16 13:44:00
1844,INDIANA UNIV BLOOMINGTON PD,BLOOMINGTON,2,,0,0,0,,,,N PARK AVE,E 9TH ST,,0.0,,39.17044914,-86.52463443,LOCAL/CITY ROAD,,URBAN,N,N,N,,DAYLIGHT,CLEAR,DRY,,FOUR-WAY INTERSECTION,,OTHER - EXPLAIN IN NARRATIVE,FAILURE TO YIELD RIGHT OF WAY,RIGHT ANGLE,NPARKAVEE9THST,,2022-09-29 11:20:00
1845,MONROE SD,BLOOMINGTON,3,,1,0,0,,,,S OLD STATE ROAD 37,S OLD STATE ROAD 37,,0.0,,39.08531033,-86.54242754,STATE ROAD,,RURAL,N,N,N,,DAYLIGHT,CLEAR,DRY,,FOUR-WAY INTERSECTION,,ASPHALT,FOLLOWING TOO CLOSELY,REAR END,SOLDSTATEROAD37SOLDSTATEROAD37,,2022-09-15 17:40:00
1846,MONROE SD,BLOOMINGTON,1,,1,0,0,,,,S VICTOR PIKE,,,0.0,,39.0816282,-86.56799502,LOCAL/CITY ROAD,,RURAL,N,N,N,,DAYLIGHT,CLEAR,DRY,,NO JUNCTION INVOLVED,,ASPHALT,FAILURE TO MAINTAIN LANE,RAN OFF ROAD,SVICTORPIKE,,2022-07-26 15:08:00
1847,BLOOMINGTON PD,BLOOMINGTON,2,,2,0,0,,,,STATE RD 46,N KINSER PIKE,,0.0,,39.18657194,-86.53775401,STATE ROAD,,URBAN,N,N,N,,DAYLIGHT,CLEAR,DRY,,FOUR-WAY INTERSECTION,,ASPHALT,FAILURE TO YIELD RIGHT OF WAY,LEFT TURN,STATERD46NKINSERPIKE,,2022-06-29 11:04:00
1848,INDIANA UNIV BLOOMINGTON PD,BLOOMINGTON,1,,0,0,0,,,,S DUNN ST,E 3RD ST,,0.0,,39.16420588,-86.52814678,LOCAL/CITY ROAD,,URBAN,N,N,N,,DARK (LIGHTED),CLEAR,DRY,,FOUR-WAY INTERSECTION,,ASPHALT,FAILURE TO MAINTAIN LANE,RIGHT TURN,SDUNNSTE3RDST,,2022-09-17 03:15:00
1849,BLOOMINGTON PD,BLOOMINGTON,2,,0,0,0,,,,S WALNUT ST,W 3RD ST,,0.0,,39.16462856,-86.53364129,LOCAL/CITY ROAD,,URBAN,N,N,N,,DAYLIGHT,RAIN,WET,,FOUR-WAY INTERSECTION,,ASPHALT,DISREGARD SIGNAL/REG SIGN,RIGHT ANGLE,W3RDSTSWALNUTST,,2022-06-10 12:51:00
1850,BLOOMINGTON PD,BLOOMINGTON,1,,0,0,0,,,,E 3RD ST,S WALNUT AVE,,0.0,,39.16463901,-86.53375428,LOCAL/CITY ROAD,,URBAN,N,N,N,,DAYLIGHT,CLEAR,DRY,,T-INTERSECTION,,ASPHALT,FAILURE TO YIELD RIGHT OF WAY,OTHER - EXPLAIN IN NARRATIVE,SWALNUTAVEE3RDST,,2022-06-27 17:00:00
1851,ISP BLOOMINGTON 33,,2,,0,0,0,,,,N CURRY PIKE,STATE RD 46,,475.0,,39.19332879,-86.57231756,COUNTY ROAD,,RURAL,N,N,N,,DAYLIGHT,CLEAR,DRY,,Y-INTERSECTION,,ASPHALT,FAILURE TO YIELD RIGHT OF WAY,SAME DIRECTION SIDESWIPE,STATERD46NCURRYPIKE,,2022-06-03 12:20:00
1852,MONROE SD,BLOOMINGTON,1,,0,0,1,,,,E POINTE RD,S POINTE VIEW DR,,300.0,,39.034912,-86.508591,COUNTY ROAD,,RURAL,N,N,N,,DAWN/DUSK,CLEAR,DRY,,NO JUNCTION INVOLVED,,ASPHALT,ANIMAL/OBJECT IN ROADWAY,COLLISION WITH DEER,SPOINTEVIEWDREPOINTERD,,2022-06-07 05:57:00
1853,BLOOMINGTON PD,BLOOMINGTON,2,,0,0,0,,,,S. SMITH RD,E. MOORES PK,,0.0,,39.150206,-86.480449,LOCAL/CITY ROAD,,URBAN,N,N,N,,DAYLIGHT,CLEAR,DRY,,FOUR-WAY INTERSECTION,,ASPHALT,DISREGARD SIGNAL/REG SIGN,RIGHT ANGLE,S.SMITHRDE.MOORESPK,,2022-08-23 11:36:00
1854,BLOOMINGTON PD,BLOOMINGTON,2,,0,0,0,,,,E. 3RD ST,S. KINGSTON DR,,0.0,,39.164238,-86.493068,LOCAL/CITY ROAD,,URBAN,N,N,Y,LANE CLOSURE,DAYLIGHT,CLEAR,DRY,,FOUR-WAY INTERSECTION,,ASPHALT,FOLLOWING TOO CLOSELY,REAR END,S.KINGSTONDRE.3RDST,,2022-09-08 12:58:00
1855,BLOOMINGTON PD,BLOOMINGTON,2,,0,0,0,,,,W. COUNTRY CLUB DR,S. ROGERS ST,,150.0,,39.136014,-86.538267,LOCAL/CITY ROAD,,URBAN,N,N,N,,DAYLIGHT,CLOUDY,DRY,,NO JUNCTION INVOLVED,,ASPHALT,FOLLOWING TOO CLOSELY,REAR END,W.COUNTRYCLUBDRS.ROGERSST,,2022-06-01 13:35:00
1856,MONROE SD,BLOOMINGTON,2,,0,0,0,4790,,,W FLUCK MILL RD,,,0.0,,39.07391823,-86.57054878,PRIVATE DRIVE,,RURAL,N,N,N,,DAYLIGHT,CLEAR,DRY,,NO JUNCTION INVOLVED,,ASPHALT,OTHER (DRIVER) - EXPLAIN IN NARRATIVE,SAME DIRECTION SIDESWIPE,WFLUCKMILLRD,,2022-06-16 07:00:00
1857,BLOOMINGTON PD,BLOOMINGTON,2,,0,0,0,,,,W 3RD ST,S LIBERTY DR,,634.0,,39.16458447,-86.58054371,STATE ROAD,,URBAN,N,Y,N,,DAYLIGHT,CLEAR,DRY,,NO JUNCTION INVOLVED,,ASPHALT,FAILURE TO YIELD RIGHT OF WAY,RIGHT ANGLE,W3RDSTSLIBERTYDR,,2022-07-27 16:07:00
1858,BLOOMINGTON PD,BLOOMINGTON,2,,0,0,0,,,,W 17TH ST,N KINSER PIKE,,300.0,,39.17903968,-86.5384809,LOCAL/CITY ROAD,,URBAN,N,N,N,,DAYLIGHT,CLEAR,DRY,,FOUR-WAY INTERSECTION,,ASPHALT,FAILURE TO YIELD RIGHT OF WAY,RIGHT ANGLE,W17THSTNKINSERPIKE,,2022-08-30 13:15:00
1859,INDIANA UNIV BLOOMINGTON PD,BLOOMINGTON,2,,0,0,0,,,,N UNION ST,E 10TH ST,,0.0,,39.17027239,-86.50884426,PRIVATE DRIVE,,URBAN,N,N,N,,DAYLIGHT,CLEAR,DRY,,NO JUNCTION INVOLVED,,ASPHALT,UNSAFE BACKING,BACKING CRASH,NUNIONSTE10THST,,2022-08-23 17:05:00
1860,BLOOMINGTON PD,BLOOMINGTON,2,,1,0,0,,,,W 3RD ST,STATE RD 37,,0.0,,39.16466989,-86.57407598,LOCAL/CITY ROAD,,URBAN,N,N,N,,DAYLIGHT,CLEAR,DRY,,RAMP,,CONCRETE,FAILURE TO YIELD RIGHT OF WAY,SAME DIRECTION SIDESWIPE,W3RDSTSTATERD37,,2022-08-26 19:29:00
1861,BLOOMINGTON PD,BLOOMINGTON,2,,0,0,0,,,,W 7TH ST,N MORTON ST,,0.0,,39.168572,-86.536138,LOCAL/CITY ROAD,,URBAN,N,N,N,,DAYLIGHT,CLEAR,DRY,,FOUR-WAY INTERSECTION,,ASPHALT,IMPROPER TURNING,OPPOSITE DIRECTION SIDESWIPE,W7THSTNMORTONST,,2022-08-30 12:50:00
1862,BLOOMINGTON PD,BLOOMINGTON,1,,0,0,0,,,,W 7TH ST,B-LINE TRL,,0.0,,39.16861124,-86.5366688,LOCAL/CITY ROAD,,URBAN,N,N,N,,DAYLIGHT,CLEAR,DRY,,FOUR-WAY INTERSECTION,,ASPHALT,FAILURE TO YIELD RIGHT OF WAY,RIGHT ANGLE,W7THSTB-LINETRL,,2022-09-16 09:00:00
1863,BLOOMINGTON PD,BLOOMINGTON,2,,2,0,0,,,,STATE RD 46,E 3RD ST,,0.0,,39.16428612,-86.49827904,STATE ROAD,,URBAN,N,N,N,,DARK (LIGHTED),CLEAR,DRY,,FOUR-WAY INTERSECTION,,ASPHALT,DISREGARD SIGNAL/REG SIGN,RIGHT ANGLE,STATERD46E3RDST,,2022-09-05 00:15:00
1864,MONROE SD,BLOOMINGTON,2,,0,0,0,3600,,,N MATTEWS DR,,,0.0,,39.24455645,-86.61803705,PRIVATE DRIVE,,URBAN,N,N,N,,DAYLIGHT,CLEAR,DRY,,NO JUNCTION INVOLVED,,ASPHALT,UNSAFE BACKING,BACKING CRASH,NMATTEWSDR,,2022-07-05 10:13:00
1865,MONROE SD,BLOOMINGTON,4,,2,0,0,,,,S OLD STATE ROAD 37,,,0.0,,39.09758145,-86.54027442,COUNTY ROAD,,RURAL,N,N,N,,DAYLIGHT,CLEAR,DRY,,NO JUNCTION INVOLVED,,ASPHALT,FOLLOWING TOO CLOSELY,REAR END,SOLDSTATEROAD37,,2022-09-30 03:56:00
1866,BLOOMINGTON PD,BLOOMINGTON,2,,0,0,0,,,,S WALNUT ST,E WINSLOW RD,,0.0,,39.13593556,-86.53117936,LOCAL/CITY ROAD,,URBAN,N,N,N,,DAYLIGHT,CLEAR,DRY,,FOUR-WAY INTERSECTION,,ASPHALT,FOLLOWING TOO CLOSELY,REAR END,SWALNUTSTEWINSLOWRD,,2022-08-24 18:35:00
1867,BLOOMINGTON PD,BLOOMINGTON,2,,0,0,0,,,,W 3RD ST,S CURRY PIKE,,0.0,,39.16465266,-86.5814558,LOCAL/CITY ROAD,,URBAN,N,N,N,,DAYLIGHT,CLEAR,DRY,,NO JUNCTION INVOLVED,,ASPHALT,FOLLOWING TOO CLOSELY,REAR END,W3RDSTSCURRYPIKE,,2022-09-21 15:40:00
1868,BLOOMINGTON PD,BLOOMINGTON,2,,0,0,0,,,,E 10TH ST,N PETE ELLIS DR,,0.0,,39.17145606,-86.49530178,LOCAL/CITY ROAD,,URBAN,N,N,N,,DAYLIGHT,CLEAR,DRY,,FOUR-WAY INTERSECTION,,ASPHALT,FOLLOWING TOO CLOSELY,REAR END,NPETEELLISDRE10THST,,2022-09-16 18:14:00
1869,BLOOMINGTON PD,BLOOMINGTON,2,,0,0,0,,99,C,I-69 SB OFF-RAMP,W BLOOMFIELD RD,,0.0,,39.14702662,-86.57483478,INTERSTATE,,URBAN,N,N,N,,DAYLIGHT,CLEAR,DRY,,RAMP,,ASPHALT,FOLLOWING TOO CLOSELY,REAR END,WBLOOMFIELDRDI-69SBOFF-RAMP099C,,2022-07-22 17:25:00
1870,BLOOMINGTON PD,BLOOMINGTON,2,,1,0,0,,,,E 3RD ST,S PETE ELLIS DR,,0.0,,39.16420634,-86.49458494,,,URBAN,N,N,N,,DARK (LIGHTED),CLEAR,DRY,,T-INTERSECTION,,ASPHALT,UNSAFE SPEED,RIGHT ANGLE,SPETEELLISDRE3RDST,,2022-08-06 21:00:00
1871,ISP BLOOMINGTON 33,BLOOMINGTON,2,,0,0,1,,,,STATE RD 446,TOWER RIDGE RD,,500.0,,39.01822677,-86.40204562,STATE ROAD,,RURAL,N,N,N,,DAYLIGHT,CLEAR,DRY,,NO JUNCTION INVOLVED,,ASPHALT,ANIMAL/OBJECT IN ROADWAY,COLLISION WITH DEER,TOWERRIDGERDSTATERD446,,2022-08-30 17:20:00
1872,ISP BLOOMINGTON 33,BLOOMINGTON,2,,0,0,0,,,,N PACKING HOUSE RD,,,0.0,,39.18077449,-86.56051203,PRIVATE DRIVE,,RURAL,N,N,N,,DAYLIGHT,CLEAR,DRY,,NO JUNCTION INVOLVED,,ASPHALT,UNSAFE BACKING,BACKING CRASH,NPACKINGHOUSERD,,2022-06-11 09:00:00
1873,BLOOMINGTON PD,BLOOMINGTON,2,,1,0,0,,,,W 3RD ST,W 3RD ST,,0.0,,39.16452873,-86.57331652,LOCAL/CITY ROAD,,URBAN,N,N,N,,DAYLIGHT,CLEAR,DRY,,FOUR-WAY INTERSECTION,,ASPHALT,FAILURE TO YIELD RIGHT OF WAY,RIGHT ANGLE,W3RDSTW3RDST,,2022-09-19 09:40:00
1874,BLOOMINGTON PD,BLOOMINGTON,2,,0,0,0,,,,W 4TH ST,S COLLEGE AVE,,100.0,,39.16560296,-86.53429621,LOCAL/CITY ROAD,,URBAN,N,N,N,,DARK (LIGHTED),CLEAR,DRY,,NO JUNCTION INVOLVED,,ASPHALT,OTHER (DRIVER) - EXPLAIN IN NARRATIVE,BACKING CRASH,W4THSTSCOLLEGEAVE,,2022-08-12 11:26:00
1875,BLOOMINGTON PD,BLOOMINGTON,3,,1,0,0,,,,STATE RD 45/46 BYPASS,E. 3RD ST,,300.0,,0.0,0.0,STATE ROAD,,URBAN,N,N,N,,DAYLIGHT,CLEAR,DRY,,FOUR-WAY INTERSECTION,,ASPHALT,FOLLOWING TOO CLOSELY,REAR END,STATERD45/46BYPASSE.3RDST,,2022-08-19 11:07:00
1876,MONROE SD,BLOOMINGTON,1,,0,0,0,,,,I-69,,,0.0,,39.21878354,-86.55173264,STATE ROAD,,RURAL,N,N,N,,DARK (NOT LIGHTED),CLEAR,DRY,,NO JUNCTION INVOLVED,,ASPHALT,DRIVER ASLEEP OR FATIGUED,RAN OFF ROAD,I-69,,2022-09-29 22:46:00
1877,BLOOMINGTON PD,BLOOMINGTON,2,,0,0,0,,,,S LIBERTY DR,S HICKORY LEAF DR,,0.0,,39.14506087,-86.57774395,STATE ROAD,,URBAN,N,N,N,,DAYLIGHT,CLEAR,DRY,,FOUR-WAY INTERSECTION,,ASPHALT,FAILURE TO YIELD RIGHT OF WAY,LEFT/RIGHT TURN,SLIBERTYDRSHICKORYLEAFDR,,2022-07-22 18:07:00
1878,MONROE SD,BLOOMINGTON,2,,0,0,0,3585,,,W STATE ROAD 46,,,0.0,,39.20867996,-86.58235529,LOCAL/CITY ROAD,,URBAN,N,N,N,,DAYLIGHT,CLEAR,DRY,,NO JUNCTION INVOLVED,,ASPHALT,OTHER (DRIVER) - EXPLAIN IN NARRATIVE,BACKING CRASH,WSTATEROAD46,,2022-07-05 09:50:00
1879,MONROE SD,BLOOMINGTON,2,,0,0,0,,,,W VERNAL PIKE,N CURRY PIKE,,0.0,,39.17913843,-86.5830519,LOCAL/CITY ROAD,,RURAL,N,N,N,,DAYLIGHT,RAIN,WET,,FOUR-WAY INTERSECTION,,ASPHALT,OTHER (DRIVER) - EXPLAIN IN NARRATIVE,REAR END,WVERNALPIKENCURRYPIKE,,2022-07-28 19:50:00
1880,INDIANA UNIV BLOOMINGTON PD,BLOOMINGTON,2,,0,0,0,1101,,,E 17TH STREET,,,0.0,,39.18127594,-86.52007467,PRIVATE DRIVE,,URBAN,N,N,N,,DAYLIGHT,CLEAR,DRY,,NO JUNCTION INVOLVED,,ASPHALT,IMPROPER TURNING,LEFT/RIGHT TURN,E17THSTREET,,2022-08-17 13:30:00
1881,MONROE SD,BLOOMINGTON,2,,0,0,0,,,,N CURRY PIKE,W VERNAL PIKE,,0.0,,39.17916967,-86.58306536,LOCAL/CITY ROAD,,RURAL,N,N,N,,DAYLIGHT,CLEAR,DRY,,FOUR-WAY INTERSECTION,,ASPHALT,FAILURE TO YIELD RIGHT OF WAY,RIGHT ANGLE,WVERNALPIKENCURRYPIKE,,2022-08-17 17:26:00
1882,INDIANA UNIV BLOOMINGTON PD,BLOOMINGTON,2,,0,0,0,709,,,N FEE LANE,,,0.0,,39.17329786,-86.51959376,PRIVATE DRIVE,,URBAN,N,N,N,,DAYLIGHT,CLEAR,DRY,,NO JUNCTION INVOLVED,,CONCRETE,IMPROPER TURNING,RIGHT TURN,NFEELANE,,2022-08-22 14:05:00
1883,ISP BLOOMINGTON 33,BLOOMINGTON,2,,2,0,0,,,,I-69,,,50.0,,39.07260994,-86.66003183,INTERSTATE,,RURAL,N,N,N,,DAYLIGHT,CLEAR,DRY,,NO JUNCTION INVOLVED,,CONCRETE,DRIVER ASLEEP OR FATIGUED,REAR END,I-69107.2,,2022-06-29 10:10:00
1884,BLOOMINGTON PD,BLOOMINGTON,2,,0,0,0,299,,,E 3RD ST,,,0.0,,39.1645844,-86.53058973,PRIVATE DRIVE,,URBAN,N,N,N,,DAYLIGHT,CLEAR,DRY,,NO JUNCTION INVOLVED,,ASPHALT,OTHER (DRIVER) - EXPLAIN IN NARRATIVE,SAME DIRECTION SIDESWIPE,E3RDST,,2022-09-22 11:00:00
1885,BLOOMINGTON PD,BLOOMINGTON,2,,2,0,0,3890,,,W 3RD ST,,,0.0,,39.16670969,-86.5819995,PRIVATE DRIVE,,URBAN,N,N,N,,DAYLIGHT,CLEAR,DRY,,T-INTERSECTION,,ASPHALT,DRIVER DISTRACTED - EXPLAIN IN NARRATIVE,REAR END,W3RDST,,2022-06-03 18:13:00
1886,BLOOMINGTON PD,BLOOMINGTON,2,,2,0,0,,,,W BLOOMFIELD RD,S BASSWOOD DR,,0.0,,39.14877352,-86.57067447,LOCAL/CITY ROAD,,URBAN,N,N,N,,DAYLIGHT,CLEAR,DRY,,T-INTERSECTION,,ASPHALT,OTHER (DRIVER) - EXPLAIN IN NARRATIVE,REAR END,WBLOOMFIELDRDSBASSWOODDR,,2022-08-08 15:42:00
1887,MONROE SD,BLOOMINGTON,2,,0,0,0,,,,I-69,,,634.0,,39.23752458,-86.53911515,INTERSTATE,,RURAL,N,N,N,,DARK (LIGHTED),CLEAR,DRY,,NO JUNCTION INVOLVED,,ASPHALT,FOLLOWING TOO CLOSELY,REAR END,I-69,,2022-08-10 04:03:00
1888,BLOOMINGTON PD,BLOOMINGTON,2,,0,0,0,,,,S WALNUT ST,E SMITH AVE,,0.0,,39.16280472,-86.53360999,LOCAL/CITY ROAD,,URBAN,N,N,N,,DAYLIGHT,CLEAR,DRY,,FOUR-WAY INTERSECTION,,CONCRETE,FAILURE TO YIELD RIGHT OF WAY,RIGHT ANGLE,SWALNUTSTESMITHAVE,,2022-09-26 16:39:00
1889,BLOOMINGTON PD,BLOOMINGTON,2,,0,0,0,,,,S LIBERTY DR,W STATE RD 45,,0.0,,39.14557398,-86.5781588,LOCAL/CITY ROAD,,URBAN,N,N,N,,DAYLIGHT,CLEAR,DRY,,FOUR-WAY INTERSECTION,,ASPHALT,FAILURE TO MAINTAIN LANE,SAME DIRECTION SIDESWIPE,WSTATERD45SLIBERTYDR,,2022-07-21 17:30:00
1890,DNR LAW ENFORCEMENT,BLOOMINGTON,2,,0,0,0,,,,S FAIRFAX RD,,,0.0,,39.01631706,-86.48281879,,,RURAL,N,N,N,,DARK (NOT LIGHTED),CLEAR,DRY,,NO JUNCTION INVOLVED,,ASPHALT,UNSAFE BACKING,BACKING CRASH,SFAIRFAXRD,,2022-07-04 23:00:00
1891,BLOOMINGTON PD,BLOOMINGTON,2,,0,0,0,,,,E 3RD ST,S KINGSTON DR,,211.0,,39.16418525,-86.49355031,LOCAL/CITY ROAD,,URBAN,N,N,N,,DAYLIGHT,CLOUDY,DRY,,NO JUNCTION INVOLVED,,ASPHALT,FAILURE TO YIELD RIGHT OF WAY,RIGHT ANGLE,SKINGSTONDRE3RDST,,2022-09-29 14:14:00
1892,INDIANA UNIV BLOOMINGTON PD,BLOOMINGTON,2,,0,0,0,,,,N KINSER PIKE,STATE RD 46,,0.0,,39.18653795,-86.53724596,STATE ROAD,,URBAN,N,N,N,,DARK (LIGHTED),CLEAR,DRY,,NO JUNCTION INVOLVED,,ASPHALT,UNSAFE LANE MOVEMENT,SAME DIRECTION SIDESWIPE,STATERD46NKINSERPIKE,,2022-08-20 21:49:00
1893,MONROE SD,BLOOMINGTON,2,,0,0,0,,,,W SR 46,N SMITH PIKE,,0.0,,39.20997944,-86.58278664,STATE ROAD,,URBAN,N,Y,N,,DAYLIGHT,CLEAR,DRY,,FOUR-WAY INTERSECTION,,ASPHALT,FOLLOWING TOO CLOSELY,REAR END,WSR46NSMITHPIKE,,2022-06-21 08:44:00
1894,BLOOMINGTON PD,BLOOMINGTON,2,,0,0,0,,,,608 S. COLLEGE MALL RD,,,0.0,,,,PRIVATE DRIVE,,URBAN,N,N,N,,DAYLIGHT,CLOUDY,DRY,,NO JUNCTION INVOLVED,,ASPHALT,UNSAFE BACKING,BACKING CRASH,608S.COLLEGEMALLRD,,2022-08-01 13:48:00
1895,BLOOMINGTON PD,BLOOMINGTON,2,,1,0,0,,,,S. COLLEGE AVE,W. 1ST ST,,0.0,,,,LOCAL/CITY ROAD,,URBAN,N,N,N,,DAYLIGHT,CLOUDY,WET,,FOUR-WAY INTERSECTION,,ASPHALT,UNSAFE LANE MOVEMENT,SAME DIRECTION SIDESWIPE,W.1STSTS.COLLEGEAVE,,2022-08-01 11:00:00
1896,BLOOMINGTON PD,BLOOMINGTON,1,,1,0,0,,,,BLOOMFIELD RD,S ADAMS ST,,0.0,,39.16037909,-86.5508253,LOCAL/CITY ROAD,,URBAN,N,N,N,,DAYLIGHT,CLEAR,DRY,,FOUR-WAY INTERSECTION,,ASPHALT,FAILURE TO YIELD RIGHT OF WAY,COLLISION WITH OBJECT IN ROAD,SADAMSSTBLOOMFIELDRD,,2022-08-30 12:10:00
1897,MONROE SD,BLOOMINGTON,2,,0,0,0,,,,W FULLERTON PIKE,JUDD AVE,,0.0,,39.12146432,-86.57391236,,,URBAN,N,N,N,,DAYLIGHT,CLEAR,DRY,,NO JUNCTION INVOLVED,,ASPHALT,BRAKE FAILURE OR DEFECTIVE,OTHER - EXPLAIN IN NARRATIVE,WFULLERTONPIKEJUDDAVE,,2022-09-19 02:49:00
1898,BLOOMINGTON PD,BLOOMINGTON,1,,0,0,0,1300,,,E HILLSIDE DR,,,0.0,,39.15054556,-86.51743839,PRIVATE DRIVE,,URBAN,N,N,N,,DAYLIGHT,CLEAR,DRY,,NO JUNCTION INVOLVED,,ASPHALT,OTHER (DRIVER) - EXPLAIN IN NARRATIVE,OTHER - EXPLAIN IN NARRATIVE,EHILLSIDEDR,,2022-08-11 13:43:00
1899,BLOOMINGTON PD,BLOOMINGTON,2,,2,0,0,,,,N MONROE ST,N MONROE ST,,0.0,,39.1868131,-86.54632992,STATE ROAD,,URBAN,N,N,N,,DAYLIGHT,CLEAR,DRY,,T-INTERSECTION,,ASPHALT,OTHER (ENVIRONMENTAL) - EXPLAIN IN NARR,REAR END,NMONROESTNMONROEST,,2022-09-27 07:45:00
1900,MONROE SD,,2,,0,0,0,,,,W RATLIFF RD,N HARTSTRAIT RD,,0.0,,39.20909143,-86.61140258,,,RURAL,N,N,N,,DAYLIGHT,CLEAR,DRY,,T-INTERSECTION,,ASPHALT,FAILURE TO YIELD RIGHT OF WAY,LEFT/RIGHT TURN,WRATLIFFRDNHARTSTRAITRD,,2022-09-15 08:09:00
1901,ELLETTSVILLE PD,ELLETTSVILLE,2,,0,0,0,,,,W TEMPERANCE ST,N MATHEWS DR,,0.0,,39.23483609,-86.62634236,STATE ROAD,,URBAN,N,N,N,,DAYLIGHT,CLEAR,DRY,,T-INTERSECTION,,ASPHALT,IMPROPER TURNING,LEFT TURN,WTEMPERANCESTNMATHEWSDR,,2022-09-27 13:30:00
1902,MONROE SD,BLOOMINGTON,2,,0,0,0,,,,S FAIRFAX RD,E MOFFETT LN,,0.0,,39.09987171,-86.5178157,COUNTY ROAD,,RURAL,N,N,N,,DAYLIGHT,RAIN,WET,,T-INTERSECTION,,ASPHALT,FOLLOWING TOO CLOSELY,REAR END,SFAIRFAXRDEMOFFETTLN,,2022-07-07 05:34:00
1903,BLOOMINGTON PD,BLOOMINGTON,2,,0,0,0,,,,W 3RD ST,S LIBERTY DR,,0.0,,39.16456478,-86.58026165,LOCAL/CITY ROAD,,URBAN,N,N,N,,DAYLIGHT,CLEAR,DRY,,NO JUNCTION INVOLVED,,ASPHALT,FOLLOWING TOO CLOSELY,REAR END,W3RDSTSLIBERTYDR,,2022-07-06 16:58:00
1904,INDIANA UNIV BLOOMINGTON PD,BLOOMINGTON,2,,0,0,0,,,,N JORDAN AVE,,,0.0,,39.16746925,-86.5149892,PRIVATE DRIVE,,URBAN,N,N,N,,DAYLIGHT,CLEAR,DRY,,NO JUNCTION INVOLVED,,ASPHALT,UNSAFE BACKING,BACKING CRASH,NJORDANAVE,,2022-09-21 08:15:00
1905,MONROE SD,BLOOMINGTON,1,,0,0,0,,,,N BOTTOM RD,N MOUNT PLEASANT RD,,0.0,,39.29515791,-86.57439636,LOCAL/CITY ROAD,,RURAL,N,N,N,,DARK (NOT LIGHTED),CLEAR,DRY,,NO JUNCTION INVOLVED,,ASPHALT,BRAKE FAILURE OR DEFECTIVE,RAN OFF ROAD,NMOUNTPLEASANTRDNBOTTOMRD,,2022-08-17 04:00:00
1906,MONROE SD,BLOOMINGTON,2,,1,0,0,,,,S ROCKPORT RD,W STANSIFER LN,,0.0,,39.10613397,-86.57663173,COUNTY ROAD,,RURAL,N,N,N,,DAYLIGHT,CLEAR,DRY,,NO JUNCTION INVOLVED,,ASPHALT,IMPROPER LANE USAGE,HEAD ON BETWEEN TWO MOTOR VEHICLES,WSTANSIFERLNSROCKPORTRD,,2022-08-11 08:23:00
1907,BLOOMINGTON PD,BLOOMINGTON,2,,0,0,0,,,,E 10TH ST,N WOODBRIDGE DR,,0.0,,39.17152657,-86.49098276,LOCAL/CITY ROAD,,URBAN,N,N,N,,DAYLIGHT,CLEAR,DRY,,FOUR-WAY INTERSECTION,,ASPHALT,FOLLOWING TOO CLOSELY,REAR END,NWOODBRIDGEDRE10THST,,2022-08-15 17:29:00
1908,MONROE SD,BLOOMINGTON,1,,1,0,0,,,,STATE RD 45,N PRAIRIE GREEN CT,,0.0,,39.17946243,-86.47389758,STATE ROAD,,RURAL,N,N,N,,DARK (NOT LIGHTED),CLEAR,DRY,,NO JUNCTION INVOLVED,,ASPHALT,CELL PHONE USAGE,RAN OFF ROAD,STATERD45NPRAIRIEGREENCT,,2022-08-24 23:39:00
1909,ELLETTSVILLE PD,ELLETTSVILLE,2,,0,0,0,,,,504 W. TEMPERANCE,,,0.0,,,,STATE ROAD,,URBAN,N,N,N,,DAYLIGHT,CLEAR,DRY,,NO JUNCTION INVOLVED,,ASPHALT,IMPROPER TURNING,SAME DIRECTION SIDESWIPE,504W.TEMPERANCE,,2022-07-21 12:57:00