_id,Agency,City,Vehicles Involved,Trailers Involved,Number Injured,Number Dead,Number Deer,House Number,Roadway Interchange,Roadway Ramp,Roadway Id,Intersecting Road,Interchange,Feet From,Direction,Latitude,Longitude,Roadway Class,Hit and Run?,Locality,School Zone?,Rumble Strips?,Construction?,Construction Type,Light Condition,Weather Conditions,Surface Condition,Type of Median,Roadway Junction Type,Road Character,Roadway Surface,Primary Factor,Manner of Collision,Unique Location Id,Traffic Control,DateTime
1910,BLOOMINGTON PD,BLOOMINGTON,2,,1,0,0,,,,W 6TH ST,N ROGERS ST,,0.0,,39.16759541,-86.53868384,,,URBAN,N,N,N,,DAYLIGHT,CLEAR,DRY,,FOUR-WAY INTERSECTION,,ASPHALT,FAILURE TO YIELD RIGHT OF WAY,RIGHT ANGLE,W6THSTNROGERSST,,2022-08-24 10:00:00
1911,MONROE SD,BLOOMINGTON,2,,0,0,0,,,,SOUTH WALNUT,EAST RHORER RD,,0.0,,,,COUNTY ROAD,,RURAL,N,N,N,,DAYLIGHT,CLEAR,DRY,,FOUR-WAY INTERSECTION,,ASPHALT,FOLLOWING TOO CLOSELY,REAR END,SOUTHWALNUTEASTRHORERRD,,2022-06-16 08:21:00
1912,BLOOMINGTON PD,BLOOMINGTON,2,,0,0,0,,,,E 3RD ST,S CLARIZZ BLVD,,0.0,,39.16417622,-86.49090604,,,URBAN,N,N,Y,LANE CLOSURE,DAYLIGHT,CLEAR,DRY,,FOUR-WAY INTERSECTION,,ASPHALT,FAILURE TO YIELD RIGHT OF WAY,SAME DIRECTION SIDESWIPE,SCLARIZZBLVDE3RDST,,2022-09-08 14:35:00
1913,MONROE SD,BLOOMINGTON,1,,3,0,0,,,,W REEVES RD,,,0.0,,39.2315601,-86.6617114,LOCAL/CITY ROAD,,RURAL,N,N,N,,DAYLIGHT,CLEAR,DRY,,T-INTERSECTION,,ASPHALT,OVERCORRECTING/OVERSTEERING,RAN OFF ROAD,WREEVESRD,,2022-06-30 17:30:00
1914,MONROE SD,BLOOMINGTON,1,,0,0,0,,,,I-69,,,0.0,,39.05784361,-86.68127898,INTERSTATE,,RURAL,N,N,N,,DAYLIGHT,CLEAR,DRY,,NO JUNCTION INVOLVED,,ASPHALT,OTHER (ENVIRONMENTAL) - EXPLAIN IN NARR,RAN OFF ROAD,I-69,,2022-07-03 06:10:00
1915,BLOOMINGTON PD,BLOOMINGTON,2,,0,0,0,,,,N WALNUT ST,W 10TH ST,,0.0,,39.17154178,-86.53358426,LOCAL/CITY ROAD,,URBAN,N,N,N,,DARK (LIGHTED),CLEAR,DRY,,FOUR-WAY INTERSECTION,,ASPHALT,FAILURE TO MAINTAIN LANE,SAME DIRECTION SIDESWIPE,W10THSTNWALNUTST,,2022-07-07 00:38:00
1916,BLOOMINGTON PD,BLOOMINGTON,2,,0,0,0,,,,W 17TH ST,N KINSER PIKE,,300.0,,39.17906121,-86.53837235,LOCAL/CITY ROAD,,URBAN,N,N,N,,DAYLIGHT,CLEAR,DRY,,NO JUNCTION INVOLVED,,ASPHALT,FAILURE TO YIELD RIGHT OF WAY,RIGHT ANGLE,W17THSTNKINSERPIKE,,2022-08-18 07:56:00
1917,BLOOMINGTON PD,BLOOMINGTON,2,,0,0,0,,,,N ARLINGTON PARK DR,,,0.0,,39.17986657,-86.55353072,,,URBAN,N,N,N,,DAYLIGHT,CLEAR,DRY,,NO JUNCTION INVOLVED,,ASPHALT,OTHER (VEHICLE) - EXPLAIN IN NARRATIVE,OTHER - EXPLAIN IN NARRATIVE,NARLINGTONPARKDR,,2022-07-27 19:51:00
1918,BLOOMINGTON PD,BLOOMINGTON,2,,0,0,0,,,,N WALNUT ST,E 17TH ST,,0.0,,39.17895976,-86.53349108,LOCAL/CITY ROAD,,URBAN,N,N,N,,DARK (NOT LIGHTED),CLEAR,DRY,,FOUR-WAY INTERSECTION,,ASPHALT,FOLLOWING TOO CLOSELY,REAR END,NWALNUTSTE17THST,,2022-08-18 21:30:00
1919,MONROE SD,BLOOMINGTON,2,,0,0,0,,,,S ADAMS ST,W ALLEN ST,,0.0,,39.1558687,-86.55054993,LOCAL/CITY ROAD,,RURAL,N,N,N,,DAYLIGHT,RAIN,WET,,FOUR-WAY INTERSECTION,,ASPHALT,DISREGARD SIGNAL/REG SIGN,RIGHT ANGLE,WALLENSTSADAMSST,,2022-06-06 16:59:00
1920,BLOOMINGTON PD,BLOOMINGTON,2,,0,0,0,,,,E STRATUM WAY,E STRATUM WAY,,0.0,,39.15635122,-86.49437374,LOCAL/CITY ROAD,,URBAN,N,N,N,,DARK (LIGHTED),CLEAR,DRY,,T-INTERSECTION,,ASPHALT,IMPROPER TURNING,LEFT TURN,ESTRATUMWAYESTRATUMWAY,,2022-08-19 23:30:00
1921,BLOOMINGTON PD,BLOOMINGTON,2,,0,0,0,,,,N COLLEGE AVE,W 9TH ST,,106.0,,39.17024605,-86.53483576,LOCAL/CITY ROAD,,URBAN,N,N,N,,DAYLIGHT,CLOUDY,DRY,,NO JUNCTION INVOLVED,,ASPHALT,FAILURE TO YIELD RIGHT OF WAY,SAME DIRECTION SIDESWIPE,W9THSTNCOLLEGEAVE,,2022-06-24 18:08:00
1922,BLOOMINGTON PD,BLOOMINGTON,2,,1,0,0,,,,E 7TH ST,N LINCOLN ST,,0.0,,39.16853812,-86.53104848,LOCAL/CITY ROAD,,URBAN,N,N,N,,DAYLIGHT,CLOUDY,DRY,,FOUR-WAY INTERSECTION,,ASPHALT,FAILURE TO YIELD RIGHT OF WAY,RIGHT ANGLE,NLINCOLNSTE7THST,,2022-06-24 14:51:00
1923,INDIANA UNIV BLOOMINGTON PD,BLOOMINGTON,2,,0,0,0,,,,E 17TH ST,N INDIANA AVE,,0.0,,39.17900135,-86.52705378,LOCAL/CITY ROAD,,URBAN,N,N,N,,DAYLIGHT,CLEAR,DRY,,T-INTERSECTION,,ASPHALT,FAILURE TO YIELD RIGHT OF WAY,RIGHT ANGLE,NINDIANAAVEE17THST,,2022-09-25 13:30:00
1924,MONROE SD,BLOOMINGTON,1,,0,0,0,,,,N MT TABOR RD,W ALFRED LN,,0.0,,39.289128,-86.625377,LOCAL/CITY ROAD,,RURAL,N,N,N,,DAYLIGHT,CLEAR,DRY,,NO JUNCTION INVOLVED,,ASPHALT,DRIVER ASLEEP OR FATIGUED,RAN OFF ROAD,WALFREDLNNMTTABORRD,,2022-06-02 12:16:00
1925,MONROE SD,BLOOMINGTON,1,,0,0,1,,,,S KIRBY RD,S FIELDSTONE BLVD,,0.0,,39.15809074,-86.61045701,COUNTY ROAD,,RURAL,N,N,N,,DARK (NOT LIGHTED),CLEAR,DRY,,T-INTERSECTION,,ASPHALT,ANIMAL/OBJECT IN ROADWAY,COLLISION WITH DEER,SKIRBYRDSFIELDSTONEBLVD,,2022-08-07 03:39:00
1926,BLOOMINGTON PD,BLOOMINGTON,1,,1,0,0,,,,SB ON-RAMP I-69,W STATE ROAD 45/46 BYPASS,,0.0,,39.1848141,-86.55744667,INTERSTATE,,URBAN,N,Y,N,,DAYLIGHT,CLEAR,DRY,,RAMP,,ASPHALT,OVERCORRECTING/OVERSTEERING,RAN OFF ROAD,WSTATEROAD45/46BYPASSSBON-RAMPI-69,,2022-08-24 19:41:00
1927,INDIANA UNIV BLOOMINGTON PD,BLOOMINGTON,2,,0,0,0,,,,E UNIVERSITY RD,,,0.0,,39.17666321,-86.51848192,PRIVATE DRIVE,,URBAN,N,N,N,,DAYLIGHT,CLEAR,DRY,,NO JUNCTION INVOLVED,,ASPHALT,UNSAFE BACKING,BACKING CRASH,EUNIVERSITYRD,,2022-09-30 17:45:00
1928,BLOOMINGTON PD,BLOOMINGTON,3,,0,0,0,,,,E RHORER RD,S SARE RD,,0.0,,39.12148533,-86.51167803,LOCAL/CITY ROAD,,URBAN,N,N,N,,DAYLIGHT,CLEAR,DRY,,T-INTERSECTION,,ASPHALT,FOLLOWING TOO CLOSELY,REAR END,SSARERDERHORERRD,,2022-06-24 16:36:00
1929,BLOOMINGTON PD,BLOOMINGTON,2,,0,0,0,,,,N WASHINGTON ST,E 10TH ST,,0.0,,39.17164131,-86.53231598,LOCAL/CITY ROAD,,URBAN,N,N,N,,DARK (LIGHTED),RAIN,WET,,FOUR-WAY INTERSECTION,,ASPHALT,FAILURE TO YIELD RIGHT OF WAY,RIGHT ANGLE,NWASHINGTONSTE10THST,,2022-09-10 21:53:00
1930,BLOOMINGTON PD,BLOOMINGTON,2,,0,0,0,,,,S WASHINGTON ST,E DIXIE ST,,0.0,,39.15648664,-86.53244649,LOCAL/CITY ROAD,,URBAN,N,N,N,,DAYLIGHT,CLEAR,DRY,,FOUR-WAY INTERSECTION,,ASPHALT,FAILURE TO YIELD RIGHT OF WAY,RIGHT ANGLE,SWASHINGTONSTEDIXIEST,,2022-06-04 18:17:00
1931,BLOOMINGTON PD,BLOOMINGTON,2,,0,0,0,,,,S LIBERTY DR,W 3RD ST,,0.0,,39.16460386,-86.5791394,LOCAL/CITY ROAD,,URBAN,N,N,N,,DAYLIGHT,CLEAR,DRY,,FOUR-WAY INTERSECTION,,ASPHALT,DISREGARD SIGNAL/REG SIGN,LEFT TURN,W3RDSTSLIBERTYDR,,2022-06-20 16:20:00
1932,MONROE SD,,2,,0,0,0,1285,,,S LIBERTY DR BLOOMINGTON IN,,,0.0,,39.1589058,-86.57515596,PRIVATE DRIVE,,URBAN,N,N,N,,DAYLIGHT,CLOUDY,DRY,,NO JUNCTION INVOLVED,,ASPHALT,UNSAFE BACKING,RIGHT ANGLE,SLIBERTYDRBLOOMINGTONIN,,2022-08-17 12:49:00
1933,BLOOMINGTON PD,BLOOMINGTON,2,,0,0,0,,,,E 12TH ST,N DUNN ST,,317.0,,39.17438498,-86.52901516,LOCAL/CITY ROAD,,URBAN,N,N,N,,UNKNOWN,CLEAR,DRY,,NO JUNCTION INVOLVED,,ASPHALT,OTHER (VEHICLE) - EXPLAIN IN NARRATIVE,OTHER - EXPLAIN IN NARRATIVE,NDUNNSTE12THST,,2022-08-06 13:00:00
1934,INDIANA UNIV BLOOMINGTON PD,BLOOMINGTON,2,,0,0,0,,,,E 10TH ST,,,0.0,,39.17182239,-86.51257376,PRIVATE DRIVE,,URBAN,N,N,N,,DARK (NOT LIGHTED),CLEAR,DRY,,NO JUNCTION INVOLVED,,ASPHALT,OTHER (VEHICLE) - EXPLAIN IN NARRATIVE,OTHER - EXPLAIN IN NARRATIVE,E10THST,,2022-08-14 18:00:00
1935,ISP BLOOMINGTON 33,BLOOMINGTON,1,,1,0,0,,,,I-69,,,1478.0,,39.3361344,-86.51086507,INTERSTATE,,RURAL,N,Y,N,,DAYLIGHT,CLEAR,DRY,,NO JUNCTION INVOLVED,,CONCRETE,DRIVER ILLNESS,RAN OFF ROAD,I-69,,2022-08-23 13:30:00
1936,BLOOMINGTON PD,BLOOMINGTON,2,,2,0,0,,,,2300 SOUTH WALNUT STREET,,,0.0,,39.13976331,-86.53069494,LOCAL/CITY ROAD,,URBAN,Y,N,N,,DAYLIGHT,CLEAR,DRY,,T-INTERSECTION,,ASPHALT,FAILURE TO YIELD RIGHT OF WAY,RIGHT ANGLE,2300SOUTHWALNUTSTREET,,2022-06-17 06:14:00
1937,MONROE SD,BLOOMINGTON,2,,0,0,0,,,,STATE RD 46,N STINESVILLE RD,,0.0,,39.26736574,-86.66644396,STATE ROAD,,RURAL,N,N,N,,DAYLIGHT,RAIN,WET,,T-INTERSECTION,,ASPHALT,FAILURE TO YIELD RIGHT OF WAY,RIGHT ANGLE,STATERD46NSTINESVILLERD,,2022-06-17 10:10:00
1938,BLOOMINGTON PD,BLOOMINGTON,2,,0,0,0,,,,878 E. MILLER DRIVE,,,0.0,,39.14591227,-86.52206444,PRIVATE DRIVE,,URBAN,N,N,N,,DAYLIGHT,CLEAR,DRY,,NO JUNCTION INVOLVED,,ASPHALT,UNSAFE BACKING,BACKING CRASH,878E.MILLERDRIVE,,2022-08-27 14:53:00
1939,BLOOMINGTON PD,BLOOMINGTON,1,,1,0,0,,,,S WESTPLEX AVE,,,0.0,,39.16533052,-86.55397306,PRIVATE DRIVE,,URBAN,N,N,N,,DAYLIGHT,CLOUDY,DRY,,NO JUNCTION INVOLVED,,ASPHALT,PEDESTRIAN ACTION,COLLISION WITH OBJECT IN ROAD,SWESTPLEXAVE,,2022-08-04 19:50:00
1940,MONROE SD,BLOOMINGTON,1,,0,0,1,,,,S INTERSTATE 69,,,0.0,,39.08835893,-86.57035508,INTERSTATE,,RURAL,N,N,N,,DAWN/DUSK,CLOUDY,DRY,,NO JUNCTION INVOLVED,,ASPHALT,ANIMAL/OBJECT IN ROADWAY,COLLISION WITH DEER,SINTERSTATE69,,2022-08-15 06:27:00
1941,MONROE SD,BLOOMINGTON,2,,0,0,0,,,,STATE RD 46,N STINESVILLE RD,,0.0,,39.26686772,-86.66574903,STATE ROAD,,RURAL,N,N,N,,DARK (NOT LIGHTED),CLEAR,DRY,,T-INTERSECTION,,ASPHALT,FAILURE TO YIELD RIGHT OF WAY,RIGHT ANGLE,STATERD46NSTINESVILLERD,,2022-08-13 20:48:00
1942,INDIANA UNIV BLOOMINGTON PD,BLOOMINGTON,2,,0,0,0,,,,N INDIANA AVE,E 10TH ST,,0.0,,39.17162402,-86.52695722,LOCAL/CITY ROAD,,URBAN,N,N,N,,DAYLIGHT,CLEAR,DRY,,FOUR-WAY INTERSECTION,,ASPHALT,FAILURE TO YIELD RIGHT OF WAY,REAR END,NINDIANAAVEE10THST,,2022-07-13 10:18:00
1943,INDIANA UNIV BLOOMINGTON PD,BLOOMINGTON,2,,1,0,0,,,,17TH,DAVID BAKER AVE,,0.0,,39.17887625,-86.51100601,LOCAL/CITY ROAD,,URBAN,N,N,N,,DARK (LIGHTED),CLEAR,DRY,,T-INTERSECTION,,ASPHALT,FAILURE TO YIELD RIGHT OF WAY,RIGHT ANGLE,DAVIDBAKERAVE17TH,,2022-08-22 20:05:00
1944,ISP BLOOMINGTON 33,BLOOMINGTON,3,,1,0,0,,,,STATE RD 46,E 3RD ST,,0.0,,39.16471875,-86.49849481,STATE ROAD,,URBAN,N,N,Y,LANE CLOSURE,DAYLIGHT,CLOUDY,DRY,,FOUR-WAY INTERSECTION,,CONCRETE,UNSAFE SPEED,REAR END,STATERD46E3RDST,,2022-06-07 00:00:00
1945,BLOOMINGTON PD,BLOOMINGTON,2,,0,0,0,,,,S. WALNUT ST,E. WYLIE ST,,0.0,,39.158367,-86.533661,LOCAL/CITY ROAD,,URBAN,N,N,N,,DAYLIGHT,CLEAR,DRY,,NO JUNCTION INVOLVED,,ASPHALT,UNSAFE BACKING,BACKING CRASH,S.WALNUTSTE.WYLIEST,,2022-06-06 09:09:00
1946,BLOOMINGTON PD,BLOOMINGTON,1,,1,0,0,,,,S WESTPLEX AVE,W 3RD ST,,0.0,,39.16590543,-86.55433063,LOCAL/CITY ROAD,,URBAN,N,N,N,,DARK (NOT LIGHTED),RAIN,WET,,NO JUNCTION INVOLVED,,ASPHALT,OTHER (DRIVER) - EXPLAIN IN NARRATIVE,OTHER - EXPLAIN IN NARRATIVE,W3RDSTSWESTPLEXAVE,,2022-08-14 07:06:00
1947,BLOOMINGTON PD,BLOOMINGTON,2,,0,0,0,,,,E UNIVERSITY ST,S WOODLAWN AVE,,0.0,,39.16031672,-86.52272781,LOCAL/CITY ROAD,,URBAN,N,N,N,,DARK (NOT LIGHTED),CLEAR,DRY,,T-INTERSECTION,,ASPHALT,FAILURE TO MAINTAIN LANE,SAME DIRECTION SIDESWIPE,SWOODLAWNAVEEUNIVERSITYST,,2022-08-13 23:30:00
1948,BLOOMINGTON PD,BLOOMINGTON,2,,0,0,0,,,,901 W. MORAVEC WAY,DIAMOND ST,,1000.0,,39.172283,-86.543456,LOCAL/CITY ROAD,,URBAN,N,N,N,,DAYLIGHT,CLEAR,DRY,,NO JUNCTION INVOLVED,,ASPHALT,UNSAFE BACKING,BACKING CRASH,DIAMONDST901W.MORAVECWAY,,2022-09-21 08:47:00
1949,INDIANA UNIV BLOOMINGTON PD,BLOOMINGTON,2,,1,0,0,,,,STATE RD 45,E 17TH ST,,0.0,,39.17970462,-86.50724575,STATE ROAD,,URBAN,N,N,N,,DAYLIGHT,RAIN,WET,,T-INTERSECTION,,ASPHALT,SPEED TOO FAST FOR WEATHER CONDITIONS,REAR END,STATERD45E17THST,,2022-06-06 17:00:00
1950,MONROE SD,BLOOMINGTON,2,,0,0,0,,,,STATE RD 46,W ARLINGTON ROAD,,0.0,,39.2076981,-86.57966917,STATE ROAD,,URBAN,N,N,N,,DAYLIGHT,RAIN,WET,,T-INTERSECTION,,ASPHALT,FOLLOWING TOO CLOSELY,REAR END,WARLINGTONROADSTATERD46,,2022-07-07 15:44:00
1951,ELLETTSVILLE PD,ELLETTSVILLE,1,,0,0,1,,,,N HARTSTRAIT RD,,,0.0,,39.21365811,-86.61131201,COUNTY ROAD,,URBAN,N,N,N,,DAYLIGHT,CLEAR,DRY,,T-INTERSECTION,,ASPHALT,ANIMAL/OBJECT IN ROADWAY,COLLISION WITH DEER,NHARTSTRAITRD,,2022-09-27 07:29:00
1952,BLOOMINGTON PD,BLOOMINGTON,2,,0,0,0,,,,S WALNUT ST,E HILLSIDE DR,,0.0,,39.15050099,-86.53365153,LOCAL/CITY ROAD,,URBAN,N,N,N,,DAYLIGHT,CLEAR,DRY,,FOUR-WAY INTERSECTION,,ASPHALT,FAILURE TO YIELD RIGHT OF WAY,RIGHT ANGLE,SWALNUTSTEHILLSIDEDR,,2022-06-23 08:49:00
1953,BLOOMINGTON PD,,2,,0,0,0,,103,M,STATE RD 46,,,0.0,,39.18714019,-86.55801005,INTERSTATE,,URBAN,N,N,N,,DAYLIGHT,CLEAR,DRY,,RAMP,,ASPHALT,OVERCORRECTING/OVERSTEERING,SAME DIRECTION SIDESWIPE,STATERD46103M,,2022-07-31 16:03:00
1954,INDIANA UNIV BLOOMINGTON PD,BLOOMINGTON,2,,0,0,0,,,,E UNIVERSITY RD,,,0.0,,39.17664877,-86.51847556,PRIVATE DRIVE,,URBAN,N,N,N,,DAYLIGHT,CLEAR,DRY,,NO JUNCTION INVOLVED,,ASPHALT,UNSAFE BACKING,BACKING CRASH,EUNIVERSITYRD,,2022-08-20 14:20:00
1955,BLOOMINGTON PD,BLOOMINGTON,2,,0,0,0,,,,S CORY LN,W 3RD ST,,0.0,,39.16440673,-86.5601129,LOCAL/CITY ROAD,,URBAN,N,N,N,,DAYLIGHT,CLEAR,DRY,,INTERCHANGE,,ASPHALT,FAILURE TO YIELD RIGHT OF WAY,RIGHT ANGLE,W3RDSTSCORYLN,,2022-07-28 16:56:00
1956,INDIANA UNIV BLOOMINGTON PD,BLOOMINGTON,2,,1,0,0,,,,E 17TH ST,STATE RD 45,,0.0,,39.17973478,-86.50732613,STATE ROAD,,URBAN,N,N,N,,DAWN/DUSK,CLEAR,DRY,,T-INTERSECTION,,ASPHALT,FAILURE TO YIELD RIGHT OF WAY,LEFT TURN,STATERD45E17THST,,2022-09-14 18:30:00
1957,BLOOMINGTON PD,BLOOMINGTON,1,,1,0,0,,,,W BLOOMFIELD RD,W ALLEN ST,,0.0,,39.15615988,-86.56139678,LOCAL/CITY ROAD,,URBAN,N,N,N,,DAYLIGHT,CLEAR,DRY,,T-INTERSECTION,,ASPHALT,ENGINE FAILURE OR DEFECTIVE,RAN OFF ROAD,WBLOOMFIELDRDWALLENST,,2022-06-14 15:03:00
1958,BLOOMINGTON PD,BLOOMINGTON,3,,2,0,0,,,,S ROGERS ST,S ROCKPORT RD,,0.0,,39.14676291,-86.53891145,,,RURAL,N,N,N,,DAYLIGHT,CLEAR,DRY,,NO JUNCTION INVOLVED,,ASPHALT,FOLLOWING TOO CLOSELY,REAR END,SROGERSSTSROCKPORTRD,,2022-07-12 16:20:00
1959,BLOOMINGTON PD,BLOOMINGTON,2,,0,0,0,,,,I69 S RAMP,W SR46,,200.0,,39.1309148,-86.57319368,INTERSTATE,,URBAN,N,N,N,,DAYLIGHT,CLEAR,DRY,,RAMP,,ASPHALT,UNSAFE LANE MOVEMENT,SAME DIRECTION SIDESWIPE,WSR46I69SRAMP,,2022-08-17 09:03:00
1960,INDIANA UNIV BLOOMINGTON PD,BLOOMINGTON,3,,0,0,0,,,,STATE RD 45,,,0.0,,39.17779541,-86.50572485,STATE ROAD,,URBAN,N,Y,N,,DAYLIGHT,CLEAR,DRY,,NO JUNCTION INVOLVED,,ASPHALT,FOLLOWING TOO CLOSELY,REAR END,STATERD45,,2022-07-13 15:00:00
1961,MONROE SD,BLOOMINGTON,1,,0,0,0,3585,,,W SR 45,,,0.0,,39.14160653,-86.57988102,PRIVATE DRIVE,,RURAL,N,N,N,,DARK (LIGHTED),CLEAR,DRY,,NO JUNCTION INVOLVED,,ASPHALT,IMPROPER TURNING,SAME DIRECTION SIDESWIPE,WSR45,,2022-07-22 21:59:00
1962,BLOOMINGTON PD,BLOOMINGTON,1,,0,0,0,,,,W 15TH ST,N ILLINOIS ST,,0.0,,39.17662967,-86.55171595,LOCAL/CITY ROAD,,URBAN,N,N,N,,DAYLIGHT,CLEAR,DRY,,T-INTERSECTION,,ASPHALT,DISREGARD SIGNAL/REG SIGN,RAN OFF ROAD,W15THSTNILLINOISST,,2022-08-05 19:25:00
1963,BLOOMINGTON PD,,2,,0,0,0,,,,E RHORER RD,S WALNUT STREET PIKE,,0.0,,39.12144864,-86.52662436,LOCAL/CITY ROAD,,URBAN,N,N,N,,DAYLIGHT,CLEAR,DRY,,FIVE POINT OR MORE,,ASPHALT,FOLLOWING TOO CLOSELY,REAR END,SWALNUTSTREETPIKEERHORERRD,,2022-07-29 11:35:00
1964,BLOOMINGTON PD,BLOOMINGTON,1,,0,0,0,,,,E 3RD ST,S COLLEGE MALL RD,,0.0,,39.16423502,-86.49825976,LOCAL/CITY ROAD,,URBAN,N,N,N,,DAYLIGHT,CLEAR,DRY,,FOUR-WAY INTERSECTION,,ASPHALT,FAILURE TO YIELD RIGHT OF WAY,RIGHT ANGLE,SCOLLEGEMALLRDE3RDST,,2022-08-24 11:14:00
1965,MONROE SD,BLOOMINGTON,1,,0,0,0,,,,W STATE RD 48,S GARRISON CHAPEL RD,,0.0,,39.16689832,-86.65710499,STATE ROAD,,RURAL,N,N,N,,DAYLIGHT,CLEAR,WET,,NO JUNCTION INVOLVED,,ASPHALT,ROADWAY SURFACE CONDITION,RAN OFF ROAD,WSTATERD48SGARRISONCHAPELRD,,2022-07-26 02:41:00
1966,MONROE SD,BLOOMINGTON,1,,0,0,0,,,,W VERNAL PIKE,N CURRY PIKE,,0.0,,39.17916768,-86.58250041,LOCAL/CITY ROAD,,RURAL,N,N,N,,DAYLIGHT,CLEAR,DRY,,FOUR-WAY INTERSECTION,,ASPHALT,OTHER (ENVIRONMENTAL) - EXPLAIN IN NARR,OTHER - EXPLAIN IN NARRATIVE,WVERNALPIKENCURRYPIKE,,2022-07-25 17:37:00
1967,BLOOMINGTON PD,BLOOMINGTON,1,,1,0,0,,,,E. 3RD ST,S. LINCOLN ST,,0.0,,39.164581,-86.531081,LOCAL/CITY ROAD,,URBAN,N,N,N,,DAYLIGHT,CLOUDY,DRY,,FOUR-WAY INTERSECTION,,ASPHALT,OVERCORRECTING/OVERSTEERING,COLLISION WITH OBJECT IN ROAD,S.LINCOLNSTE.3RDST,,2022-06-07 13:01:00
1968,MONROE SD,BLOOMINGTON,1,,0,0,1,,,,STATE ROAD 37,E INGRAM RD,,5000.0,,38.9918222,-86.5371992,STATE ROAD,,RURAL,N,Y,N,,DARK (NOT LIGHTED),CLEAR,DRY,,NO JUNCTION INVOLVED,,ASPHALT,ANIMAL/OBJECT IN ROADWAY,COLLISION WITH DEER,STATEROAD37EINGRAMRD,,2022-09-10 00:52:00
1969,BLOOMINGTON PD,BLOOMINGTON,3,,0,0,0,,,,W 2ND ST,MAPLE ST,,0.0,,,,LOCAL/CITY ROAD,,URBAN,N,N,N,,DAYLIGHT,CLEAR,DRY,,T-INTERSECTION,,ASPHALT,FOLLOWING TOO CLOSELY,REAR END,W2NDSTMAPLEST,,2022-06-14 07:48:00
1970,BLOOMINGTON PD,BLOOMINGTON,2,,0,0,0,,,,E. ROGERS RD,S. SARE RD,,0.0,,39.1356382,-86.496383,LOCAL/CITY ROAD,,URBAN,N,N,N,,DAYLIGHT,CLEAR,DRY,,TRAFFIC CIRCLE/ROUNDABOUT,,ASPHALT,INSECURE/LEAKY LOAD,OTHER - EXPLAIN IN NARRATIVE,S.SARERDE.ROGERSRD,,2022-09-07 10:03:00
1971,BLOOMINGTON PD,BLOOMINGTON,2,,0,0,0,,,,S SUGAR MAPLE CT,S SUGAR MAPLE PL,,0.0,,39.15643132,-86.58807119,PRIVATE DRIVE,,URBAN,N,N,N,,DAYLIGHT,CLOUDY,DRY,,NO JUNCTION INVOLVED,,ASPHALT,UNSAFE BACKING,RIGHT ANGLE,SSUGARMAPLEPLSSUGARMAPLECT,,2022-08-04 09:00:00
1972,BLOOMINGTON PD,BLOOMINGTON,2,,0,0,0,,,,1616 S. HENDERSON ST,,,0.0,,,,PRIVATE DRIVE,,URBAN,N,N,N,,DAYLIGHT,CLOUDY,DRY,,NO JUNCTION INVOLVED,,ASPHALT,IMPROPER LANE USAGE,HEAD ON BETWEEN TWO MOTOR VEHICLES,1616S.HENDERSONST,,2022-06-13 10:53:00
1973,BLOOMINGTON PD,BLOOMINGTON,2,,0,0,0,,,,W COUNTRY CLUB DR,B-LINE,,0.0,,39.13593377,-86.53488379,LOCAL/CITY ROAD,,URBAN,N,N,N,,DAYLIGHT,CLEAR,DRY,,TRAIL CROSSINGS,,ASPHALT,FOLLOWING TOO CLOSELY,REAR END,WCOUNTRYCLUBDRB-LINE,,2022-09-09 06:26:00
1974,BLOOMINGTON PD,BLOOMINGTON,2,,0,0,0,,,,W 2ND ST,S COLLEGE AVE,,0.0,,39.161366,-86.534943,LOCAL/CITY ROAD,,URBAN,N,N,N,,DAYLIGHT,CLOUDY,WET,,FOUR-WAY INTERSECTION,,ASPHALT,FAILURE TO YIELD RIGHT OF WAY,SAME DIRECTION SIDESWIPE,W2NDSTSCOLLEGEAVE,,2022-09-11 14:51:00
1975,BLOOMINGTON PD,BLOOMINGTON,2,,0,0,0,2850,,,S COLLEGE MALL RD,,,0.0,,39.16041518,-86.49661336,PRIVATE DRIVE,,URBAN,N,N,N,,DAYLIGHT,CLOUDY,DRY,,NO JUNCTION INVOLVED,,ASPHALT,UNDER STEERING/UNDER CORRECTING,OPPOSITE DIRECTION SIDESWIPE,SCOLLEGEMALLRD,,2022-08-09 14:13:00
1976,BLOOMINGTON PD,BLOOMINGTON,2,,1,0,0,,,,STATE RD 45,E 10TH ST,,0.0,,39.17212321,-86.50250209,STATE ROAD,,URBAN,N,N,N,,DAYLIGHT,CLEAR,DRY,,FOUR-WAY INTERSECTION,,ASPHALT,FOLLOWING TOO CLOSELY,REAR END,STATERD45E10THST,,2022-09-25 12:40:00
1977,BLOOMINGTON PD,BLOOMINGTON,2,,2,1,0,,,,STATE RD 46,I-69 ON-RAMP SB,,0.0,,39.18715752,-86.55802793,STATE ROAD,,URBAN,N,N,N,,DAYLIGHT,CLEAR,DRY,,RAMP,,ASPHALT,DISREGARD SIGNAL/REG SIGN,RIGHT ANGLE,STATERD46I-69ON-RAMPSB,,2022-08-06 19:07:00
1978,INDIANA UNIV BLOOMINGTON PD,BLOOMINGTON,2,,0,0,0,,,,E 10TH ST,STATE RD 45,,0.0,,39.17165341,-86.50209647,,,URBAN,N,N,N,,DAYLIGHT,CLEAR,DRY,,FOUR-WAY INTERSECTION,,ASPHALT,FOLLOWING TOO CLOSELY,REAR END,STATERD45E10THST,,2022-06-03 00:00:00