_id,Agency,City,Vehicles Involved,Trailers Involved,Number Injured,Number Dead,Number Deer,House Number,Roadway Interchange,Roadway Ramp,Roadway Id,Intersecting Road,Interchange,Feet From,Direction,Latitude,Longitude,Roadway Class,Hit and Run?,Locality,School Zone?,Rumble Strips?,Construction?,Construction Type,Light Condition,Weather Conditions,Surface Condition,Type of Median,Roadway Junction Type,Road Character,Roadway Surface,Primary Factor,Manner of Collision,Unique Location Id,Traffic Control,DateTime
1979,MONROE SD,BLOOMINGTON,2,,1,0,0,,,,STATE RD 46,STATE RD 46,,0.0,,39.20994667,-86.58269531,STATE ROAD,,URBAN,N,N,N,,DARK (NOT LIGHTED),CLEAR,DRY,,FOUR-WAY INTERSECTION,,ASPHALT,UNSAFE LANE MOVEMENT,REAR END,STATERD46STATERD46,,2022-06-15 22:45:00
1980,BLOOMINGTON PD,BLOOMINGTON,1,,1,0,0,,,,I-69,,,792.0,,39.18564611,-86.5547163,STATE ROAD,,RURAL,N,Y,N,,DARK (LIGHTED),CLEAR,DRY,,RAMP,,CONCRETE,ANIMAL/OBJECT IN ROADWAY,RAN OFF ROAD,I-69120,,2022-09-25 00:00:00
1981,INDIANA UNIV BLOOMINGTON PD,BLOOMINGTON,2,,1,0,0,,,,S EAGLESON AVE,E UNIVERSITY AVE,,0.0,,39.16600534,-86.5164456,LOCAL/CITY ROAD,,URBAN,N,N,N,,DAYLIGHT,CLEAR,DRY,,FOUR-WAY INTERSECTION,,ASPHALT,FAILURE TO YIELD RIGHT OF WAY,RIGHT ANGLE,SEAGLESONAVEEUNIVERSITYAVE,,2022-09-13 17:23:00
1982,BLOOMINGTON PD,BLOOMINGTON,2,,0,0,0,,,,S WALNUT ST,E DAVIS ST,,0.0,,39.15447725,-86.53388805,,,URBAN,N,N,N,,DAYLIGHT,CLOUDY,WET,,NO JUNCTION INVOLVED,,ASPHALT,UNSAFE LANE MOVEMENT,RIGHT ANGLE,SWALNUTSTEDAVISST,,2022-09-10 18:06:00
1983,BLOOMINGTON PD,BLOOMINGTON,2,,0,0,0,2785,,,S WALNUT ST PK,,,0.0,,39.13671681,-86.52883126,PRIVATE DRIVE,,URBAN,N,N,N,,DAYLIGHT,CLEAR,DRY,,NO JUNCTION INVOLVED,,ASPHALT,UNSAFE BACKING,BACKING CRASH,SWALNUTSTPK,,2022-08-14 18:45:00
1984,MONROE SD,BLOOMINGTON,2,,0,0,0,,,,STATE RD 46,W ARLINGTON RD,,0.0,,39.20764343,-86.57986709,STATE ROAD,,URBAN,N,Y,N,,DAYLIGHT,CLEAR,DRY,,FOUR-WAY INTERSECTION,,ASPHALT,FAILURE TO YIELD RIGHT OF WAY,RIGHT ANGLE,WARLINGTONRDSTATERD46,,2022-09-30 09:22:00
1985,BLOOMINGTON PD,BLOOMINGTON,2,,0,0,0,,,,W LILAC LN,,,0.0,,39.12903209,-86.58514853,LOCAL/CITY ROAD,,URBAN,N,N,N,,DAYLIGHT,CLEAR,DRY,,NO JUNCTION INVOLVED,,ASPHALT,IMPROPER LANE USAGE,OPPOSITE DIRECTION SIDESWIPE,WLILACLN,,2022-07-24 15:00:00
1986,BLOOMINGTON PD,BLOOMINGTON,2,,0,0,0,,,,E KIRKWOOD AVE,,,0.0,,39.16628184,-86.53184967,PRIVATE DRIVE,,URBAN,N,N,N,,DAYLIGHT,CLEAR,DRY,,NO JUNCTION INVOLVED,,ASPHALT,UNSAFE BACKING,BACKING CRASH,EKIRKWOODAVE,,2022-07-17 09:00:00
1987,MONROE SD,BLOOMINGTON,2,,0,0,0,,,,STATE RD 46,CENTENNIAL DR,,0.0,,39.20902846,-86.58205636,PRIVATE DRIVE,,URBAN,N,N,N,,DAYLIGHT,CLEAR,DRY,,NO JUNCTION INVOLVED,,ASPHALT,UNSAFE BACKING,BACKING CRASH,STATERD46CENTENNIALDR,,2022-06-18 08:31:00
1988,BLOOMINGTON PD,BLOOMINGTON,2,,0,0,0,,,,N SASSAFRAS DR,W ARLINGTON VALLEY DR,,0.0,,39.18224376,-86.54752172,PRIVATE DRIVE,,URBAN,N,N,N,,DARK (LIGHTED),RAIN,WET,,NO JUNCTION INVOLVED,,ASPHALT,UNSAFE LANE MOVEMENT,SAME DIRECTION SIDESWIPE,WARLINGTONVALLEYDRNSASSAFRASDR,,2022-07-25 00:00:00
1989,MONROE SD,BLOOMINGTON,2,,0,0,0,,,,S ISON RD,W LEONARD SPRINGS RD,,0.0,,39.12233654,-86.60576276,LOCAL/CITY ROAD,,RURAL,N,N,N,,DAYLIGHT,CLEAR,DRY,,FOUR-WAY INTERSECTION,,ASPHALT,FAILURE TO YIELD RIGHT OF WAY,HEAD ON BETWEEN TWO MOTOR VEHICLES,WLEONARDSPRINGSRDSISONRD,,2022-09-17 09:54:00
1990,INDIANA UNIV BLOOMINGTON PD,BLOOMINGTON,2,,0,0,0,,,,N FESS AVE,,,0.0,,39.17275936,-86.52606941,PRIVATE DRIVE,,URBAN,N,N,N,,DAYLIGHT,CLEAR,DRY,,NO JUNCTION INVOLVED,,ASPHALT,UNDER STEERING/UNDER CORRECTING,OPPOSITE DIRECTION SIDESWIPE,NFESSAVE,,2022-06-23 00:00:00
1991,INDIANA UNIV BLOOMINGTON PD,BLOOMINGTON,2,,0,0,0,1320,,,EAST 10TH STREET,,,0.0,,39.17006039,-86.51669001,PRIVATE DRIVE,,URBAN,N,N,N,,DAYLIGHT,CLEAR,DRY,,NO JUNCTION INVOLVED,,ASPHALT,UNSAFE SPEED,BACKING CRASH,EAST10THSTREET,,2022-09-28 14:55:00
1992,ISP BLOOMINGTON 33,BLOOMINGTON,2,,0,0,0,,,,STATE RD 46,W CURRY PIKE,,0.0,,39.1940331,-86.57130984,STATE ROAD,,RURAL,N,N,B,,DAYLIGHT,CLEAR,DRY,,FOUR-WAY INTERSECTION,,ASPHALT,FOLLOWING TOO CLOSELY,REAR END,WCURRYPIKESTATERD46,,2022-06-25 12:45:00
1993,MONROE SD,BLOOMINGTON,2,,0,0,0,4025,,,S OLD STATE ROAD 37,,,0.0,,39.12140255,-86.53009122,PRIVATE DRIVE,,URBAN,N,N,N,,DAYLIGHT,CLEAR,DRY,,NO JUNCTION INVOLVED,,ASPHALT,IMPROPER TURNING,REAR END,SOLDSTATEROAD37,,2022-08-28 11:32:00
1994,BLOOMINGTON PD,BLOOMINGTON,2,,2,0,0,,,,S CORY LN,W 3RD ST,,0.0,,39.16441755,-86.56012633,,,URBAN,N,N,N,,DAYLIGHT,CLEAR,DRY,,FOUR-WAY INTERSECTION,,ASPHALT,DRIVER DISTRACTED - EXPLAIN IN NARRATIVE,REAR END,W3RDSTSCORYLN,,2022-09-25 16:15:00
1995,MONROE SD,BLOOMINGTON,1,,0,0,0,,,,E MOFFETT LN,,,0.0,,39.09969627,-86.50111425,COUNTY ROAD,,RURAL,N,N,N,,DARK (NOT LIGHTED),CLEAR,DRY,,T-INTERSECTION,,ASPHALT,OTHER (DRIVER) - EXPLAIN IN NARRATIVE,RAN OFF ROAD,EMOFFETTLN,,2022-06-04 01:23:00
1996,BLOOMINGTON PD,BLOOMINGTON,2,,0,0,0,,,,1605 S PECAN LN,,,0.0,,39.14699958,-86.57113857,PRIVATE DRIVE,,URBAN,N,N,N,,DAYLIGHT,CLEAR,DRY,,NO JUNCTION INVOLVED,,ASPHALT,FAILURE TO YIELD RIGHT OF WAY,BACKING CRASH,1605SPECANLN,,2022-06-27 17:47:00
1997,BLOOMINGTON PD,BLOOMINGTON,2,,0,0,0,,,,315 S COLLEGE MALL RD,,,0.0,,39.16322342,-86.49776227,PRIVATE DRIVE,,URBAN,N,N,N,,DAYLIGHT,CLOUDY,DRY,,NO JUNCTION INVOLVED,,ASPHALT,UNSAFE BACKING,BACKING CRASH,315SCOLLEGEMALLRD,,2022-06-06 16:18:00
1998,ELLETTSVILLE PD,ELLETTSVILLE,2,,0,0,0,,,,CENTENNIAL DR,W STATE RD 46,,0.0,,39.20996843,-86.58270483,STATE ROAD,,URBAN,N,N,N,,DAYLIGHT,RAIN,WET,,FOUR-WAY INTERSECTION,,ASPHALT,SPEED TOO FAST FOR WEATHER CONDITIONS,REAR END,WSTATERD46CENTENNIALDR,,2022-08-06 14:30:00
1999,INDIANA UNIV BLOOMINGTON PD,BLOOMINGTON,2,,0,0,0,,,,N JORDAN AVE,,,0.0,,39.17642387,-86.51238989,PRIVATE DRIVE,,URBAN,N,N,N,,DAYLIGHT,CLEAR,DRY,,NO JUNCTION INVOLVED,,ASPHALT,IMPROPER TURNING,RIGHT TURN,NJORDANAVE,,2022-08-25 11:54:00
2000,BLOOMINGTON PD,BLOOMINGTON,2,,0,0,0,2300,,,N WALNUT ST,,,0.0,,39.18704169,-86.53370444,PRIVATE DRIVE,,URBAN,N,N,N,,DARK (LIGHTED),CLOUDY,WET,,NO JUNCTION INVOLVED,,ASPHALT,ANIMAL/OBJECT IN ROADWAY,COLLISION WITH OBJECT IN ROAD,NWALNUTST,,2022-07-17 04:29:00
2001,BLOOMINGTON PD,BLOOMINGTON,2,,0,0,0,2385,,,S WINSLOW CT,,,0.0,,39.1381233,-86.5239315,PRIVATE DRIVE,,URBAN,N,N,N,,DAYLIGHT,CLOUDY,DRY,,NO JUNCTION INVOLVED,,ASPHALT,UNSAFE BACKING,BACKING CRASH,SWINSLOWCT,,2022-07-03 19:45:00
2002,INDIANA UNIV BLOOMINGTON PD,BLOOMINGTON,2,,0,0,0,,,,N JORDAN AVE,N JORDAN AVE,,0.0,,39.16720723,-86.51521987,PRIVATE DRIVE,,URBAN,N,N,N,,DAYLIGHT,CLOUDY,DRY,,NO JUNCTION INVOLVED,,ASPHALT,OTHER (DRIVER) - EXPLAIN IN NARRATIVE,REAR END,NJORDANAVENJORDANAVE,,2022-09-06 09:00:00
2003,BLOOMINGTON PD,BLOOMINGTON,2,,0,0,0,,,,S WALNUT ST,W HILLSIDE DR,,0.0,,39.1505448,-86.53369534,LOCAL/CITY ROAD,,URBAN,N,N,N,,DAYLIGHT,CLEAR,DRY,,FOUR-WAY INTERSECTION,,ASPHALT,UNSAFE LANE MOVEMENT,SAME DIRECTION SIDESWIPE,WHILLSIDEDRSWALNUTST,,2022-08-16 11:23:00
2004,BLOOMINGTON PD,BLOOMINGTON,2,,0,0,0,,,,S WALNUT ST,W GRIMES LN,,0.0,,39.15338048,-86.5337444,LOCAL/CITY ROAD,,URBAN,N,N,N,,DAYLIGHT,CLOUDY,DRY,,FIVE POINT OR MORE,,ASPHALT,FOLLOWING TOO CLOSELY,REAR END,WGRIMESLNSWALNUTST,,2022-08-10 10:16:00
2005,ELLETTSVILLE PD,ELLETTSVILLE,1,,0,0,0,,,,E DEPOT RD,STATE RD 46,,300.0,,39.23025706,-86.61779148,STATE ROAD,,URBAN,N,N,N,,DARK (LIGHTED),RAIN,WET,,NO JUNCTION INVOLVED,,ASPHALT,UNSAFE SPEED,RAN OFF ROAD,STATERD46EDEPOTRD,,2022-09-10 21:48:00
2006,ELLETTSVILLE PD,ELLETTSVILLE,2,0.0,0,0,0,,,,SR46W,LAKEVIEW,,50.0,E,39.22105821,-86.60547104,STATE ROAD,N,URBAN,N,N,B,,DAYLIGHT,CLEAR,DRY,,NO JUNCTION INVOLVED,STRAIGHT/LEVEL,ASPHALT,FOLLOWING TOO CLOSELY,REAR END,LAKEVIEWDRSR46W,NONE,2022-08-05 13:25:00
2007,DNR LAW ENFORCEMENT,BLOOMINGTON,1,,2,0,0,,,,N TUNNEL RD,,,0.0,,39.23262176,-86.43306918,LOCAL/CITY ROAD,,RURAL,N,N,N,,DARK (LIGHTED),CLEAR,DRY,,NO JUNCTION INVOLVED,,ASPHALT,UNSAFE SPEED,RAN OFF ROAD,NTUNNELRD,,2022-07-04 00:50:00
2008,MONROE SD,BLOOMINGTON,1,,0,0,1,,,,E RHORER RD,S WALNUT STREET PIKE,,0.0,,39.12150139,-86.52643724,COUNTY ROAD,,RURAL,N,N,N,,DARK (NOT LIGHTED),CLEAR,DRY,,FOUR-WAY INTERSECTION,,ASPHALT,ANIMAL/OBJECT IN ROADWAY,COLLISION WITH DEER,SWALNUTSTREETPIKEERHORERRD,,2022-09-14 22:48:00
2009,BLOOMINGTON PD,BLOOMINGTON,2,,0,0,0,2894,,,E 3RD ST,,,0.0,,39.16245716,-86.49649422,PRIVATE DRIVE,,URBAN,N,N,N,,DAYLIGHT,CLEAR,DRY,,NO JUNCTION INVOLVED,,ASPHALT,UNSAFE BACKING,REAR TO REAR,E3RDST,,2022-06-22 19:37:00
2010,BLOOMINGTON PD,BLOOMINGTON,3,,0,0,0,3275,,,W 3RD ST,,,0.0,,39.16289788,-86.5768729,PRIVATE DRIVE,,URBAN,N,N,N,,DAYLIGHT,CLEAR,DRY,,NO JUNCTION INVOLVED,,ASPHALT,OTHER (DRIVER) - EXPLAIN IN NARRATIVE,OTHER - EXPLAIN IN NARRATIVE,W3RDST,,2022-07-31 16:46:00
2011,MONROE SD,BLOOMINGTON,3,,1,0,0,,,,W STATE RD 46,N CURRY PIKE,,0.0,,39.19365391,-86.57140679,STATE ROAD,,RURAL,N,N,N,,DAYLIGHT,CLEAR,DRY,,NO JUNCTION INVOLVED,,ASPHALT,OTHER (DRIVER) - EXPLAIN IN NARRATIVE,RIGHT TURN,NCURRYPIKEWSTATERD46,,2022-08-27 13:08:00
2012,BLOOMINGTON PD,BLOOMINGTON,2,,0,0,0,,,,E 3RD ST,S SMITH RD,,0.0,,39.1642582,-86.48126073,LOCAL/CITY ROAD,,URBAN,N,N,N,,DAYLIGHT,CLEAR,DRY,,FOUR-WAY INTERSECTION,,ASPHALT,FOLLOWING TOO CLOSELY,REAR END,SSMITHRDE3RDST,,2022-08-10 11:50:00
2013,INDIANA UNIV BLOOMINGTON PD,BLOOMINGTON,1,,0,0,0,,,,NORTH EAGLESON AVENUE,EAST LAW LANE,,0.0,,39.17327366,-86.51549524,LOCAL/CITY ROAD,,URBAN,N,N,N,,DARK (NOT LIGHTED),CLEAR,DRY,,NO JUNCTION INVOLVED,,ASPHALT,OBSTRUCTION NOT MARKED,COLLISION WITH OBJECT IN ROAD,NORTHEAGLESONAVENUEEASTLAWLANE,,2022-09-20 21:35:00
2014,MONROE SD,BLOOMINGTON,1,,1,0,0,,,,N TUNNEL RD,,,0.0,,39.2562861,-86.4145865,LOCAL/CITY ROAD,,RURAL,N,N,N,,DARK (NOT LIGHTED),CLEAR,DRY,,NO JUNCTION INVOLVED,,ASPHALT,OTHER (DRIVER) - EXPLAIN IN NARRATIVE,NON-COLLISION,NTUNNELRD,,2022-07-03 22:42:00
2015,BLOOMINGTON PD,BLOOMINGTON,1,,1,0,0,,,,STATE RD 46,W CASCADE AVE,,1056.0,,39.18678684,-86.54224546,STATE ROAD,,URBAN,N,N,N,,DARK (NOT LIGHTED),CLOUDY,DRY,,NO JUNCTION INVOLVED,,ASPHALT,PEDESTRIAN ACTION,OPPOSITE DIRECTION SIDESWIPE,WCASCADEAVESTATERD46,,2022-08-01 06:02:00
2016,MONROE SD,BLOOMINGTON,2,,1,0,0,,,,S ROGERS ST,BAYWOOD DR,,0.0,,39.117926,-86.53949,LOCAL/CITY ROAD,,RURAL,N,N,N,,DAYLIGHT,CLEAR,DRY,,NO JUNCTION INVOLVED,,ASPHALT,LEFT OF CENTER,OPPOSITE DIRECTION SIDESWIPE,SROGERSSTBAYWOODDR,,2022-06-07 16:34:00
2017,BLOOMINGTON PD,BLOOMINGTON,2,,0,0,0,,,,S CURRY PIKE,W ROLL AVE,,0.0,,39.14784008,-86.58262734,,,URBAN,N,N,N,,DAYLIGHT,CLEAR,DRY,,NO JUNCTION INVOLVED,,ASPHALT,FOLLOWING TOO CLOSELY,REAR END,WROLLAVESCURRYPIKE,,2022-08-15 17:21:00
2018,MONROE SD,BLOOMINGTON,2,,0,0,0,,,,N DANIELS WAY,,,0.0,,39.17200662,-86.59829325,PRIVATE DRIVE,,URBAN,N,N,N,,DARK (LIGHTED),CLEAR,DRY,,NO JUNCTION INVOLVED,,ASPHALT,UNSAFE SPEED,SAME DIRECTION SIDESWIPE,NDANIELSWAY,,2022-09-29 05:20:00
2019,BLOOMINGTON PD,BLOOMINGTON,2,,0,0,0,,,,N GRANT ST,E 10TH ST,,0.0,,39.1714438,-86.52977175,,,URBAN,N,N,N,,DAYLIGHT,CLOUDY,DRY,,NO JUNCTION INVOLVED,,ASPHALT,UNSAFE BACKING,RIGHT ANGLE,NGRANTSTE10THST,,2022-08-25 18:20:00
2020,ISP BLOOMINGTON 33,BLOOMINGTON,2,,0,0,0,,,,S OLD STATE ROAD 37,,,0.0,,39.11339995,-86.53113503,STATE ROAD,,RURAL,N,N,N,,DAYLIGHT,CLEAR,DRY,,NO JUNCTION INVOLVED,,ASPHALT,FAILURE TO YIELD RIGHT OF WAY,REAR END,SOLDSTATEROAD37,,2022-06-11 08:55:00
2021,BLOOMINGTON PD,BLOOMINGTON,1,,0,0,0,,,,E DANIEL ST,E BROOKSTONE CT,,0.0,,39.13853884,-86.4886547,LOCAL/CITY ROAD,,URBAN,N,N,N,,DAYLIGHT,CLEAR,DRY,,NO JUNCTION INVOLVED,,ASPHALT,DRIVER ILLNESS,OTHER - EXPLAIN IN NARRATIVE,EDANIELSTEBROOKSTONECT,,2022-07-12 10:05:00
2022,BLOOMINGTON PD,BLOOMINGTON,2,,0,0,0,,,,E HILLSIDE DR,S WOODLAWN AVE,,0.0,,39.15053017,-86.5226192,LOCAL/CITY ROAD,,URBAN,N,N,N,,DAYLIGHT,CLOUDY,DRY,,FOUR-WAY INTERSECTION,,ASPHALT,FOLLOWING TOO CLOSELY,REAR END,SWOODLAWNAVEEHILLSIDEDR,,2022-08-01 17:26:00
2023,MONROE SD,BLOOMINGTON,1,,0,0,0,,,,W ST RD 48,,,0.0,,39.16841516,-86.67031032,STATE ROAD,,RURAL,N,N,N,,DAWN/DUSK,CLOUDY,WET,,NO JUNCTION INVOLVED,,ASPHALT,SPEED TOO FAST FOR WEATHER CONDITIONS,RAN OFF ROAD,WSTRD48,,2022-09-19 07:22:00
2024,ISP BLOOMINGTON 33,BLOOMINGTON,1,,0,0,0,,,,STATE RD 37,N FOX HOLLOW RD,,898.0,,39.28925733,-86.51901375,INTERSTATE,,RURAL,N,Y,N,,DARK (NOT LIGHTED),CLEAR,DRY,,NO JUNCTION INVOLVED,,CONCRETE,ANIMAL/OBJECT IN ROADWAY,COLLISION WITH OBJECT IN ROAD,STATERD37NFOXHOLLOWRD,,2022-09-12 04:30:00
2025,ELLETTSVILLE PD,ELLETTSVILLE,2,,0,0,0,,,,N SMITH PIKE,W STATE RD 46,,0.0,,39.20989389,-86.58282086,LOCAL/CITY ROAD,,RURAL,N,N,N,,DAYLIGHT,CLEAR,DRY,,NO JUNCTION INVOLVED,,ASPHALT,OTHER (DRIVER) - EXPLAIN IN NARRATIVE,REAR END,WSTATERD46NSMITHPIKE,,2022-07-13 15:07:00
2026,MONROE SD,BLOOMINGTON,1,,0,0,0,,,,S BREEDEN RD,,,0.0,,39.07277907,-86.67371056,,,RURAL,N,N,N,,DAWN/DUSK,CLEAR,DRY,,NO JUNCTION INVOLVED,,ASPHALT,FAILURE TO MAINTAIN LANE,NON-COLLISION,SBREEDENRD,,2022-06-21 05:13:00
2027,BLOOMINGTON PD,BLOOMINGTON,2,,2,0,0,,,,S WALNUT ST,E SOUTH DR,,0.0,,39.14240981,-86.53131755,,,URBAN,N,N,N,,DAYLIGHT,CLEAR,DRY,,NO JUNCTION INVOLVED,,ASPHALT,UNSAFE SPEED,REAR END,SWALNUTSTESOUTHDR,,2022-07-14 15:30:00
2028,BLOOMINGTON PD,BLOOMINGTON,2,,1,0,0,,,,W 3RD ST,S CURRY PIKE,,0.0,,39.16465111,-86.58289727,LOCAL/CITY ROAD,,URBAN,N,N,N,,DAYLIGHT,CLEAR,DRY,,NO JUNCTION INVOLVED,,ASPHALT,OTHER (DRIVER) - EXPLAIN IN NARRATIVE,REAR END,W3RDSTSCURRYPIKE,,2022-07-16 09:33:00
2029,BLOOMINGTON PD,BLOOMINGTON,2,,0,0,0,,,,SOUTH COLLEGE AVE,WEST 3RD STREET,,0.0,,,,,,URBAN,N,N,N,,DAYLIGHT,CLEAR,DRY,,T-INTERSECTION,,ASPHALT,FOLLOWING TOO CLOSELY,REAR END,WEST3RDSTREETSOUTHCOLLEGEAVE,,2022-07-22 19:23:00
2030,BLOOMINGTON PD,BLOOMINGTON,2,,0,0,0,528,,,S COLLEGE AVE,,,0.0,,39.16021965,-86.53557828,PRIVATE DRIVE,,URBAN,N,N,N,,DAYLIGHT,CLEAR,DRY,,NO JUNCTION INVOLVED,,ASPHALT,UNSAFE BACKING,SAME DIRECTION SIDESWIPE,SCOLLEGEAVE,,2022-07-20 21:00:00
2031,ISP BLOOMINGTON 33,BLOOMINGTON,1,,0,0,1,,,,KINSER PIKE,SKYLINE DRIVE,,100.0,,39.19024267,-86.53778508,LOCAL/CITY ROAD,,URBAN,N,N,N,,DAYLIGHT,CLEAR,DRY,,NO JUNCTION INVOLVED,,ASPHALT,ANIMAL/OBJECT IN ROADWAY,COLLISION WITH DEER,SKYLINEDRIVEKINSERPIKE,,2022-06-10 07:15:00
2032,ISP BLOOMINGTON 33,BLOOMINGTON,1,,0,0,0,,,,I69,,,0.0,,39.07100836,-86.61955364,INTERSTATE,,RURAL,N,N,N,,DAYLIGHT,RAIN,WET,,NO JUNCTION INVOLVED,,CONCRETE,,RAN OFF ROAD,I69109.5,,2022-06-17 10:00:00
2033,BLOOMINGTON PD,BLOOMINGTON,1,,0,0,0,,,,W ST RD 45/46 BYPASS,I69 NB ON RAMP,,53.0,,39.18694956,-86.55139573,STATE ROAD,,URBAN,N,N,N,,DAYLIGHT,CLEAR,DRY,,NO JUNCTION INVOLVED,,CONCRETE,OTHER (VEHICLE) - EXPLAIN IN NARRATIVE,OTHER - EXPLAIN IN NARRATIVE,WSTRD45/46BYPASSI69NBONRAMP,,2022-09-14 14:30:00
2034,BLOOMINGTON PD,BLOOMINGTON,1,,0,0,0,,,,I-69 NB,STATE ROAD 45/46 BYPASS,,0.0,,39.18513468,-86.55528135,INTERSTATE,,URBAN,N,N,N,,DAYLIGHT,CLEAR,DRY,,RAMP,,ASPHALT,OVERCORRECTING/OVERSTEERING,RAN OFF ROAD,STATEROAD45/46BYPASSI-69NB,,2022-07-11 17:16:00
2035,BLOOMINGTON PD,BLOOMINGTON,2,,0,0,0,,,,W STATE RD 45,INDUSTRIAL BLVD,,0.0,,39.143608,-86.58030374,STATE ROAD,,URBAN,N,N,N,,DAYLIGHT,CLEAR,DRY,,FOUR-WAY INTERSECTION,,ASPHALT,IMPROPER LANE USAGE,SAME DIRECTION SIDESWIPE,WSTATERD45INDUSTRIALBLVD,,2022-08-15 14:50:00
2036,INDIANA UNIV BLOOMINGTON PD,BLOOMINGTON,2,,0,0,0,,,,E 3RD STREET,N EAGLESON AVE,,0.0,,39.16425423,-86.51603527,LOCAL/CITY ROAD,,URBAN,N,N,N,,DAYLIGHT,CLEAR,DRY,,FOUR-WAY INTERSECTION,,ASPHALT,UNSAFE LANE MOVEMENT,SAME DIRECTION SIDESWIPE,NEAGLESONAVEE3RDSTREET,,2022-06-15 12:40:00
2037,ISP BLOOMINGTON 33,BLOOMINGTON,2,,0,0,0,,,,W 3RD STREET,I69 - 118 - B,,50.0,,39.16449046,-86.57182735,LOCAL/CITY ROAD,,URBAN,N,N,N,,DAYLIGHT,CLEAR,DRY,,NO JUNCTION INVOLVED,,CONCRETE,UNSAFE SPEED,REAR END,W3RDSTREETI69-118-B,,2022-08-12 13:25:00
2038,BLOOMINGTON PD,BLOOMINGTON,2,,0,0,0,1305,,,W 13TH ST,,,0.0,,39.1746162,-86.5502373,PRIVATE DRIVE,,URBAN,N,N,N,,DAYLIGHT,CLEAR,DRY,,NO JUNCTION INVOLVED,,CONCRETE,UNSAFE BACKING,BACKING CRASH,W13THST,,2022-08-03 12:42:00
2039,MONROE SD,BLOOMINGTON,1,,0,0,0,7650,,,W VERNAL PIKE,,,0.0,,39.18155836,-86.63715318,PRIVATE DRIVE,,RURAL,N,N,N,,DARK (NOT LIGHTED),RAIN,WET,,Y-INTERSECTION,,ASPHALT,ROADWAY SURFACE CONDITION,RAN OFF ROAD,WVERNALPIKE,,2022-09-23 23:34:00
2040,BLOOMINGTON PD,BLOOMINGTON,2,,0,0,0,,,,W KIRKWOOD AVE,N ADAMS ST,,0.0,,39.16673032,-86.54958433,LOCAL/CITY ROAD,,URBAN,N,N,N,,DARK (LIGHTED),CLEAR,DRY,,FOUR-WAY INTERSECTION,,ASPHALT,FAILURE TO YIELD RIGHT OF WAY,SAME DIRECTION SIDESWIPE,WKIRKWOODAVENADAMSST,,2022-08-29 21:00:00
2041,ELLETTSVILLE PD,ELLETTSVILLE,2,,2,0,0,,,,N MATHEWS DR,W MCNEELEY ST,,0.0,,39.23806688,-86.62396626,LOCAL/CITY ROAD,,URBAN,N,N,N,,DAYLIGHT,CLEAR,DRY,,NO JUNCTION INVOLVED,,ASPHALT,FAILURE TO YIELD RIGHT OF WAY,RIGHT ANGLE,WMCNEELEYSTNMATHEWSDR,,2022-06-23 19:20:00
2042,BLOOMINGTON PD,BLOOMINGTON,2,,0,0,0,,,,E GRIMES LN,S WALNUT ST,,0.0,,39.15335466,-86.53368286,LOCAL/CITY ROAD,,URBAN,N,N,N,,DAYLIGHT,CLEAR,DRY,,NO JUNCTION INVOLVED,,ASPHALT,FAILURE TO YIELD RIGHT OF WAY,RIGHT ANGLE,SWALNUTSTEGRIMESLN,,2022-08-28 10:57:00
2043,BLOOMINGTON PD,BLOOMINGTON,1,,0,0,0,,,,N MADISON ST,W 17TH ST,,0.0,,39.17880942,-86.53773062,LOCAL/CITY ROAD,,URBAN,N,N,Y,WORK ON SHOULDER,DAYLIGHT,CLEAR,DRY,,FOUR-WAY INTERSECTION,,ASPHALT,ANIMAL/OBJECT IN ROADWAY,COLLISION WITH OBJECT IN ROAD,W17THSTNMADISONST,,2022-07-13 07:30:00
2044,MONROE SD,BLOOMINGTON,2,,0,0,0,,,,N UNION VALLEY RD,N UNION VALLEY RD,,0.0,,39.21518183,-86.59271633,STATE ROAD,,URBAN,N,N,N,,UNKNOWN,RAIN,WET,,FIVE POINT OR MORE,,ASPHALT,OTHER (VEHICLE) - EXPLAIN IN NARRATIVE,REAR END,NUNIONVALLEYRDNUNIONVALLEYRD,,2022-07-26 07:00:00
2045,DNR LAW ENFORCEMENT,BLOOMINGTON,2,,0,0,0,,,,S FAIRFAX RD,,,0.0,,39.01623058,-86.48284312,STATE ROAD,,RURAL,N,N,N,,DAYLIGHT,CLEAR,DRY,,NO JUNCTION INVOLVED,,GRAVEL,OTHER (DRIVER) - EXPLAIN IN NARRATIVE,BACKING CRASH,SFAIRFAXRD,,2022-09-02 19:10:00
2046,INDIANA UNIV BLOOMINGTON PD,BLOOMINGTON,2,,0,0,0,,,,N FEE LN,STATE RD 45,,0.0,,39.18579579,-86.51971526,LOCAL/CITY ROAD,,URBAN,N,N,N,,DAYLIGHT,CLEAR,DRY,,NO JUNCTION INVOLVED,,ASPHALT,DRIVER DISTRACTED - EXPLAIN IN NARRATIVE,REAR END,STATERD45NFEELN,,2022-09-30 14:55:00