_id,Agency,City,Vehicles Involved,Trailers Involved,Number Injured,Number Dead,Number Deer,House Number,Roadway Interchange,Roadway Ramp,Roadway Id,Intersecting Road,Interchange,Feet From,Direction,Latitude,Longitude,Roadway Class,Hit and Run?,Locality,School Zone?,Rumble Strips?,Construction?,Construction Type,Light Condition,Weather Conditions,Surface Condition,Type of Median,Roadway Junction Type,Road Character,Roadway Surface,Primary Factor,Manner of Collision,Unique Location Id,Traffic Control,DateTime
2047,INDIANA UNIV BLOOMINGTON PD,BLOOMINGTON,2,,1,0,0,,,,STATE RD 45,E 17TH ST,,422.0,,39.18029043,-86.50784916,STATE ROAD,,URBAN,N,N,N,,DAYLIGHT,CLEAR,DRY,,NO JUNCTION INVOLVED,,ASPHALT,FOLLOWING TOO CLOSELY,REAR END,STATERD45E17THST,,2022-07-27 14:07:00
2048,MONROE SD,BLOOMINGTON,1,,0,0,0,,,,W DUVALL RD,,,0.0,,39.08558793,-86.59215181,PRIVATE DRIVE,,RURAL,N,N,N,,DAYLIGHT,CLEAR,DRY,,NO JUNCTION INVOLVED,,ASPHALT,UNSAFE BACKING,BACKING CRASH,WDUVALLRD,,2022-09-05 09:10:00
2049,MONROE SD,BLOOMINGTON,1,,0,0,0,,,,W VERNAL PIKE,N THOMAS RD,,0.0,,39.18907778,-86.63013843,COUNTY ROAD,,URBAN,N,N,N,,DAYLIGHT,CLEAR,DRY,,NO JUNCTION INVOLVED,,ASPHALT,OTHER (DRIVER) - EXPLAIN IN NARRATIVE,RAN OFF ROAD,WVERNALPIKENTHOMASRD,,2022-09-12 15:01:00
2050,MONROE SD,BLOOMINGTON,2,,0,0,0,,,,STATE RD 37,SOUTH OLD STATE ROAD 37,,2000.0,,39.08088176,-86.53796555,STATE ROAD,,RURAL,N,N,N,,DAYLIGHT,CLEAR,DRY,,NO JUNCTION INVOLVED,,ASPHALT,TIRE FAILURE OR DEFECTIVE,OTHER - EXPLAIN IN NARRATIVE,STATERD37SOUTHOLDSTATEROAD37,,2022-08-09 16:36:00
2051,BLOOMINGTON PD,BLOOMINGTON,1,,0,0,1,,,,N MONROE ST,STATE RD 46,,0.0,,39.18680028,-86.54716979,,,URBAN,N,N,N,,DARK (NOT LIGHTED),CLEAR,DRY,,FOUR-WAY INTERSECTION,,ASPHALT,ANIMAL/OBJECT IN ROADWAY,COLLISION WITH DEER,STATERD46NMONROEST,,2022-06-18 22:00:00
2052,BLOOMINGTON PD,BLOOMINGTON,1,,0,0,0,,,,N KINSER PIKE,W GOURLEY PIKE,,0.0,,39.1856073,-86.53775043,LOCAL/CITY ROAD,,URBAN,N,N,N,,DARK (LIGHTED),CLEAR,DRY,,T-INTERSECTION,,ASPHALT,OTHER (DRIVER) - EXPLAIN IN NARRATIVE,LEFT TURN,WGOURLEYPIKENKINSERPIKE,,2022-08-10 21:50:00
2053,INDIANA UNIV BLOOMINGTON PD,BLOOMINGTON,2,,0,0,0,,,,E 3RD ST,S WOODLAWN AVE,,0.0,,39.16425423,-86.52257986,LOCAL/CITY ROAD,,URBAN,N,N,N,,DAYLIGHT,CLEAR,DRY,,T-INTERSECTION,,ASPHALT,IMPROPER TURNING,LEFT TURN,SWOODLAWNAVEE3RDST,,2022-08-20 17:15:00
2054,BLOOMINGTON PD,BLOOMINGTON,2,,1,0,0,,,,W 2ND ST,S WALKER ST,,0.0,,39.16140994,-86.54614974,LOCAL/CITY ROAD,,URBAN,N,N,N,,DAYLIGHT,CLEAR,DRY,,FOUR-WAY INTERSECTION,,ASPHALT,FOLLOWING TOO CLOSELY,REAR END,W2NDSTSWALKERST,,2022-08-18 11:26:00
2055,BLOOMINGTON PD,BLOOMINGTON,2,,0,0,0,125,,,S UNION ST,,,0.0,,39.16591504,-86.50942544,LOCAL/CITY ROAD,,URBAN,N,N,N,,DARK (LIGHTED),CLEAR,DRY,,NO JUNCTION INVOLVED,,ASPHALT,FAILURE TO MAINTAIN LANE,BACKING CRASH,SUNIONST,,2022-09-30 04:00:00
2056,BLOOMINGTON PD,BLOOMINGTON,1,,0,0,0,,,,S SMITH RD,E MOORES PIKE,,0.0,,39.15022402,-86.48046387,LOCAL/CITY ROAD,,URBAN,N,N,N,,DAYLIGHT,CLOUDY,DRY,,FOUR-WAY INTERSECTION,,ASPHALT,OTHER (DRIVER) - EXPLAIN IN NARRATIVE,RAN OFF ROAD,SSMITHRDEMOORESPIKE,,2022-07-07 10:02:00
2057,BLOOMINGTON PD,BLOOMINGTON,2,,0,0,0,115,,,S ST RD 46,,,0.0,,39.16444611,-86.49787317,PRIVATE DRIVE,,URBAN,N,N,N,,DAYLIGHT,CLEAR,DRY,,NO JUNCTION INVOLVED,,ASPHALT,UNSAFE BACKING,BACKING CRASH,SSTRD46,,2022-09-16 12:58:00
2058,BLOOMINGTON PD,BLOOMINGTON,3,,0,0,0,,,,STATE RD 46,E EASTGATE LN,,0.0,,39.17065639,-86.50181956,STATE ROAD,,URBAN,N,N,B,,DAYLIGHT,CLEAR,DRY,,NO JUNCTION INVOLVED,,ASPHALT,FOLLOWING TOO CLOSELY,REAR END,STATERD46EEASTGATELN,,2022-06-09 12:50:00
2059,BLOOMINGTON PD,BLOOMINGTON,2,,0,0,0,,,,N. COLLEGE AVE,9TH ST,,200.0,,39.170455,-86.534838,LOCAL/CITY ROAD,,URBAN,N,N,N,,DAYLIGHT,CLOUDY,DRY,,NO JUNCTION INVOLVED,,ASPHALT,UNSAFE LANE MOVEMENT,SAME DIRECTION SIDESWIPE,N.COLLEGEAVE9THST,,2022-09-12 13:09:00
2060,MONROE SD,BLOOMINGTON,2,,0,0,0,,,,STATE RD 46,LOWER BIRDIE GALYAN RD,,0.0,,39.1626939,-86.41335115,STATE ROAD,,RURAL,N,N,N,,DAWN/DUSK,CLEAR,DRY,,T-INTERSECTION,,ASPHALT,IMPROPER TURNING,HEAD ON BETWEEN TWO MOTOR VEHICLES,STATERD46LOWERBIRDIEGALYANRD,,2022-08-08 08:44:00
2061,BLOOMINGTON PD,BLOOMINGTON,2,,0,0,0,,,,E COVENANTER DR,E AUTO MALL RD,,300.0,,39.15520089,-86.49527357,LOCAL/CITY ROAD,,URBAN,N,N,N,,DAYLIGHT,CLEAR,DRY,,NO JUNCTION INVOLVED,,ASPHALT,FAILURE TO YIELD RIGHT OF WAY,RIGHT ANGLE,ECOVENANTERDREAUTOMALLRD,,2022-08-10 11:52:00
2062,BLOOMINGTON PD,BLOOMINGTON,2,,0,0,0,,,,W 3RD ST,ON RAMP TO NB I 69,,0.0,,39.16463131,-86.57232667,STATE ROAD,,URBAN,N,N,N,,DAYLIGHT,CLEAR,DRY,,FOUR-WAY INTERSECTION,,ASPHALT,FOLLOWING TOO CLOSELY,REAR END,W3RDSTONRAMPTONBI69,,2022-08-18 16:30:00
2063,BLOOMINGTON PD,BLOOMINGTON,2,,0,0,0,2966,,,EAST 3RD STREET,,,0.0,,39.16265151,-86.49375863,PRIVATE DRIVE,,URBAN,N,N,N,,DAYLIGHT,CLEAR,DRY,,NO JUNCTION INVOLVED,,ASPHALT,IMPROPER TURNING,LEFT/RIGHT TURN,EAST3RDSTREET,,2022-08-27 17:19:00
2064,MONROE SD,BLOOMINGTON,2,,0,0,0,,,,STATE RD 46,I 69,,0.0,,39.18710758,-86.55595067,,,RURAL,N,N,N,,DAYLIGHT,CLEAR,DRY,,T-INTERSECTION,,ASPHALT,OTHER (ENVIRONMENTAL) - EXPLAIN IN NARR,RIGHT ANGLE,STATERD46I69,,2022-09-23 08:09:00
2065,BLOOMINGTON PD,BLOOMINGTON,2,,0,0,0,,,,E MATTLOCK RD,N MARTHA ST,,0.0,,39.18629801,-86.53162831,STATE ROAD,,URBAN,N,N,N,,DAYLIGHT,CLEAR,DRY,,T-INTERSECTION,,ASPHALT,FOLLOWING TOO CLOSELY,REAR END,NMARTHASTEMATTLOCKRD,,2022-06-09 12:40:00
2066,BLOOMINGTON PD,BLOOMINGTON,2,,0,0,0,,,,W DODDS ST,S COLLEGE AVE,,100.0,,39.15745634,-86.53546615,LOCAL/CITY ROAD,,URBAN,N,N,N,,DAYLIGHT,CLOUDY,DRY,,NO JUNCTION INVOLVED,,ASPHALT,UNSAFE BACKING,BACKING CRASH,WDODDSSTSCOLLEGEAVE,,2022-07-27 12:11:00
2067,BLOOMINGTON PD,BLOOMINGTON,2,,0,0,0,,,,N KINSER PIKE,W 17TH ST,,0.0,,39.17908642,-86.53775596,LOCAL/CITY ROAD,,URBAN,N,N,N,,DAYLIGHT,CLEAR,DRY,,FOUR-WAY INTERSECTION,,ASPHALT,FAILURE TO YIELD RIGHT OF WAY,RIGHT ANGLE,W17THSTNKINSERPIKE,,2022-06-25 19:44:00
2068,BLOOMINGTON PD,BLOOMINGTON,2,,0,0,0,,,,W KIRKWOOD AVE,N ELM ST,,317.0,,39.16666382,-86.54462805,LOCAL/CITY ROAD,,URBAN,N,N,N,,DAYLIGHT,CLEAR,DRY,,NO JUNCTION INVOLVED,,ASPHALT,IMPROPER PASSING,SAME DIRECTION SIDESWIPE,WKIRKWOODAVENELMST,,2022-08-01 14:53:00
2069,BLOOMINGTON PD,BLOOMINGTON,2,,0,0,0,,,,STATE RD 46,EASTGATE LN,,0.0,,39.17027832,-86.5015619,STATE ROAD,,URBAN,N,N,N,,DAYLIGHT,CLEAR,DRY,,NO JUNCTION INVOLVED,,ASPHALT,FOLLOWING TOO CLOSELY,REAR END,STATERD46EASTGATELN,,2022-06-22 16:27:00
2070,BLOOMINGTON PD,BLOOMINGTON,1,,1,0,0,,,,N INDIANA AVE,E 10TH ST,,0.0,,39.17165308,-86.52696819,LOCAL/CITY ROAD,,URBAN,N,N,N,,DAYLIGHT,CLEAR,DRY,,FOUR-WAY INTERSECTION,,ASPHALT,FAILURE TO YIELD RIGHT OF WAY,RIGHT ANGLE,NINDIANAAVEE10THST,,2022-09-26 17:32:00
2071,INDIANA UNIV BLOOMINGTON PD,BLOOMINGTON,1,,0,0,0,,,,N JORDAN AVE,E 10TH ST,,0.0,,39.17094717,-86.51601783,PRIVATE DRIVE,,URBAN,N,N,N,,DAYLIGHT,CLEAR,DRY,,NO JUNCTION INVOLVED,,CONCRETE,OTHER (DRIVER) - EXPLAIN IN NARRATIVE,OTHER - EXPLAIN IN NARRATIVE,NJORDANAVEE10THST,,2022-07-14 10:00:00
2072,BLOOMINGTON PD,BLOOMINGTON,2,,0,0,0,560,,,S PARK RIDGE RD; APT 4103A,,,0.0,,39.16177773,-86.47812991,PRIVATE DRIVE,,URBAN,N,N,N,,DAYLIGHT,CLEAR,DRY,,NO JUNCTION INVOLVED,,ASPHALT,UNSAFE BACKING,REAR TO REAR,SPARKRIDGERD;APT4103A,,2022-06-16 19:16:00
2073,BLOOMINGTON PD,BLOOMINGTON,2,,0,0,0,3140,,,W. WHITEHALL CROSSING BLVD,,,0.0,,39.17235609,-86.57160409,LOCAL/CITY ROAD,,URBAN,N,N,N,,DAYLIGHT,CLEAR,DRY,,NO JUNCTION INVOLVED,,ASPHALT,FAILURE TO YIELD RIGHT OF WAY,RIGHT ANGLE,W.WHITEHALLCROSSINGBLVD,,2022-09-25 15:55:00
2074,ISP BLOOMINGTON 33,BLOOMINGTON,2,,0,0,0,,,,CHURCH LN,OLD SR 37,,0.0,,39.1072374,-86.53183925,PRIVATE DRIVE,,URBAN,N,N,N,,DAYLIGHT,CLEAR,DRY,,NO JUNCTION INVOLVED,,ASPHALT,UNSAFE BACKING,BACKING CRASH,OLDSR37CHURCHLN,,2022-07-13 17:04:00
2075,BLOOMINGTON PD,BLOOMINGTON,2,,2,0,0,,,,W 3RD ST,S OPPORTUNITY LN,,0.0,,39.16456123,-86.56730528,LOCAL/CITY ROAD,,URBAN,N,N,N,,DAYLIGHT,CLEAR,DRY,,T-INTERSECTION,,ASPHALT,FAILURE TO YIELD RIGHT OF WAY,RIGHT ANGLE,W3RDSTSOPPORTUNITYLN,,2022-08-27 12:05:00
2076,MONROE SD,BLOOMINGTON,1,,0,0,1,,,,E. MAIN FORREST ROAD,SERVICE ROAD,,0.0,,39.32379778,-86.41638341,LOCAL/CITY ROAD,,RURAL,N,N,N,,DARK (NOT LIGHTED),CLEAR,DRY,,NO JUNCTION INVOLVED,,ASPHALT,ANIMAL/OBJECT IN ROADWAY,OTHER - EXPLAIN IN NARRATIVE,SERVICEROADE.MAINFORRESTROAD,,2022-06-09 22:09:00
2077,BLOOMINGTON PD,BLOOMINGTON,2,,0,0,0,,,,I-69,,,0.0,,39.18377776,-86.55695147,INTERSTATE,,URBAN,N,N,N,,DARK (NOT LIGHTED),CLEAR,DRY,,RAMP,,ASPHALT,FAILURE TO YIELD RIGHT OF WAY,SAME DIRECTION SIDESWIPE,I-69,,2022-06-22 05:37:00
2078,BLOOMINGTON PD,BLOOMINGTON,1,,1,0,0,,,,W 17TH ST,N WILLIS DR,,0.0,,39.17902375,-86.54408539,COUNTY ROAD,,URBAN,N,N,N,,DAYLIGHT,CLEAR,DRY,,NO JUNCTION INVOLVED,,ASPHALT,FAILURE TO YIELD RIGHT OF WAY,RIGHT ANGLE,W17THSTNWILLISDR,,2022-08-06 17:30:00
2079,BLOOMINGTON PD,BLOOMINGTON,2,,0,0,0,,,,S RENWICK BLVD,E CATHCART ST,,0.0,,39.14944018,-86.50133011,LOCAL/CITY ROAD,,URBAN,N,N,N,,DAYLIGHT,CLEAR,DRY,,FOUR-WAY INTERSECTION,,ASPHALT,FAILURE TO YIELD RIGHT OF WAY,LEFT TURN,SRENWICKBLVDECATHCARTST,,2022-09-21 11:00:00
2080,MONROE SD,BLOOMINGTON,1,,0,0,1,,,,N LOUDEN RD,W HOWARD RD,,0.0,,39.19043669,-86.63956324,LOCAL/CITY ROAD,,RURAL,N,N,N,,DAWN/DUSK,CLEAR,DRY,,NO JUNCTION INVOLVED,,ASPHALT,ANIMAL/OBJECT IN ROADWAY,COLLISION WITH DEER,WHOWARDRDNLOUDENRD,,2022-09-26 07:29:00
2081,MONROE SD,BLOOMINGTON,2,,1,0,0,,,,E DILLMAN RD,S OLD STATE ROAD 37,,0.0,,39.09297036,-86.54406971,,,RURAL,N,N,N,,DARK (NOT LIGHTED),CLEAR,DRY,,FOUR-WAY INTERSECTION,,ASPHALT,DRIVER DISTRACTED - EXPLAIN IN NARRATIVE,RIGHT ANGLE,SOLDSTATEROAD37EDILLMANRD,,2022-09-30 08:40:00
2082,INDIANA UNIV BLOOMINGTON PD,BLOOMINGTON,2,,0,0,0,,,,STATE RD 45,WALKWAY,,0.0,,39.17538412,-86.50426204,STATE ROAD,,URBAN,N,N,N,,DARK (NOT LIGHTED),CLEAR,DRY,,T-INTERSECTION,,ASPHALT,FAILURE TO YIELD RIGHT OF WAY,RIGHT TURN,WALKWAYSTATERD45,,2022-07-31 21:50:00
2083,DNR LAW ENFORCEMENT,BLOOMINGTON,1,,0,0,1,,,,STATE RD 446,,,0.0,,39.12788955,-86.44354277,STATE ROAD,,RURAL,N,N,N,,DAYLIGHT,CLOUDY,DRY,,NO JUNCTION INVOLVED,,ASPHALT,ANIMAL/OBJECT IN ROADWAY,RIGHT ANGLE,STATERD446,,2022-06-05 07:45:00
2084,MONROE SD,BLOOMINGTON,1,,0,0,0,,,,S MARKET PL,,,0.0,,39.13328058,-86.58177488,PRIVATE DRIVE,,RURAL,N,N,N,,DARK (LIGHTED),RAIN,WET,,NO JUNCTION INVOLVED,,ASPHALT,OTHER (DRIVER) - EXPLAIN IN NARRATIVE,OTHER - EXPLAIN IN NARRATIVE,SMARKETPL,,2022-09-05 21:43:00
2085,MONROE SD,BLOOMINGTON,2,,1,0,0,,,,STATE ROAD 37,S VICTOR PIKE,,0.0,,39.10570861,-86.5513163,STATE ROAD,,RURAL,N,N,N,,DAYLIGHT,CLEAR,DRY,,FOUR-WAY INTERSECTION,,ASPHALT,FAILURE TO YIELD RIGHT OF WAY,RIGHT ANGLE,STATEROAD37SVICTORPIKE,,2022-09-27 11:13:00
2086,MONROE SD,BLOOMINGTON,2,,1,0,0,,,,W SR 46,N CURRY,,500.0,,39.193728,-86.571154,STATE ROAD,,RURAL,N,Y,N,,DAYLIGHT,CLEAR,DRY,,NO JUNCTION INVOLVED,,ASPHALT,FOLLOWING TOO CLOSELY,REAR END,WSR46NCURRY,,2022-09-10 12:34:00
2087,BLOOMINGTON PD,BLOOMINGTON,2,,0,0,0,,,,N. WALNUT ST,E. 6TH ST,,200.0,,39.167549,-86.533613,LOCAL/CITY ROAD,,URBAN,N,N,N,,DAYLIGHT,CLOUDY,DRY,,NO JUNCTION INVOLVED,,ASPHALT,UNSAFE LANE MOVEMENT,SAME DIRECTION SIDESWIPE,N.WALNUTSTE.6THST,,2022-06-01 09:54:00
2088,BLOOMINGTON PD,BLOOMINGTON,3,,2,0,0,,,,N GATES DR,W JACOB DR,,0.0,,39.16570518,-86.57599296,LOCAL/CITY ROAD,,URBAN,N,N,N,,DAYLIGHT,CLEAR,DRY,,Y-INTERSECTION,,ASPHALT,FAILURE TO YIELD RIGHT OF WAY,OPPOSITE DIRECTION SIDESWIPE,WJACOBDRNGATESDR,,2022-08-05 11:52:00
2089,BLOOMINGTON PD,BLOOMINGTON,1,,0,0,0,,,,SARE RD,CATHCART ST,,300.0,,39.1488577,-86.4990292,LOCAL/CITY ROAD,,URBAN,N,N,N,,DARK (LIGHTED),CLEAR,DRY,,NO JUNCTION INVOLVED,,ASPHALT,DRIVER DISTRACTED - EXPLAIN IN NARRATIVE,RAN OFF ROAD,SARERDCATHCARTST,,2022-09-09 06:50:00
2090,BLOOMINGTON PD,BLOOMINGTON,2,,0,0,0,,,,S. WALNUT ST,E. WYLIE ST,,0.0,,39.158367,-86.533661,LOCAL/CITY ROAD,,URBAN,N,N,N,,DAYLIGHT,CLEAR,DRY,,NO JUNCTION INVOLVED,,ASPHALT,UNSAFE LANE MOVEMENT,SAME DIRECTION SIDESWIPE,S.WALNUTSTE.WYLIEST,,2022-09-29 11:23:00
2091,MONROE SD,BLOOMINGTON,2,,0,0,0,750,,,N DANIELS WAY,,,0.0,,39.17198282,-86.59829301,PRIVATE DRIVE,,RURAL,N,N,N,,DAYLIGHT,RAIN,WET,,NO JUNCTION INVOLVED,,ASPHALT,FOLLOWING TOO CLOSELY,REAR END,NDANIELSWAY,,2022-06-08 16:04:00
2092,BLOOMINGTON PD,BLOOMINGTON,1,,0,0,0,,,,E SMITH AVE,S WALNUT ST,,0.0,,39.16286503,-86.53351254,LOCAL/CITY ROAD,,URBAN,N,N,N,,DAYLIGHT,CLOUDY,DRY,,FOUR-WAY INTERSECTION,,ASPHALT,OTHER (DRIVER) - EXPLAIN IN NARRATIVE,RIGHT ANGLE,SWALNUTSTESMITHAVE,,2022-09-05 16:00:00
2093,BLOOMINGTON PD,BLOOMINGTON,1,,1,0,0,,,,N LINCOLN ST,E VARSITY LN,,0.0,,39.18285813,-86.53122193,PRIVATE DRIVE,,URBAN,N,N,N,,DARK (LIGHTED),CLEAR,DRY,,FOUR-WAY INTERSECTION,,ASPHALT,OTHER (DRIVER) - EXPLAIN IN NARRATIVE,COLLISION WITH OBJECT IN ROAD,NLINCOLNSTEVARSITYLN,,2022-09-10 01:15:00
2094,INDIANA UNIV BLOOMINGTON PD,BLOOMINGTON,2,,0,0,0,,,,E 17TH ST,N DUNN ST,,0.0,,39.17900967,-86.5282876,LOCAL/CITY ROAD,,URBAN,N,N,N,,DAYLIGHT,CLEAR,DRY,,FOUR-WAY INTERSECTION,,ASPHALT,UNSAFE LANE MOVEMENT,SAME DIRECTION SIDESWIPE,NDUNNSTE17THST,,2022-09-09 17:13:00
2095,INDIANA UNIV BLOOMINGTON PD,BLOOMINGTON,2,,0,0,0,,,,E 10TH ST,N SUNRISE DR,,0.0,,39.1716053,-86.51101149,LOCAL/CITY ROAD,,URBAN,N,N,N,,DARK (NOT LIGHTED),CLEAR,DRY,,T-INTERSECTION,,ASPHALT,FOLLOWING TOO CLOSELY,REAR END,NSUNRISEDRE10THST,,2022-09-25 21:25:00
2096,BLOOMINGTON PD,BLOOMINGTON,2,,0,0,0,,,,W 10TH ST,N WALNUT ST,,0.0,,39.171653,-86.533578,LOCAL/CITY ROAD,,URBAN,N,N,N,,DARK (LIGHTED),CLEAR,DRY,,FOUR-WAY INTERSECTION,,ASPHALT,OVERCORRECTING/OVERSTEERING,OPPOSITE DIRECTION SIDESWIPE,W10THSTNWALNUTST,,2022-09-09 21:40:00
2097,MONROE SD,BLOOMINGTON,2,,1,0,0,,,,RED ROCK RD,S OMAHA CROSSING DR,,0.0,,39.1299333,-86.58919795,,,RURAL,N,N,N,,DAYLIGHT,CLEAR,DRY,,NO JUNCTION INVOLVED,,ASPHALT,DRIVER DISTRACTED - EXPLAIN IN NARRATIVE,OPPOSITE DIRECTION SIDESWIPE,SOMAHACROSSINGDRREDROCKRD,,2022-07-18 05:14:00
2098,BLOOMINGTON PD,BLOOMINGTON,2,,1,0,0,,,,N COLLEGE AVE,W 8TH ST,,0.0,,39.16951147,-86.53483967,LOCAL/CITY ROAD,,URBAN,N,N,N,,DAYLIGHT,CLEAR,DRY,,FOUR-WAY INTERSECTION,,ASPHALT,IMPROPER TURNING,LEFT TURN,W8THSTNCOLLEGEAVE,,2022-09-09 11:09:00
2099,MONROE SD,BLOOMINGTON,2,,0,0,0,,,,W VERNAL PIKE,ENTERPRISE DR,,0.0,,39.17918874,-86.56799125,LOCAL/CITY ROAD,,RURAL,N,N,N,,DARK (NOT LIGHTED),CLEAR,DRY,,T-INTERSECTION,,ASPHALT,FAILURE TO YIELD RIGHT OF WAY,HEAD ON BETWEEN TWO MOTOR VEHICLES,WVERNALPIKEENTERPRISEDR,,2022-09-26 06:32:00
2100,BLOOMINGTON PD,BLOOMINGTON,2,,0,0,0,,,,S WALNUT ST,E SOUTH DRIVE,,0.0,,39.14010361,-86.53068415,LOCAL/CITY ROAD,,URBAN,Y,N,N,,DAYLIGHT,CLOUDY,DRY,,NO JUNCTION INVOLVED,,ASPHALT,OTHER (VEHICLE) - EXPLAIN IN NARRATIVE,OTHER - EXPLAIN IN NARRATIVE,SWALNUTSTESOUTHDRIVE,,2022-08-21 02:25:00
2101,INDIANA UNIV BLOOMINGTON PD,BLOOMINGTON,1,,0,0,0,,,,E 10TH ST,E 10TH ST,,264.0,,39.17106673,-86.50214142,STATE ROAD,,URBAN,N,N,N,,DAYLIGHT,CLOUDY,WET,,RAILROAD CROSSINGS,,ASPHALT,ROADWAY SURFACE CONDITION,RAN OFF ROAD,E10THSTE10THST,,2022-08-09 11:30:00
2102,BLOOMINGTON PD,BLOOMINGTON,1,,0,0,0,,,,E COVENANTER DR,S COLLEGE MALL RD,,0.0,,39.15516107,-86.49763036,LOCAL/CITY ROAD,,URBAN,N,N,N,,DAYLIGHT,CLEAR,DRY,,FOUR-WAY INTERSECTION,,ASPHALT,FAILURE TO MAINTAIN LANE,RAN OFF ROAD,SCOLLEGEMALLRDECOVENANTERDR,,2022-07-04 16:40:00
2103,MONROE SD,BLOOMINGTON,2,,0,0,0,,,,S FAIRFAX RD,E SCHACHT RD,,0.0,,39.10689051,-86.52378857,LOCAL/CITY ROAD,,RURAL,N,N,N,,DAYLIGHT,CLOUDY,DRY,,T-INTERSECTION,,ASPHALT,FOLLOWING TOO CLOSELY,REAR END,SFAIRFAXRDESCHACHTRD,,2022-09-04 12:13:00
2104,BLOOMINGTON PD,BLOOMINGTON,1,,0,0,0,,,,S WALNUT SPRINGS DR,E BURKS DR,,10.0,,39.12654997,-86.52873687,LOCAL/CITY ROAD,,URBAN,N,N,N,,DARK (NOT LIGHTED),CLEAR,DRY,,NO JUNCTION INVOLVED,,ASPHALT,DRIVER DISTRACTED - EXPLAIN IN NARRATIVE,RAN OFF ROAD,SWALNUTSPRINGSDREBURKSDR,,2022-09-27 03:00:00
2105,ELLETTSVILLE PD,ELLETTSVILLE,2,,0,0,0,,,,W STATE RD 46,N DEER PARK DR,,0.0,,39.21253964,-86.58833009,STATE ROAD,,RURAL,N,N,N,,DAYLIGHT,CLEAR,DRY,,NO JUNCTION INVOLVED,,ASPHALT,UNSAFE LANE MOVEMENT,SAME DIRECTION SIDESWIPE,WSTATERD46NDEERPARKDR,,2022-08-11 15:21:00
2106,BLOOMINGTON PD,BLOOMINGTON,2,,1,0,0,,,,N KINSER PK,ST RD 45/46,,0.0,,,,STATE ROAD,,URBAN,N,N,N,,DAYLIGHT,CLEAR,DRY,,FOUR-WAY INTERSECTION,,ASPHALT,DISREGARD SIGNAL/REG SIGN,RIGHT ANGLE,STRD45/46NKINSERPK,,2022-07-13 16:43:00
2107,BLOOMINGTON PD,BLOOMINGTON,2,,0,0,0,,,,S INDIANA AVE,E 4TH ST,,0.0,,39.16561388,-86.52692102,LOCAL/CITY ROAD,,URBAN,N,N,N,,DAWN/DUSK,CLEAR,DRY,,T-INTERSECTION,,ASPHALT,UNSAFE BACKING,BACKING CRASH,SINDIANAAVEE4THST,,2022-09-06 19:39:00
2108,BLOOMINGTON PD,BLOOMINGTON,2,,0,0,0,,,,N WALNUT ST,W 17TH ST,,0.0,,39.17900951,-86.53350291,LOCAL/CITY ROAD,,URBAN,N,N,N,,DAYLIGHT,CLOUDY,DRY,,FOUR-WAY INTERSECTION,,ASPHALT,DISREGARD SIGNAL/REG SIGN,RIGHT TURN,W17THSTNWALNUTST,,2022-09-07 12:34:00
2109,BLOOMINGTON PD,BLOOMINGTON,2,,5,0,0,,,,W TAPP RD,S ADAMS ST,,100.0,,39.13656487,-86.55645079,LOCAL/CITY ROAD,,URBAN,N,N,N,,DARK (NOT LIGHTED),CLEAR,DRY,,NO JUNCTION INVOLVED,,ASPHALT,FOLLOWING TOO CLOSELY,REAR END,WTAPPRDSADAMSST,,2022-09-02 01:16:00
2110,BLOOMINGTON PD,BLOOMINGTON,1,,0,0,0,,,,E HILLSIDE DR,S WALNUT ST,,0.0,,39.15052462,-86.53366274,LOCAL/CITY ROAD,,URBAN,N,N,N,,DAYLIGHT,CLEAR,DRY,,FOUR-WAY INTERSECTION,,ASPHALT,FAILURE TO YIELD RIGHT OF WAY,RIGHT ANGLE,SWALNUTSTEHILLSIDEDR,,2022-08-30 05:38:00
2111,BLOOMINGTON PD,BLOOMINGTON,2,,0,0,0,155,,,E BURKS DR,,,0.0,,39.12708589,-86.53036241,PRIVATE DRIVE,,URBAN,N,N,N,,DAYLIGHT,RAIN,WET,,NO JUNCTION INVOLVED,,ASPHALT,UNSAFE BACKING,BACKING CRASH,EBURKSDR,,2022-08-04 13:31:00
2112,BLOOMINGTON PD,BLOOMINGTON,2,,0,0,0,1705,,,N KINSER PIKE,,,0.0,,39.18546466,-86.5380577,PRIVATE DRIVE,,URBAN,N,N,N,,DAYLIGHT,CLEAR,DRY,,NO JUNCTION INVOLVED,,ASPHALT,UNSAFE BACKING,REAR END,NKINSERPIKE,,2022-09-14 17:19:00
2113,BLOOMINGTON PD,BLOOMINGTON,2,,0,0,0,,,,S LINCOLN ST,E 1ST ST,,0.0,,39.15962892,-86.53126839,PRIVATE DRIVE,,URBAN,N,N,N,,DARK (NOT LIGHTED),CLEAR,DRY,,NO JUNCTION INVOLVED,,ASPHALT,UNSAFE LANE MOVEMENT,BACKING CRASH,SLINCOLNSTE1STST,,2022-08-20 02:00:00